turn,speaker,sentence,transcript,label_getting_students_to_relate,label_keeping_everyone_together,label_not_a_talk_move,label_press_for_accuracy,label_press_for_reasoning,label_restating,label_revoicing
1,T,My names Ms Villarin I dont know if Ms Ferrant told you about me but I planned with Ms Ferrant last Friday  and I also have a seventh eighth grade math class,7th grade math.xlsx,False,False,True,False,False,False,False
1,T,So today her and I will be teaching a lesson together again my names Ms Villarin and thatll be on the board,7th grade math.xlsx,False,False,True,False,False,False,False
1,T,So you can treat me the way you treat her if you ask questions and you have something that you dont understand you can ask me,7th grade math.xlsx,False,False,True,False,False,False,False
1,T,Okay,7th grade math.xlsx,False,False,True,False,False,False,False
1,T,So today were going to be doing a really cool lesson,7th grade math.xlsx,False,False,True,False,False,False,False
1,T,We have a lot of people in the classroom I dont want you to be nervous at all,7th grade math.xlsx,False,False,True,False,False,False,False
1,T,If people stand by you its just  cause they want to know what youre thinking,7th grade math.xlsx,False,False,True,False,False,False,False
1,T,Okay,7th grade math.xlsx,False,False,True,False,False,False,False
1,T,All theyre doing is listening to what youre thinking and looking at what youre recording,7th grade math.xlsx,False,False,True,False,False,False,False
1,T,Okay,7th grade math.xlsx,False,False,True,False,False,False,False
1,T,So make sure you speak loud enough so that they can hear you and then just pretend like the cameras arent here,7th grade math.xlsx,False,False,True,False,False,False,False
1,T,Okay,7th grade math.xlsx,False,False,True,False,False,False,False
1,T,So what were going to be doing today is  about two weeks ago I think you guys did a problem called  Pizza Crusts  Ms Ferrant gave you a problem she had you do it by yourself,7th grade math.xlsx,False,False,True,False,False,False,False
1,T,Do you all remember it,7th grade math.xlsx,False,True,False,False,False,False,False
1,T,Yeah,7th grade math.xlsx,False,True,False,False,False,False,False
1,T,What was it about,7th grade math.xlsx,False,False,False,True,False,False,False
1,T,Can anyone tell me what it was about,7th grade math.xlsx,False,False,False,True,False,False,False
1,T,And I have a seating chart here so if I dont know your name I apologize Ill be looking at this,7th grade math.xlsx,False,False,True,False,False,False,False
1,T,Is it Cassie,7th grade math.xlsx,False,True,False,False,False,False,False
2,S,Mmm hmm,7th grade math.xlsx,False,False,False,False,False,False,False
2,S,We were looking at the circumference and area of the circle and the difference,7th grade math.xlsx,False,False,False,False,False,False,False
3,T,Okay so the circumference of areas I mean the area and perimeters of rectangles and then you had circumference and you were looking at pizzas,7th grade math.xlsx,False,True,False,False,False,False,False
3,T,Okay,7th grade math.xlsx,False,False,True,False,False,False,False
3,T,Do you guys remember that problem,7th grade math.xlsx,False,True,False,False,False,False,False
3,T,What else  does anybody else remember what else it was about,7th grade math.xlsx,False,False,False,True,False,False,False
3,T,No,7th grade math.xlsx,False,True,False,False,False,False,False
3,T,Okay,7th grade math.xlsx,False,False,True,False,False,False,False
3,T,So anyway were gonna were gonna talk about that today,7th grade math.xlsx,False,False,True,False,False,False,False
3,T,Okay,7th grade math.xlsx,False,False,True,False,False,False,False
3,T,And this is a lesson that Ms Ferrant and I planned And we want to see what you what you know about it,7th grade math.xlsx,False,False,True,False,False,False,False
3,T,Okay,7th grade math.xlsx,False,False,True,False,False,False,False
3,T,So our first activity that were gonna do shes gonna pass out paper,7th grade math.xlsx,False,False,True,False,False,False,False
3,T,And we just want you to think about it,7th grade math.xlsx,False,False,True,False,False,False,False
3,T,You dont have to write anything down,7th grade math.xlsx,False,False,True,False,False,False,False
3,T,And well be doing a lot of thinking privately by ourselves and then sharing with a partner and then sharing out loud,7th grade math.xlsx,False,False,True,False,False,False,False
3,T,Okay,7th grade math.xlsx,False,False,True,False,False,False,False
3,T,I know thats a common thing you guys do in your class,7th grade math.xlsx,False,False,True,False,False,False,False
3,T,But the first thing that we want you to do is Robby is confused,7th grade math.xlsx,False,False,True,False,False,False,False
3,T,Hes a student and hes confused about area and perimeter,7th grade math.xlsx,False,False,True,False,False,False,False
3,T,He thinks theyre the same,7th grade math.xlsx,False,False,True,False,False,False,False
3,T,He thinks theres no difference between the two,7th grade math.xlsx,False,False,True,False,False,False,False
3,T,And we want you to help him,7th grade math.xlsx,False,False,True,False,False,False,False
3,T,Okay,7th grade math.xlsx,False,False,True,False,False,False,False
3,T,So right now think what you would say to him if you wanted to tell him the difference between area and perimeter,7th grade math.xlsx,False,False,True,False,False,False,False
3,T,Think privately to yourself,7th grade math.xlsx,False,False,True,False,False,False,False
3,T,Okay and when youre ready share with your partner what you would tell Robby,7th grade math.xlsx,False,False,False,True,False,False,False
4,T,Okay did everyone have a chance to talk about it,7th grade math.xlsx,False,True,False,False,False,False,False
4,T,Yeah,7th grade math.xlsx,False,True,False,False,False,False,False
4,T,Okay,7th grade math.xlsx,False,False,True,False,False,False,False
4,T,Who would like to explain what you would say to Robby if you wanted to tell him the difference between area and perimeter,7th grade math.xlsx,False,False,False,True,False,False,False
4,T,What would you say okay,7th grade math.xlsx,False,False,False,True,False,False,False
4,T,Um is it Connie,7th grade math.xlsx,False,True,False,False,False,False,False
4,T,Angelique,7th grade math.xlsx,False,True,False,False,False,False,False
5,S,Yeah,7th grade math.xlsx,False,False,False,False,False,False,False
6,T,Okay,7th grade math.xlsx,False,False,True,False,False,False,False
7,S,We talked about the area is length times width and perimeter is length plus width plus length plus width,7th grade math.xlsx,False,False,False,False,False,False,False
8,T,Ah,7th grade math.xlsx,False,False,True,False,False,False,False
8,T,Okay,7th grade math.xlsx,False,False,True,False,False,False,False
8,T,Youre telling me how to get it so youre saying well what shape are you talking about,7th grade math.xlsx,False,False,False,True,False,False,False
9,S,a triangle,7th grade math.xlsx,False,False,False,False,False,False,False
9,S,I mean  I mean the rectangle,7th grade math.xlsx,False,False,False,False,False,False,False
10,T,The rectangle,7th grade math.xlsx,False,True,False,False,False,False,False
10,T,So youre saying for area itd be length times width and then for perimeter itd be lengths plus widths,7th grade math.xlsx,False,False,True,False,False,False,False
10,T,Okay,7th grade math.xlsx,False,False,True,False,False,False,False
10,T,Is there anybody else whod like to add to what Angelique said,7th grade math.xlsx,True,False,False,False,False,False,False
10,T,How  bout  is it Alex,7th grade math.xlsx,False,True,False,False,False,False,False
10,T,Alexander,7th grade math.xlsx,False,True,False,False,False,False,False
11,S,Well the area is whats inside and the perimeter is whats outside,7th grade math.xlsx,False,False,False,False,False,False,False
12,T,Okay so the area is whats inside and the perimeter is whats outside,7th grade math.xlsx,False,True,False,False,False,False,False
12,T,Okay,7th grade math.xlsx,False,False,True,False,False,False,False
12,T,Alex do you want to come up and color in one of those for me,7th grade math.xlsx,False,True,False,False,False,False,False
12,T,I want us to color in on these shapes  red whats area and green what the perimeter is,7th grade math.xlsx,False,False,True,False,False,False,False
12,T,So choose the one that you want to do,7th grade math.xlsx,False,False,True,False,False,False,False
13,T,you can choose whichever shape you want and you can shade it in,7th grade math.xlsx,False,False,True,False,False,False,False
13,T,Now lets move this,7th grade math.xlsx,False,False,True,False,False,False,False
13,T,Oops,7th grade math.xlsx,False,False,True,False,False,False,False
13,T,Okay,7th grade math.xlsx,False,False,True,False,False,False,False
13,T,Now,7th grade math.xlsx,False,False,True,False,False,False,False
13,T,Can you guys see what Alex is doing,7th grade math.xlsx,False,True,False,False,False,False,False
14,S,Yeah,7th grade math.xlsx,False,False,False,False,False,False,False
15,T,Yeah,7th grade math.xlsx,False,False,True,False,False,False,False
15,T,Okay,7th grade math.xlsx,False,False,True,False,False,False,False
15,T,Lets try to fill in all of it so its all along the sides,7th grade math.xlsx,False,False,True,False,False,False,False
15,T,Okay,7th grade math.xlsx,False,False,True,False,False,False,False
15,T,Does anyone want to come up and color in what the perimeter would be,7th grade math.xlsx,False,False,False,True,False,False,False
15,T,In green,7th grade math.xlsx,False,False,True,False,False,False,False
15,T,In green,7th grade math.xlsx,False,False,True,False,False,False,False
15,T,how about is Brandon,7th grade math.xlsx,False,True,False,False,False,False,False
15,T,Are you Brandon,7th grade math.xlsx,False,True,False,False,False,False,False
15,T,No,7th grade math.xlsx,False,False,True,False,False,False,False
15,T,Yamlen,7th grade math.xlsx,False,True,False,False,False,False,False
15,T,Whats your name,7th grade math.xlsx,False,True,False,False,False,False,False
16,S,Joey,7th grade math.xlsx,False,False,False,False,False,False,False
17,T,Joey,7th grade math.xlsx,False,True,False,False,False,False,False
17,T,Okay,7th grade math.xlsx,False,False,True,False,False,False,False
17,T,So Alex colored in the square and he colored in the area,7th grade math.xlsx,False,False,True,False,False,False,False
17,T,Okay,7th grade math.xlsx,False,False,True,False,False,False,False
17,T,Thank you,7th grade math.xlsx,False,False,True,False,False,False,False
18,T,Tell your partner really quickly what is it Julian,7th grade math.xlsx,False,True,False,False,False,False,False
18,T,What Julian is doing,7th grade math.xlsx,False,False,False,True,False,False,False
19,S,Hes getting the perimeter of the circle,7th grade math.xlsx,False,False,False,False,False,False,False
20,T,What did Alex do,7th grade math.xlsx,True,False,False,False,False,False,False
21,S,Alex he shaded in the middle of the square  cause its the area,7th grade math.xlsx,False,False,False,False,False,False,False
22,T,And whats area,7th grade math.xlsx,False,False,False,True,False,False,False
22,T,What do you think area is,7th grade math.xlsx,False,False,False,True,False,False,False
23,T,I would like  raise your hand and tell me what Julian did,7th grade math.xlsx,True,False,False,False,False,False,False
23,T,What did he do,7th grade math.xlsx,True,False,False,False,False,False,False
23,T,Um is it Jessica,7th grade math.xlsx,False,True,False,False,False,False,False
23,T,Stacey,7th grade math.xlsx,False,True,False,False,False,False,False
24,S,He outlined the circle with the perimeter,7th grade math.xlsx,False,False,False,False,False,False,False
25,T,He outlined the circle which is the perimeter,7th grade math.xlsx,False,True,False,False,False,False,False
25,T,Okay can anyone come in and color the area,7th grade math.xlsx,False,False,False,True,False,False,False
25,T,Of this,7th grade math.xlsx,False,False,False,True,False,False,False
25,T,Come up and color the area of it,7th grade math.xlsx,False,False,False,True,False,False,False
25,T,How about Shira,7th grade math.xlsx,False,True,False,False,False,False,False
25,T,Shira,7th grade math.xlsx,False,True,False,False,False,False,False
25,T,And Ms Ferrant has the red one and I have the green one,7th grade math.xlsx,False,False,True,False,False,False,False
26,T,Yeah thats good,7th grade math.xlsx,False,False,True,False,False,False,False
26,T,Okay,7th grade math.xlsx,False,False,True,False,False,False,False
26,T,Do you guys agree with Shira,7th grade math.xlsx,True,False,False,False,False,False,False
26,T,Yeah,7th grade math.xlsx,False,True,False,False,False,False,False
27,S,Yeah,7th grade math.xlsx,False,False,False,False,False,False,False
28,T,Okay good thank you Shira,7th grade math.xlsx,False,False,True,False,False,False,False
28,T,Can someone come up and color in in green the perimeter,7th grade math.xlsx,False,False,False,True,False,False,False
28,T,Of this square that Alex colored in,7th grade math.xlsx,False,False,False,True,False,False,False
28,T,Desiree,7th grade math.xlsx,False,True,False,False,False,False,False
28,T,Yes,7th grade math.xlsx,False,False,True,False,False,False,False
29,T,Okay thank you Desiree,7th grade math.xlsx,False,False,True,False,False,False,False
29,T,So she colored the green around it,7th grade math.xlsx,False,False,True,False,False,False,False
29,T,And thats the perimeter,7th grade math.xlsx,False,False,True,False,False,False,False
29,T,And our very last shape the rectangle,7th grade math.xlsx,False,False,True,False,False,False,False
29,T,Okay,7th grade math.xlsx,False,False,True,False,False,False,False
29,T,Is there somebody that wants to come up and color the area of the rectangle,7th grade math.xlsx,False,False,False,True,False,False,False
29,T,Erica,7th grade math.xlsx,False,True,False,False,False,False,False
29,T,and then maybe while shes doing that in green does someone want to come up and color alongside of her the perimeter in green,7th grade math.xlsx,False,False,False,True,False,False,False
29,T,Brandon,7th grade math.xlsx,False,True,False,False,False,False,False
29,T,Yeah,7th grade math.xlsx,False,False,True,False,False,False,False
30,T,And I know it takes a while to color so you can just kind of shade it in really quickly,7th grade math.xlsx,False,False,True,False,False,False,False
30,T,Youre welcome,7th grade math.xlsx,False,False,True,False,False,False,False
30,T,So looking at what you guys just did it seems like you know a lot about area and perimeter,7th grade math.xlsx,False,False,True,False,False,False,False
30,T,Areas on the inside and perimeter is the distance  or area is the space on the inside and perimeters the distance around it,7th grade math.xlsx,False,False,True,False,False,False,False
30,T,Okay,7th grade math.xlsx,False,False,True,False,False,False,False
1,T,Good morning,Boats and Fish 1_Grade 4.xlsx,False,False,True,False,False,False,False
1,T,Are you all as awake as I am,Boats and Fish 1_Grade 4.xlsx,False,False,True,False,False,False,False
2,S,Yeah,Boats and Fish 1_Grade 4.xlsx,False,False,False,False,False,False,False
3,T,I dont know if that is good or bad Meredith,Boats and Fish 1_Grade 4.xlsx,False,False,True,False,False,False,False
3,T,Let me shut this  off,Boats and Fish 1_Grade 4.xlsx,False,False,True,False,False,False,False
3,T,I was thinking when I was looking at Marks model and I  noticed many of you made models also for projects for another  class,Boats and Fish 1_Grade 4.xlsx,False,False,True,False,False,False,False
3,T,I was thinking about this model because we were talking about  models the other day werent we,Boats and Fish 1_Grade 4.xlsx,False,True,False,False,False,False,False
3,T,Remember that,Boats and Fish 1_Grade 4.xlsx,False,True,False,False,False,False,False
3,T,But also we were  talking about models in general,Boats and Fish 1_Grade 4.xlsx,False,False,True,False,False,False,False
3,T,We asked ourselves some questions  about models,Boats and Fish 1_Grade 4.xlsx,False,False,True,False,False,False,False
3,T,Did you all build the same model,Boats and Fish 1_Grade 4.xlsx,True,False,False,False,False,False,False
4,S,No,Boats and Fish 1_Grade 4.xlsx,False,False,False,False,False,False,False
5,T,To answer that question,Boats and Fish 1_Grade 4.xlsx,True,False,False,False,False,False,False
6,S,No no,Boats and Fish 1_Grade 4.xlsx,False,False,False,False,False,False,False
7,T,Some of you built different models,Boats and Fish 1_Grade 4.xlsx,False,False,True,False,False,False,False
7,T,Erik,Boats and Fish 1_Grade 4.xlsx,False,True,False,False,False,False,False
8,S,Some of us built the same models and some of us built different,Boats and Fish 1_Grade 4.xlsx,False,False,False,False,False,False,False
9,T,Some of you built different models and I asked you a question about  that,Boats and Fish 1_Grade 4.xlsx,False,False,True,False,False,False,False
9,T,Do you remember,Boats and Fish 1_Grade 4.xlsx,False,True,False,False,False,False,False
10,S,Oh,Boats and Fish 1_Grade 4.xlsx,False,False,False,False,False,False,False
11,T,Erik,Boats and Fish 1_Grade 4.xlsx,False,True,False,False,False,False,False
12,S,Could you get different answers,Boats and Fish 1_Grade 4.xlsx,False,False,False,False,False,False,False
13,S,Using barred models,Boats and Fish 1_Grade 4.xlsx,False,False,False,False,False,False,False
14,S,if you use different models,Boats and Fish 1_Grade 4.xlsx,False,False,False,False,False,False,False
15,T,Yeah can you get different answers right Michael and Erik,Boats and Fish 1_Grade 4.xlsx,False,True,False,False,False,False,False
15,T,if you  use different models,Boats and Fish 1_Grade 4.xlsx,False,True,False,False,False,False,False
15,T,What did you think,Boats and Fish 1_Grade 4.xlsx,False,False,False,True,False,False,False
15,T,How many of you thought  you shouldn t get different answers,Boats and Fish 1_Grade 4.xlsx,False,True,False,False,False,False,False
15,T,How  many of you are not sure,Boats and Fish 1_Grade 4.xlsx,False,True,False,False,False,False,False
15,T,Its okay not  to be sure,Boats and Fish 1_Grade 4.xlsx,False,False,True,False,False,False,False
15,T,Have you been thinking about that at all since then,Boats and Fish 1_Grade 4.xlsx,False,True,False,False,False,False,False
15,T,Maybe not huh Michael have you been thinking about that a little  bit,Boats and Fish 1_Grade 4.xlsx,False,True,False,False,False,False,False
16,S,Um well I figured that it couldnt be because our answer that we  got me and Brian was that it was bigger by one fourth because it  will always take two it will always take four quarters to equal up,Boats and Fish 1_Grade 4.xlsx,False,False,False,False,False,False,False
17,S,Yeah because four is an even number and you can divide it by two,Boats and Fish 1_Grade 4.xlsx,False,False,False,False,False,False,False
18,S,In half,Boats and Fish 1_Grade 4.xlsx,False,False,False,False,False,False,False
19,S,So there will always be one fourth and two fourths three fourths  four fourths and two fourths is always going to be a half halfway  point,Boats and Fish 1_Grade 4.xlsx,False,False,False,False,False,False,False
20,T,What do you think about that,Boats and Fish 1_Grade 4.xlsx,True,False,False,False,False,False,False
20,T,There are a lot of good ideas in what  you are saying,Boats and Fish 1_Grade 4.xlsx,False,False,True,False,False,False,False
20,T,I was thinking that  maybe it would help you it sort of helped me to look at Marks  model,Boats and Fish 1_Grade 4.xlsx,False,False,True,False,False,False,False
20,T,Sometimes it helps to look at a model thats a little different,Boats and Fish 1_Grade 4.xlsx,False,False,True,False,False,False,False
20,T,Maybe this is a model that doesnt use the Cuisenaire rods but in a  sense its a model,Boats and Fish 1_Grade 4.xlsx,False,False,True,False,False,False,False
20,T,Um I found out a little bit from Mark about a  book he read he was telling me,Boats and Fish 1_Grade 4.xlsx,False,False,True,False,False,False,False
20,T,This was  supposed to be a sea monster and this was supposed to be two friends,Boats and Fish 1_Grade 4.xlsx,False,False,True,False,False,False,False
20,T,And I looked at I looked at  what he built here to represent some of the  story and I thought by looking at this model that I couldnt really tell  of the boy and the girl who was taller by looking at them I wasnt  really sure and I didnt know really if Mark cared about that,Boats and Fish 1_Grade 4.xlsx,False,False,True,False,False,False,False
20,T,But I  looked at the sea monster okay and I looked at the boat okay and I  was thinking about their sizes a little bit right,Boats and Fish 1_Grade 4.xlsx,False,True,False,False,False,False,False
20,T,What are you why  are you smiling about Mark,Boats and Fish 1_Grade 4.xlsx,False,True,False,False,False,False,False
21,S,Uh well I wasnt thinking about the sizes,Boats and Fish 1_Grade 4.xlsx,False,False,False,False,False,False,False
21,S,I made the sea monster  bigger than the boat,Boats and Fish 1_Grade 4.xlsx,False,False,False,False,False,False,False
22,T,Did you want the sea monster to be bigger than the boat,Boats and Fish 1_Grade 4.xlsx,False,True,False,False,False,False,False
23,S,No,Boats and Fish 1_Grade 4.xlsx,False,False,False,False,False,False,False
24,T,You really didnt,Boats and Fish 1_Grade 4.xlsx,False,False,False,False,False,False,True
24,T,What about the boat and the children,Boats and Fish 1_Grade 4.xlsx,False,False,False,True,False,False,False
25,S,Those too,Boats and Fish 1_Grade 4.xlsx,False,False,False,False,False,False,False
25,S,The children are bigger,Boats and Fish 1_Grade 4.xlsx,False,False,False,False,False,False,False
26,T,The children are bigger than the boat,Boats and Fish 1_Grade 4.xlsx,False,False,False,False,False,False,True
26,T,Did you want that,Boats and Fish 1_Grade 4.xlsx,False,True,False,False,False,False,False
26,T,No,Boats and Fish 1_Grade 4.xlsx,False,False,True,False,False,False,False
27,S,Maybe he was trying to focus on the children and instead of just the  boat,Boats and Fish 1_Grade 4.xlsx,False,False,False,False,False,False,False
28,S,Yeah he was probably trying maybe to make them look bigger like  youre looking at the children not the boat,Boats and Fish 1_Grade 4.xlsx,False,False,False,False,False,False,False
29,T,I I,Boats and Fish 1_Grade 4.xlsx,False,False,True,False,False,False,False
30,S,like he doesnt he just put the boat in,Boats and Fish 1_Grade 4.xlsx,False,False,False,False,False,False,False
31,T,Yeah,Boats and Fish 1_Grade 4.xlsx,False,False,True,False,False,False,False
32,S,Cause theyre at the dock,Boats and Fish 1_Grade 4.xlsx,False,False,False,False,False,False,False
32,S,Yeah but he wasnt just focusing on the  boat,Boats and Fish 1_Grade 4.xlsx,False,False,False,False,False,False,False
33,T,Maybe the boat wasn t intended to be so close but that he could  make it you know the dock not as far out as those things,Boats and Fish 1_Grade 4.xlsx,False,False,True,False,False,False,False
33,T,Or maybe  he didnt think about it all those things,Boats and Fish 1_Grade 4.xlsx,False,False,True,False,False,False,False
33,T,That wasn t what he was  focusing on but I think suppose changed this suppose we took this  story and made it a math problem,Boats and Fish 1_Grade 4.xlsx,False,False,True,False,False,False,False
33,T,Suppose we changed it for a  different purpose,Boats and Fish 1_Grade 4.xlsx,False,False,True,False,False,False,False
33,T,And I said to all of you I want you to go and  make me a model of two children right and theyre sitting at a dock  and theyre fishing and they just caught a fish right,Boats and Fish 1_Grade 4.xlsx,False,True,False,False,False,False,False
33,T,Lets not make  it a sea monster and lets change it a little bit theyre fishing and then  their boat is docked somewhere do you understand,Boats and Fish 1_Grade 4.xlsx,False,True,False,False,False,False,False
33,T,If I asked you  to do that and it mattered now what sizes they were,Boats and Fish 1_Grade 4.xlsx,False,False,True,False,False,False,False
33,T,What would you  expect to be the largest object and the next and the next,Boats and Fish 1_Grade 4.xlsx,False,False,False,True,False,False,False
33,T,What  would you expect if you were really worrying about the size you  had two children at a dock and you have a boat and you have a fish  now we re not going to go with sea monsters,Boats and Fish 1_Grade 4.xlsx,False,False,True,False,False,False,False
33,T,Mark,Boats and Fish 1_Grade 4.xlsx,False,True,False,False,False,False,False
34,S,Uh the boats the biggest,Boats and Fish 1_Grade 4.xlsx,False,False,False,False,False,False,False
35,T,The boats the biggest,Boats and Fish 1_Grade 4.xlsx,False,False,False,False,False,True,False
35,T,Do you agree,Boats and Fish 1_Grade 4.xlsx,True,False,False,False,False,False,False
36,S,Mm hmm,Boats and Fish 1_Grade 4.xlsx,False,False,False,False,False,False,False
37,T,You think the boats the biggest,Boats and Fish 1_Grade 4.xlsx,False,False,True,False,False,False,False
37,T,okay,Boats and Fish 1_Grade 4.xlsx,False,False,True,False,False,False,False
38,S,And then the children um and then the fish,Boats and Fish 1_Grade 4.xlsx,False,False,False,False,False,False,False
39,T,Would be the smallest,Boats and Fish 1_Grade 4.xlsx,False,False,True,False,False,False,False
39,T,You all agree with that,Boats and Fish 1_Grade 4.xlsx,True,False,False,False,False,False,False
40,S,Um hmm,Boats and Fish 1_Grade 4.xlsx,False,False,False,False,False,False,False
40,T,You agree with that that there are certain things that all  of you would have in your model,Boats and Fish 1_Grade 4.xlsx,True,False,False,False,False,False,False
40,T,You have these four principal  players right or things,Boats and Fish 1_Grade 4.xlsx,False,False,True,False,False,False,False
40,T,The boat two children and you have the fish,Boats and Fish 1_Grade 4.xlsx,False,False,True,False,False,False,False
40,T,And howwhat size will you make them will that necessarily be the  same,Boats and Fish 1_Grade 4.xlsx,False,False,False,True,False,False,False
40,T,Meredith,Boats and Fish 1_Grade 4.xlsx,False,True,False,False,False,False,False
41,S,Well maybe not because everybody cant have the same because  they dont have theyre not like copying each other,Boats and Fish 1_Grade 4.xlsx,False,False,False,False,False,False,False
42,T,Yeah,Boats and Fish 1_Grade 4.xlsx,False,False,True,False,False,False,False
42,T,You make your children,Boats and Fish 1_Grade 4.xlsx,False,False,True,False,False,False,False
42,T,some of you might use little dolls or  something right or bigger dolls or,Boats and Fish 1_Grade 4.xlsx,False,False,True,False,False,False,False
43,S,You re not measuring the same,Boats and Fish 1_Grade 4.xlsx,False,False,False,False,False,False,False
44,T,You wouldnt measure them the same,Boats and Fish 1_Grade 4.xlsx,False,False,False,False,False,False,True
44,T,But one thing that would be  the same is the relative one thing you have to be careful each of you  in your own models would be the sizes in relation to the other sizes  right,Boats and Fish 1_Grade 4.xlsx,False,True,False,False,False,False,False
44,T,And if somebody came in now with a fish bigger than the boy   that would have missed the point right,Boats and Fish 1_Grade 4.xlsx,False,True,False,False,False,False,False
45,S,No because a fish could be bigger than a boy,Boats and Fish 1_Grade 4.xlsx,False,False,False,False,False,False,False
46,T,Thats true ok thats true,Boats and Fish 1_Grade 4.xlsx,False,False,True,False,False,False,False
46,T,But we really mean two children fishing at  a little dock not out in the ocean somewhere where we expect the  fish to be smaller but youre right youre absolutely right Michael it  could be,Boats and Fish 1_Grade 4.xlsx,False,False,True,False,False,False,False
46,T,But we d have to agree on some things on some  constraints here,Boats and Fish 1_Grade 4.xlsx,False,False,True,False,False,False,False
46,T,Obviously if we changed it that we were maybe  deep sea fishing right and we could be catching some whales or  whatever,Boats and Fish 1_Grade 4.xlsx,False,False,True,False,False,False,False
46,T,Or even some very very big fish,Boats and Fish 1_Grade 4.xlsx,False,False,True,False,False,False,False
46,T,Okay that would  change,Boats and Fish 1_Grade 4.xlsx,False,False,True,False,False,False,False
46,T,Now what does that have to do with the models you made  and some of the comments that Michael and Erik made about the  models you made,Boats and Fish 1_Grade 4.xlsx,False,False,False,True,False,False,False
46,T,What does that have to say about it,Boats and Fish 1_Grade 4.xlsx,False,False,False,True,False,False,False
46,T,Would you  expect one model to come up with something different than the  other,Boats and Fish 1_Grade 4.xlsx,False,True,False,False,False,False,False
46,T,Would it look different,Boats and Fish 1_Grade 4.xlsx,False,True,False,False,False,False,False
47,S,Yes,Boats and Fish 1_Grade 4.xlsx,False,False,False,False,False,False,False
48,T,Maybe,Boats and Fish 1_Grade 4.xlsx,False,False,True,False,False,False,False
48,T,Would the relationships that youre suppose to show change,Boats and Fish 1_Grade 4.xlsx,False,True,False,False,False,False,False
49,S,No,Boats and Fish 1_Grade 4.xlsx,False,False,False,False,False,False,False
50,T,No,Boats and Fish 1_Grade 4.xlsx,False,False,False,False,False,True,False
50,T,And thats the important thing to remember,Boats and Fish 1_Grade 4.xlsx,False,False,True,False,False,False,False
50,T,That your model  that you make should not be changing right your argument,Boats and Fish 1_Grade 4.xlsx,False,False,True,False,False,False,False
50,T,But  suppose Mark had his model and suppose Danielle made a model  ok,Boats and Fish 1_Grade 4.xlsx,False,True,False,False,False,False,False
50,T,And Danielle decided to make a very little model okay a little  tiny model,Boats and Fish 1_Grade 4.xlsx,False,True,False,False,False,False,False
50,T,She doesnt like to carry big things to school,Boats and Fish 1_Grade 4.xlsx,False,False,True,False,False,False,False
50,T,And lets  suppose that Audra made a big model right,Boats and Fish 1_Grade 4.xlsx,False,True,False,False,False,False,False
50,T,She got some help,Boats and Fish 1_Grade 4.xlsx,False,False,True,False,False,False,False
50,T,Could I take the fish in Danielles model and swap it for the fish the  little fish in Danielle s model or lets take Audras big fish can I put  it in Danielles little box,Boats and Fish 1_Grade 4.xlsx,False,False,True,False,False,False,False
50,T,No,Boats and Fish 1_Grade 4.xlsx,False,False,True,False,False,False,False
50,T,Well it depends on how big the fish is,Boats and Fish 1_Grade 4.xlsx,False,False,True,False,False,False,False
51,T,Danielles little box is really a little box so its um you know  about this size  and Audras is like that and so Audras fish is maybe about this big and  Danielles fish is about this big,Boats and Fish 1_Grade 4.xlsx,False,False,True,False,False,False,False
51,T,Would it be okay to put Audras fish  in Danielles box,Boats and Fish 1_Grade 4.xlsx,False,True,False,False,False,False,False
51,T,No,Boats and Fish 1_Grade 4.xlsx,False,False,True,False,False,False,False
52,S,It would look like a shrimp,Boats and Fish 1_Grade 4.xlsx,False,False,False,False,False,False,False
53,T,It would look like a shrimp,Boats and Fish 1_Grade 4.xlsx,False,False,False,False,False,True,False
53,T,Why wouldnt it be okay,Boats and Fish 1_Grade 4.xlsx,False,False,False,False,True,False,False
53,T,What would  probably happen if you did that,Boats and Fish 1_Grade 4.xlsx,False,False,False,True,False,False,False
53,T,Graham,Boats and Fish 1_Grade 4.xlsx,False,True,False,False,False,False,False
54,S,Well it wouldnt fit,Boats and Fish 1_Grade 4.xlsx,False,False,False,False,False,False,False
55,T,It wouldnt fit in it,Boats and Fish 1_Grade 4.xlsx,False,False,False,False,False,False,True
55,T,Thats exactly right it probably wouldnt even fit  in,Boats and Fish 1_Grade 4.xlsx,False,False,True,False,False,False,False
55,T,Maybe it would but it might not right,Boats and Fish 1_Grade 4.xlsx,False,True,False,False,False,False,False
55,T,And what would happen  Meredith,Boats and Fish 1_Grade 4.xlsx,False,False,False,True,False,False,False
56,S,Well you could put the Audras fish and you could put Danielles fish  into Audras box because it s small and it could fit in,Boats and Fish 1_Grade 4.xlsx,False,False,False,False,False,False,False
57,T,It could be a shrimp,Boats and Fish 1_Grade 4.xlsx,False,False,True,False,False,False,False
58,S,but you cant put Audras fish into Danielles box because its too small,Boats and Fish 1_Grade 4.xlsx,False,False,False,False,False,False,False
59,T,Ok it raises some interesting questions doesnt it,Boats and Fish 1_Grade 4.xlsx,False,True,False,False,False,False,False
59,T,Were sort of you  know making up some hypothetical things and imagining some  things,Boats and Fish 1_Grade 4.xlsx,False,False,True,False,False,False,False
59,T,But do you get the idea,Boats and Fish 1_Grade 4.xlsx,False,True,False,False,False,False,False
59,T,That once youve built your model  and you decide what you are going to call one right,Boats and Fish 1_Grade 4.xlsx,False,True,False,False,False,False,False
59,T,Youve chosen  to make your other principal players in relationship to that one  right,Boats and Fish 1_Grade 4.xlsx,False,True,False,False,False,False,False
59,T,So in this case if if your one is going to be the size of this  little stage if you like  your players are made the boy the  girl the fish the boat in relationship to this stage isnt it,Boats and Fish 1_Grade 4.xlsx,False,True,False,False,False,False,False
60,S,Mm hmm,Boats and Fish 1_Grade 4.xlsx,False,False,False,False,False,False,False
61,T,But if youve made your one a much bigger stage if you  like your  players are going to be in relationship to that stage isnt that right,Boats and Fish 1_Grade 4.xlsx,False,True,False,False,False,False,False
61,T,And as long as you stay within your stage right you show your  relationships and if they may or may not work when you switch  stages right,Boats and Fish 1_Grade 4.xlsx,False,True,False,False,False,False,False
61,T,And that s like switching candy bars right,Boats and Fish 1_Grade 4.xlsx,False,True,False,False,False,False,False
61,T,Isnt that  right,Boats and Fish 1_Grade 4.xlsx,False,True,False,False,False,False,False
62,S,Yup,Boats and Fish 1_Grade 4.xlsx,False,False,False,False,False,False,False
63,T,So I want you to think about that for models,Boats and Fish 1_Grade 4.xlsx,False,False,True,False,False,False,False
63,T,Would you expect if  you were building a brand new model that what you showed to be  true with your first model should it still work,Boats and Fish 1_Grade 4.xlsx,False,True,False,False,False,False,False
63,T,Should it still work  with the new model the relationships you showed with your old  model,Boats and Fish 1_Grade 4.xlsx,False,True,False,False,False,False,False
63,T,Would you expect it to work if your,Boats and Fish 1_Grade 4.xlsx,False,True,False,False,False,False,False
64,S,Maybe maybe,Boats and Fish 1_Grade 4.xlsx,False,False,False,False,False,False,False
65,T,Michael  changed his mind he doesnt expect it to work Before he said it  should work and now he saying it may not work,Boats and Fish 1_Grade 4.xlsx,False,False,True,False,False,False,False
65,T,So tell me what  you re thinking,Boats and Fish 1_Grade 4.xlsx,False,False,False,True,False,False,False
66,S,Well your old model say your old model you decided it was too  little and you couldnt see all the figures in it,Boats and Fish 1_Grade 4.xlsx,False,False,False,False,False,False,False
66,S,So you make a bigger  model and you try to take the little fish from that model because you  decide that you dont want to make another one you put it in and you  wouldnt be able to see it there,Boats and Fish 1_Grade 4.xlsx,False,False,False,False,False,False,False
67,T,Okay but thats not my question now,Boats and Fish 1_Grade 4.xlsx,False,False,True,False,False,False,False
67,T,Suppose in your little stage  you showed the people and the boat and the fish right,Boats and Fish 1_Grade 4.xlsx,False,True,False,False,False,False,False
67,T,And you  showed the fish were smaller than the people who were smaller than  the boat,Boats and Fish 1_Grade 4.xlsx,False,False,True,False,False,False,False
67,T,Right,Boats and Fish 1_Grade 4.xlsx,False,False,True,False,False,False,False
67,S,Yeah mmm hmm,Boats and Fish 1_Grade 4.xlsx,False,False,False,False,False,False,False
68,T,Would you expect lets say in Audras model which is a different  model that her fish was smaller than the people and smaller than the  boat,Boats and Fish 1_Grade 4.xlsx,False,True,False,False,False,False,False
69,S,Youd have bigger people bigger boat and a bigger fish,Boats and Fish 1_Grade 4.xlsx,False,False,False,False,False,False,False
70,T,But should those relationships hold,Boats and Fish 1_Grade 4.xlsx,False,True,False,False,False,False,False
71,S,Yeah,Boats and Fish 1_Grade 4.xlsx,False,False,False,False,False,False,False
72,S,Yes,Boats and Fish 1_Grade 4.xlsx,False,False,False,False,False,False,False
73,T,Yeah is that right,Boats and Fish 1_Grade 4.xlsx,False,True,False,False,False,False,False
74,S,Yeah,Boats and Fish 1_Grade 4.xlsx,False,False,False,False,False,False,False
75,T,Or if we had sort of a medium size model like Marks and he were  trying to make these fit would you expect the fish to be smaller than  the people than the boat,Boats and Fish 1_Grade 4.xlsx,False,True,False,False,False,False,False
76,S,Yeah,Boats and Fish 1_Grade 4.xlsx,False,False,False,False,False,False,False
77,T,So in each of your models would have those relationships holding  right,Boats and Fish 1_Grade 4.xlsx,False,True,False,False,False,False,False
78,S,Yeah,Boats and Fish 1_Grade 4.xlsx,False,False,False,False,False,False,False
79,T,But they wouldnt all be built the same way and they wouldnt all be  the same size,Boats and Fish 1_Grade 4.xlsx,False,False,True,False,False,False,False
80,S,So it d be its standard that the fish would be smaller than the boat  and the people except the fish would be different sized and the  people different sized and the boat different sized,Boats and Fish 1_Grade 4.xlsx,False,False,False,False,False,False,False
81,T,Right,Boats and Fish 1_Grade 4.xlsx,False,False,True,False,False,False,False
81,T,Is that like what youre doing when you make models to  compare fractions,Boats and Fish 1_Grade 4.xlsx,False,True,False,False,False,False,False
82,S,Yeah,Boats and Fish 1_Grade 4.xlsx,False,False,False,False,False,False,False
83,T,In what way is it the same or different,Boats and Fish 1_Grade 4.xlsx,False,False,False,True,False,False,False
83,T,Meredith,Boats and Fish 1_Grade 4.xlsx,False,True,False,False,False,False,False
84,S,Well if you have the same question asked and you do it right then  youre going to wind up with the same answer and some of the  models could be bigger and some of them could be smaller,Boats and Fish 1_Grade 4.xlsx,False,False,False,False,False,False,False
85,T,What do the rest of you think,Boats and Fish 1_Grade 4.xlsx,True,False,False,False,False,False,False
85,T,How many of you agree with what  Meredith said,Boats and Fish 1_Grade 4.xlsx,True,False,False,False,False,False,False
85,T,How many of you disagree,Boats and Fish 1_Grade 4.xlsx,True,False,False,False,False,False,False
85,T,How many  of you are still not sure,Boats and Fish 1_Grade 4.xlsx,True,False,False,False,False,False,False
85,T,You know we have  to help the people who are not sure to understand,Boats and Fish 1_Grade 4.xlsx,False,False,True,False,False,False,False
85,T,they dont  disagree but theyre still not following,Boats and Fish 1_Grade 4.xlsx,False,False,True,False,False,False,False
85,T,Can someone help,Boats and Fish 1_Grade 4.xlsx,False,True,False,False,False,False,False
85,T,Let s  talk about this a little bit more to help them,Boats and Fish 1_Grade 4.xlsx,False,True,False,False,False,False,False
85,T,Who wants to give it a  try,Boats and Fish 1_Grade 4.xlsx,False,True,False,False,False,False,False
85,T,Or the people who arent sure want to  tell us what they are confused about,Boats and Fish 1_Grade 4.xlsx,False,True,False,False,False,False,False
85,T,Do you want to talk a little bit,Boats and Fish 1_Grade 4.xlsx,False,True,False,False,False,False,False
85,T,Audra,Boats and Fish 1_Grade 4.xlsx,False,True,False,False,False,False,False
85,T,Jackie,Boats and Fish 1_Grade 4.xlsx,False,True,False,False,False,False,False
85,T,What bothers you and then maybe the people here  will try to help ok,Boats and Fish 1_Grade 4.xlsx,False,True,False,False,False,False,False
86,T,Michael do you want to add to that,Boats and Fish 1_Grade 4.xlsx,True,False,False,False,False,False,False
87,S,Well its sort of like um you cant the fish has to be smaller than the  people and the people have to be smaller than the boat cause the  people have to go in the boat and the people have to be able to pull  the fish out of the water and if it was bigger than it they might have a  little trouble getting it out,Boats and Fish 1_Grade 4.xlsx,False,False,False,False,False,False,False
87,S,So um so then um its sort of  like so that just helps us understand what we re talking about with  the Cuisenaire rods when we are using different sized boxes to make  different sized um halves and quarters um but they re basically  you can call it the same thing as you would then just the small one  with the small one if you call the box a whole and the boat a half it  would equal a quarter,Boats and Fish 1_Grade 4.xlsx,False,False,False,False,False,False,False
87,S,You could still do that in Audras model or  any box,Boats and Fish 1_Grade 4.xlsx,False,False,False,False,False,False,False
88,T,Does that help Laura Audra or would you like to ask Michael a  question,Boats and Fish 1_Grade 4.xlsx,False,True,False,False,False,False,False
88,T,Does anybody want to add to that,Boats and Fish 1_Grade 4.xlsx,True,False,False,False,False,False,False
88,T,Weve heard from  Michael and weve heard from Erik,Boats and Fish 1_Grade 4.xlsx,False,False,True,False,False,False,False
88,T,Meredith you were going to say  something earlier,Boats and Fish 1_Grade 4.xlsx,False,True,False,False,False,False,False
88,T,Oh it was said already,Boats and Fish 1_Grade 4.xlsx,False,True,False,False,False,False,False
89,S,Yes,Boats and Fish 1_Grade 4.xlsx,False,False,False,False,False,False,False
90,T,Does anybody want to add to that,Boats and Fish 1_Grade 4.xlsx,True,False,False,False,False,False,False
90,T,Sarah Beth okay well its    something to think about isnt it as we make uh different models,Boats and Fish 1_Grade 4.xlsx,False,False,True,False,False,False,False
1,T,Im wondering which is bigger one half or two thirds,Boats and Fish 2_Grade 4.xlsx,False,False,True,False,False,False,False
1,T,Now  before you model it you might think in your head before you begin  to model it what you is bigger and if so if one is bigger by how  much,Boats and Fish 2_Grade 4.xlsx,False,False,True,False,False,False,False
1,T,Why don t you work with your partner and see what you can  do,Boats and Fish 2_Grade 4.xlsx,False,False,True,False,False,False,False
2,S,Try the purples,Boats and Fish 2_Grade 4.xlsx,False,False,False,False,False,False,False
2,S,Get three purples,Boats and Fish 2_Grade 4.xlsx,False,False,False,False,False,False,False
2,S,It doesn t work try the greens,Boats and Fish 2_Grade 4.xlsx,False,False,False,False,False,False,False
3,S,What was it,Boats and Fish 2_Grade 4.xlsx,False,False,False,False,False,False,False
3,S,Two thirds,Boats and Fish 2_Grade 4.xlsx,False,False,False,False,False,False,False
4,S,It would be like brown or something like that,Boats and Fish 2_Grade 4.xlsx,False,False,False,False,False,False,False
5,S,Ok,Boats and Fish 2_Grade 4.xlsx,False,False,False,False,False,False,False
6,S,We re not doing the one third we re doing two thirds,Boats and Fish 2_Grade 4.xlsx,False,False,False,False,False,False,False
6,S,That is one  third,Boats and Fish 2_Grade 4.xlsx,False,False,False,False,False,False,False
7,S,First we ve got to find out what a third of it is,Boats and Fish 2_Grade 4.xlsx,False,False,False,False,False,False,False
7,S,What s a third of an  orange,Boats and Fish 2_Grade 4.xlsx,False,False,False,False,False,False,False
8,S,One third,Boats and Fish 2_Grade 4.xlsx,False,False,False,False,False,False,False
9,S,What s third of an orange,Boats and Fish 2_Grade 4.xlsx,False,False,False,False,False,False,False
9,S,Let s start a different model,Boats and Fish 2_Grade 4.xlsx,False,False,False,False,False,False,False
9,S,The green,Boats and Fish 2_Grade 4.xlsx,False,False,False,False,False,False,False
9,S,The green half of it is the  light green,Boats and Fish 2_Grade 4.xlsx,False,False,False,False,False,False,False
10,S,Alright yeah I was thinking of that way before,Boats and Fish 2_Grade 4.xlsx,False,False,False,False,False,False,False
11,S,And you can take the take the red and the light green and put it up  to it  it s she asked is one half bigger than  what did she ask,Boats and Fish 2_Grade 4.xlsx,False,False,False,False,False,False,False
11,S,What did she ask,Boats and Fish 2_Grade 4.xlsx,False,False,False,False,False,False,False
12,S,She asked which is bigger one half or two thirds,Boats and Fish 2_Grade 4.xlsx,False,False,False,False,False,False,False
13,S,One half or two thirds,Boats and Fish 2_Grade 4.xlsx,False,False,False,False,False,False,False
13,S,Now take six of the ones,Boats and Fish 2_Grade 4.xlsx,False,False,False,False,False,False,False
14,S,Yeah I know and put  em up to there and that would be one sixth,Boats and Fish 2_Grade 4.xlsx,False,False,False,False,False,False,False
14,S,Hey wait a minute hey wait maybe that s it yeah it s bigger by one  sixth,Boats and Fish 2_Grade 4.xlsx,False,False,False,False,False,False,False
15,T,Now take six of the ones,Boats and Fish 2_Grade 4.xlsx,False,False,True,False,False,False,False
15,T,Which is bigger,Boats and Fish 2_Grade 4.xlsx,False,False,False,True,False,False,False
16,S,One half,Boats and Fish 2_Grade 4.xlsx,False,False,False,False,False,False,False
17,S,I think one half is,Boats and Fish 2_Grade 4.xlsx,False,False,False,False,False,False,False
,T,Yes David and Meredith,Boats and Fish 2_Grade 4.xlsx,False,True,False,False,False,False,False
17,S,What do you have,Boats and Fish 2_Grade 4.xlsx,False,False,False,False,False,False,False
17,S,Well,Boats and Fish 2_Grade 4.xlsx,False,False,False,False,False,False,False
18,S,we think,Boats and Fish 2_Grade 4.xlsx,False,False,False,False,False,False,False
19,S,two thirds,Boats and Fish 2_Grade 4.xlsx,False,False,False,False,False,False,False
,S,is bigger than,Boats and Fish 2_Grade 4.xlsx,False,False,False,False,False,False,False
20,T,You both agree,Boats and Fish 2_Grade 4.xlsx,True,False,False,False,False,False,False
21,S,one half by one sixth,Boats and Fish 2_Grade 4.xlsx,False,False,False,False,False,False,False
21,S,Cause if you put six ones up to a whole,Boats and Fish 2_Grade 4.xlsx,False,False,False,False,False,False,False
22,S,dark green,Boats and Fish 2_Grade 4.xlsx,False,False,False,False,False,False,False
23,S,If you put it up to a whole,Boats and Fish 2_Grade 4.xlsx,False,False,False,False,False,False,False
24,T,I m sorry what s the number name for dark green,Boats and Fish 2_Grade 4.xlsx,False,False,True,False,False,False,False
,S,One,Boats and Fish 2_Grade 4.xlsx,False,False,False,False,False,False,False
25,T,Ok,Boats and Fish 2_Grade 4.xlsx,False,False,True,False,False,False,False
26,S,And you put six ones up to the dark green,Boats and Fish 2_Grade 4.xlsx,False,False,False,False,False,False,False
27,T,Hold on I m a little confused,Boats and Fish 2_Grade 4.xlsx,False,False,True,False,False,False,False
27,T,Tell me again,Boats and Fish 2_Grade 4.xlsx,False,True,False,False,False,False,False
27,T,Six ones,Boats and Fish 2_Grade 4.xlsx,False,True,False,False,False,False,False
27,T,You called  this one,Boats and Fish 2_Grade 4.xlsx,False,True,False,False,False,False,False
27,T,What are you calling these,Boats and Fish 2_Grade 4.xlsx,False,False,False,True,False,False,False
28,S,One sixth,Boats and Fish 2_Grade 4.xlsx,False,False,False,False,False,False,False
29,T,One sixth,Boats and Fish 2_Grade 4.xlsx,False,False,False,False,False,True,False
30,S,And then these this would be,Boats and Fish 2_Grade 4.xlsx,False,False,False,False,False,False,False
31,S,We re calling them each sixths,Boats and Fish 2_Grade 4.xlsx,False,False,False,False,False,False,False
32,T,Ok,Boats and Fish 2_Grade 4.xlsx,False,False,True,False,False,False,False
33,S,So there s six sixths,Boats and Fish 2_Grade 4.xlsx,False,False,False,False,False,False,False
34,S,This would be one third and this is one half of  dark green and then it would be bigger by one sixth because,Boats and Fish 2_Grade 4.xlsx,False,False,False,False,False,False,False
35,T,Do you both agree with that,Boats and Fish 2_Grade 4.xlsx,True,False,False,False,False,False,False
36,S,Yeah mm hmm,Boats and Fish 2_Grade 4.xlsx,False,False,False,False,False,False,False
37,T,Ok could you write that up,Boats and Fish 2_Grade 4.xlsx,False,False,True,False,False,False,False
37,T,Uh let me get you some paper I want  you to write that up,Boats and Fish 2_Grade 4.xlsx,False,False,True,False,False,False,False
37,T,And see if you can make me  if it works for  other models because some students don t believe that it works for  other models and I think you two believe that it works for other  models,Boats and Fish 2_Grade 4.xlsx,False,False,True,False,False,False,False
38,S,Mmm hmm yeah,Boats and Fish 2_Grade 4.xlsx,False,False,False,False,False,False,False
39,T,So can you try to find some so that you can try to convince them that  it should work for other models and come up with a way of  explaining it to the class ok,Boats and Fish 2_Grade 4.xlsx,False,True,False,False,False,False,False
39,T,That if it works if you really believe it  that if it works for one it works for others and then write this up let  me get you some paper,Boats and Fish 2_Grade 4.xlsx,False,False,True,False,False,False,False
40,S,Seven nine ten I need them,Boats and Fish 2_Grade 4.xlsx,False,False,False,False,False,False,False
40,S,Go get another box,Boats and Fish 2_Grade 4.xlsx,False,False,False,False,False,False,False
41,T,Ok I see you had your hands up  over here,Boats and Fish 2_Grade 4.xlsx,False,True,False,False,False,False,False
42,S,Yeah,Boats and Fish 2_Grade 4.xlsx,False,False,False,False,False,False,False
43,T,Let me come around and see what you re doing,Boats and Fish 2_Grade 4.xlsx,False,False,True,False,False,False,False
44,S,We found two answers,Boats and Fish 2_Grade 4.xlsx,False,False,False,False,False,False,False
45,S,Well I have three,Boats and Fish 2_Grade 4.xlsx,False,False,False,False,False,False,False
46,T,You have two solutions three,Boats and Fish 2_Grade 4.xlsx,False,False,True,False,False,False,False
46,T,Ok let me hear about one of these  models,Boats and Fish 2_Grade 4.xlsx,False,False,True,False,False,False,False
46,T,Here which one do you want to tell me about,Boats and Fish 2_Grade 4.xlsx,False,True,False,False,False,False,False
47,S,That one,Boats and Fish 2_Grade 4.xlsx,False,False,False,False,False,False,False
48,T,Yeah thats an interesting looking one tell me about it,Boats and Fish 2_Grade 4.xlsx,False,False,False,True,False,False,False
49,S,Now if you call this rod one,Boats and Fish 2_Grade 4.xlsx,False,False,False,False,False,False,False
50,T,The orange and red together,Boats and Fish 2_Grade 4.xlsx,False,True,False,False,False,False,False
51,S,Yeah and you take the two dark green rods those are the halves,Boats and Fish 2_Grade 4.xlsx,False,False,False,False,False,False,False
51,S,And you take two  thirds and put it up to it and you take two sixths its bigger than  two sixths,Boats and Fish 2_Grade 4.xlsx,False,False,False,False,False,False,False
51,S,And  in this one it you take this,Boats and Fish 2_Grade 4.xlsx,False,False,False,False,False,False,False
52,T,Can we go back to that one again,Boats and Fish 2_Grade 4.xlsx,False,True,False,False,False,False,False
53,S,I mean its bigger than one tenth I mean twelfth one twelfth one  twelfth,Boats and Fish 2_Grade 4.xlsx,False,False,False,False,False,False,False
54,T,How does that work,Boats and Fish 2_Grade 4.xlsx,False,False,False,True,False,False,False
54,T,Im confused about that,Boats and Fish 2_Grade 4.xlsx,False,False,True,False,False,False,False
54,T,I m confused about  the little white rods I am following you right up to that point,Boats and Fish 2_Grade 4.xlsx,False,False,True,False,False,False,False
55,S,If you put the white rods up to here theres twelve of them and  then you call them twelfths because there are twelve of them,Boats and Fish 2_Grade 4.xlsx,False,False,False,False,False,False,False
56,T,All right okay,Boats and Fish 2_Grade 4.xlsx,False,False,True,False,False,False,False
57,S,And then you take the two thirds and you take two twelfths and  then you put it up to the thirds and it is bigger by  two tens two twelfths,Boats and Fish 2_Grade 4.xlsx,False,False,False,False,False,False,False
58,T,By two twelfths okay,Boats and Fish 2_Grade 4.xlsx,False,False,True,False,False,False,False
59,S,If you use this model,Boats and Fish 2_Grade 4.xlsx,False,False,False,False,False,False,False
60,T,Uh hmm,Boats and Fish 2_Grade 4.xlsx,False,False,True,False,False,False,False
61,S,And if you use this model,Boats and Fish 2_Grade 4.xlsx,False,False,False,False,False,False,False
62,T,Uh hmm,Boats and Fish 2_Grade 4.xlsx,False,False,True,False,False,False,False
63,S,And you call these sixths and you put  this one up to it and it is bigger than one  sixth,Boats and Fish 2_Grade 4.xlsx,False,False,False,False,False,False,False
64,T,Okay so here it was bigger by two twelfths and here it was bigger  by one sixth,Boats and Fish 2_Grade 4.xlsx,False,False,True,False,False,False,False
65,S,Yeah,Boats and Fish 2_Grade 4.xlsx,False,False,False,False,False,False,False
66,T,Thats interesting,Boats and Fish 2_Grade 4.xlsx,False,False,True,False,False,False,False
66,T,Could we call the difference between the two  thirds and the one half in this model another number name besides two twelfths,Boats and Fish 2_Grade 4.xlsx,False,False,False,True,False,False,False
67,S,Um yeah well maybe,Boats and Fish 2_Grade 4.xlsx,False,False,False,False,False,False,False
68,T,You said two of those little white ones were two twelfths right,Boats and Fish 2_Grade 4.xlsx,False,True,False,False,False,False,False
69,S,Yeah and maybe since two of these little white ones equals up to  one of these,Boats and Fish 2_Grade 4.xlsx,False,False,False,False,False,False,False
69,S,or its one fifth oh I mean one sixth the reds,Boats and Fish 2_Grade 4.xlsx,False,False,False,False,False,False,False
70,T,Oh thats interesting thats kind of interesting then so if you then  used the reds to describe the difference you could call this one sixth  the difference,Boats and Fish 2_Grade 4.xlsx,False,False,True,False,False,False,False
71,S,Uh hmm,Boats and Fish 2_Grade 4.xlsx,False,False,False,False,False,False,False
72,T,And over here,Boats and Fish 2_Grade 4.xlsx,False,False,True,False,False,False,False
72,T,one of the whites you say is one sixth,Boats and Fish 2_Grade 4.xlsx,False,True,False,False,False,False,False
73,S,Yeah,Boats and Fish 2_Grade 4.xlsx,False,False,False,False,False,False,False
74,T,Oh that s interesting two different models,Boats and Fish 2_Grade 4.xlsx,False,False,True,False,False,False,False
74,T,Okay,Boats and Fish 2_Grade 4.xlsx,False,False,True,False,False,False,False
1,T,Im wondering which is bigger one half or two thirds,Boats and Fish 3_Grade 4.xlsx,False,False,True,False,False,False,False
1,T,Now  before you model it you might think in your head before you begin  to model it what you is bigger and if so if one is bigger by how  much,Boats and Fish 3_Grade 4.xlsx,False,False,True,False,False,False,False
1,T,Why don t you work with your partner and see if you can  figure it out,Boats and Fish 3_Grade 4.xlsx,False,True,False,False,False,False,False
2,S,Well we ve got we ve got that whole this is the whole we have the  three thirds and we then the half,Boats and Fish 3_Grade 4.xlsx,False,False,False,False,False,False,False
3,T,And what we supposed to figure out after we did that,Boats and Fish 3_Grade 4.xlsx,False,False,False,True,False,False,False
4,S,Which is bigger a half or two thirds,Boats and Fish 3_Grade 4.xlsx,False,False,False,False,False,False,False
5,T,Oh I want to know,Boats and Fish 3_Grade 4.xlsx,False,False,True,False,False,False,False
5,T,Is it still the same or does it change when your  model changes,Boats and Fish 3_Grade 4.xlsx,False,False,False,True,False,False,False
6,S,Two thirds is still bigger,Boats and Fish 3_Grade 4.xlsx,False,False,False,False,False,False,False
7,T,How much,Boats and Fish 3_Grade 4.xlsx,False,False,False,True,False,False,False
7,T,Let s line  em  up,Boats and Fish 3_Grade 4.xlsx,False,False,True,False,False,False,False
7,T,Two thirds is bigger but now I want to know by how much,Boats and Fish 3_Grade 4.xlsx,False,False,False,True,False,False,False
7,T,Can  you figure that,Boats and Fish 3_Grade 4.xlsx,False,False,False,True,False,False,False
7,T,You need some more whites,Boats and Fish 3_Grade 4.xlsx,False,False,True,False,False,False,False
7,T,Uh how many  more do you think you need,Boats and Fish 3_Grade 4.xlsx,False,False,False,True,False,False,False
7,T,A bunch,Boats and Fish 3_Grade 4.xlsx,False,True,False,False,False,False,False
7,T,Takes a lot doesn t it,Boats and Fish 3_Grade 4.xlsx,False,True,False,False,False,False,False
7,T,How  many do you think,Boats and Fish 3_Grade 4.xlsx,False,False,False,True,False,False,False
8,S,Eighteen,Boats and Fish 3_Grade 4.xlsx,False,False,False,False,False,False,False
9,T,Hmm,Boats and Fish 3_Grade 4.xlsx,False,False,True,False,False,False,False
9,T,So how much larger,Boats and Fish 3_Grade 4.xlsx,False,False,False,True,False,False,False
10,S,It s bigger,Boats and Fish 3_Grade 4.xlsx,False,False,False,False,False,False,False
11,S,One eighteenth,Boats and Fish 3_Grade 4.xlsx,False,False,False,False,False,False,False
12,T,You can use some more of these if you want  Danielle It s bigger by three eighteenths,Boats and Fish 3_Grade 4.xlsx,False,False,True,False,False,False,False
13,T,My goodness tell me help me remember what it was over there,Boats and Fish 3_Grade 4.xlsx,False,False,False,True,False,False,False
14,S,It was bigger by one one sixth,Boats and Fish 3_Grade 4.xlsx,False,False,False,False,False,False,False
15,T,Ok so does that mean we have a different answer,Boats and Fish 3_Grade 4.xlsx,False,True,False,False,False,False,False
15,T,No,Boats and Fish 3_Grade 4.xlsx,False,True,False,False,False,False,False
15,T,This is  different from the other one or the same,Boats and Fish 3_Grade 4.xlsx,False,False,False,True,False,False,False
16,S,It s different in a way and it s the same in a way,Boats and Fish 3_Grade 4.xlsx,False,False,False,False,False,False,False
17,T,How s it different and how s it the same,Boats and Fish 3_Grade 4.xlsx,False,False,False,True,False,False,False
18,S,Well it s the same because the half is smaller and it s different  because um this one it only ta the little box are only um two three  four there s only six of them and here s there s eighteen and this  the thirds are bigger by three eighteenths,Boats and Fish 3_Grade 4.xlsx,False,False,False,False,False,False,False
19,T,You mean yeah the two thirds are bigger by three eighteenths,Boats and Fish 3_Grade 4.xlsx,False,False,False,False,False,False,True
20,S,and the two thirds over here is bigger by one sixth,Boats and Fish 3_Grade 4.xlsx,False,False,False,False,False,False,False
21,T,Mmm hmm,Boats and Fish 3_Grade 4.xlsx,False,False,True,False,False,False,False
21,T,And so you think that you get a different answer if you  have different models,Boats and Fish 3_Grade 4.xlsx,False,True,False,False,False,False,False
21,T,As to how much bigger,Boats and Fish 3_Grade 4.xlsx,False,True,False,False,False,False,False
21,T,I agree with you  you re saying that two thirds is still bigger but it it bigger by a  different thing,Boats and Fish 3_Grade 4.xlsx,False,False,False,True,False,False,False
22,S,Well,Boats and Fish 3_Grade 4.xlsx,False,False,False,False,False,False,False
23,T,You re still looking for another way to do it,Boats and Fish 3_Grade 4.xlsx,False,True,False,False,False,False,False
23,T,That  doesn t quite work does it,Boats and Fish 3_Grade 4.xlsx,False,True,False,False,False,False,False
23,T,We found one way over here we found  this way it seems to me  there ought to be something in between is  that what you re thinking,Boats and Fish 3_Grade 4.xlsx,False,True,False,False,False,False,False
23,T,Hmm I wonder if there s another way,Boats and Fish 3_Grade 4.xlsx,False,False,True,False,False,False,False
23,T,Hmm she used the orange and the brown is there something smaller  than the brown that you could put together that would work no add  onto the orange,Boats and Fish 3_Grade 4.xlsx,False,False,False,True,False,False,False
23,T,She added the brown to the end of the orange and  that got hers to work,Boats and Fish 3_Grade 4.xlsx,False,False,True,False,False,False,False
23,T,This is there something smaller than this  brown that would work attached to this,Boats and Fish 3_Grade 4.xlsx,False,False,False,True,False,False,False
23,T,You tried that one it didn t  work,Boats and Fish 3_Grade 4.xlsx,False,False,True,False,False,False,False
23,T,Let s try this one and see if it can work,Boats and Fish 3_Grade 4.xlsx,False,False,True,False,False,False,False
23,T,Why don t you try the  orange and the red,Boats and Fish 3_Grade 4.xlsx,False,False,True,False,False,False,False
23,T,I m still concerned about about  whether the three eighteenths is a different answer from the one  sixth,Boats and Fish 3_Grade 4.xlsx,False,False,True,False,False,False,False
23,T,You said here that if you have two thirds and a half oh there  you said over here now you have to see if you can do it  with thirds is that right,Boats and Fish 3_Grade 4.xlsx,False,True,False,False,False,False,False
23,T,Hmm,Boats and Fish 3_Grade 4.xlsx,False,False,True,False,False,False,False
23,T,Look we have a  different model over here even,Boats and Fish 3_Grade 4.xlsx,False,False,True,False,False,False,False
23,T,So now we have three,Boats and Fish 3_Grade 4.xlsx,False,False,True,False,False,False,False
23,T,I wonder if  it s going to be the same as yours or if it s going to be the same as  this one,Boats and Fish 3_Grade 4.xlsx,False,False,True,False,False,False,False
23,T,Is two thirds still bigger Greg is two thirds still bigger than  a half on this model too or did it change,Boats and Fish 3_Grade 4.xlsx,False,False,False,True,False,False,False
23,T,Ok Danielle what do you think about this time,Boats and Fish 3_Grade 4.xlsx,False,False,False,True,False,False,False
24,S,Well um two thirds,Boats and Fish 3_Grade 4.xlsx,False,False,False,False,False,False,False
25,T,What is two thirds,Boats and Fish 3_Grade 4.xlsx,False,False,False,True,False,False,False
25,T,Can you build a two thirds and a one half for  him separate so we can then compare,Boats and Fish 3_Grade 4.xlsx,False,False,False,True,False,False,False
26,S,Here s the two thirds and here s the half,Boats and Fish 3_Grade 4.xlsx,False,False,False,False,False,False,False
27,T,What s the difference,Boats and Fish 3_Grade 4.xlsx,False,False,False,True,False,False,False
28,S,and it s bigger by two twelfths,Boats and Fish 3_Grade 4.xlsx,False,False,False,False,False,False,False
28,S,It s  um it s bigger by two twelfths,Boats and Fish 3_Grade 4.xlsx,False,False,False,False,False,False,False
29,T,Oh so is he getting a different answer from that too or are they the  same,Boats and Fish 3_Grade 4.xlsx,True,False,False,False,False,False,False
29,T,How are the answers I don t understand what do you think  about this,Boats and Fish 3_Grade 4.xlsx,False,False,False,True,False,False,False
30,S,One two three,Boats and Fish 3_Grade 4.xlsx,False,False,False,False,False,False,False
31,T,Over here it was how much,Boats and Fish 3_Grade 4.xlsx,False,False,False,True,False,False,False
32,S,This one was bigger by three eighteenths,Boats and Fish 3_Grade 4.xlsx,False,False,False,False,False,False,False
33,T,And this one,Boats and Fish 3_Grade 4.xlsx,False,False,False,True,False,False,False
34,S,Was bigger by  how much,Boats and Fish 3_Grade 4.xlsx,False,False,False,False,False,False,False
35,S,Two twelfths,Boats and Fish 3_Grade 4.xlsx,False,False,False,False,False,False,False
35,S,One two three four five six seven eight nine ten eleven  twelve,Boats and Fish 3_Grade 4.xlsx,False,False,False,False,False,False,False
36,T,And your original one was,Boats and Fish 3_Grade 4.xlsx,False,False,False,True,False,False,False
37,S,It was bigger by one sixth,Boats and Fish 3_Grade 4.xlsx,False,False,False,False,False,False,False
38,T,Oh so what do you think,Boats and Fish 3_Grade 4.xlsx,False,False,False,True,False,False,False
39,S,I think they re all different but then all the same,Boats and Fish 3_Grade 4.xlsx,False,False,False,False,False,False,False
39,S,Cause they re the  same because the thirds are always bigger than the half,Boats and Fish 3_Grade 4.xlsx,False,False,False,False,False,False,False
40,T,The two thirds are always bigger than the half,Boats and Fish 3_Grade 4.xlsx,False,True,False,False,False,False,False
41,S,And um and they re different because these are all the whites,Boats and Fish 3_Grade 4.xlsx,False,False,False,False,False,False,False
42,S,they re different sizes,Boats and Fish 3_Grade 4.xlsx,False,False,False,False,False,False,False
43,S,They re all different like one two uh three they re different,Boats and Fish 3_Grade 4.xlsx,False,False,False,False,False,False,False
43,S,So  they re different like that,Boats and Fish 3_Grade 4.xlsx,False,False,False,False,False,False,False
44,T,Mmm hmm,Boats and Fish 3_Grade 4.xlsx,False,False,True,False,False,False,False
44,T,Is there any other way that you could show that  difference here than with the whites,Boats and Fish 3_Grade 4.xlsx,False,False,False,True,False,False,False
44,T,It s the only way you could  show it there isn t it,Boats and Fish 3_Grade 4.xlsx,False,True,False,False,False,False,False
44,T,I don t mean for you to change your model I  mean is there any other way that you could show me what that  difference looks like without using the whites,Boats and Fish 3_Grade 4.xlsx,False,False,False,True,False,False,False
44,T,Or this difference  here,Boats and Fish 3_Grade 4.xlsx,False,False,False,True,False,False,False
45,S,You could use a light green,Boats and Fish 3_Grade 4.xlsx,False,False,False,False,False,False,False
46,T,What would that be,Boats and Fish 3_Grade 4.xlsx,False,False,False,True,False,False,False
47,S,That would be one That would be one sixth,Boats and Fish 3_Grade 4.xlsx,False,False,False,False,False,False,False
48,T,Hmm,Boats and Fish 3_Grade 4.xlsx,False,False,True,False,False,False,False
48,T,And what did you say it was over here with the little one,Boats and Fish 3_Grade 4.xlsx,False,False,False,True,False,False,False
49,S,Um that s one sixth,Boats and Fish 3_Grade 4.xlsx,False,False,False,False,False,False,False
50,T,Mmm hmm,Boats and Fish 3_Grade 4.xlsx,False,False,True,False,False,False,False
50,T,So if you used the light green,Boats and Fish 3_Grade 4.xlsx,False,False,True,False,False,False,False
51,S,It could be one sixth,Boats and Fish 3_Grade 4.xlsx,False,False,False,False,False,False,False
52,T,It could be one sixth,Boats and Fish 3_Grade 4.xlsx,False,False,False,False,False,True,False
52,T,And if you used the whites,Boats and Fish 3_Grade 4.xlsx,False,False,False,True,False,False,False
53,S,It would be three eighteenths,Boats and Fish 3_Grade 4.xlsx,False,False,False,False,False,False,False
54,T,Mmm hmm,Boats and Fish 3_Grade 4.xlsx,False,False,True,False,False,False,False
54,T,What about for this one,Boats and Fish 3_Grade 4.xlsx,False,False,False,True,False,False,False
55,S,What problem,Boats and Fish 3_Grade 4.xlsx,False,False,False,False,False,False,False
56,T,It was this one here,Boats and Fish 3_Grade 4.xlsx,False,False,True,False,False,False,False
56,T,Uh Gregory I want you to watch and see if you agree with  what Danielle is doing here,Boats and Fish 3_Grade 4.xlsx,True,False,False,False,False,False,False
57,S,And then  that would be one sixth too,Boats and Fish 3_Grade 4.xlsx,False,False,False,False,False,False,False
58,T,Mmm over each of  em,Boats and Fish 3_Grade 4.xlsx,False,True,False,False,False,False,False
59,S,That would be one sixth that would be one sixth and that one would  be one sixth,Boats and Fish 3_Grade 4.xlsx,False,False,False,False,False,False,False
60,T,But you have had two two different names for the answer if you did  it this way it was,Boats and Fish 3_Grade 4.xlsx,False,False,False,True,False,False,False
61,S,It was two twelfths,Boats and Fish 3_Grade 4.xlsx,False,False,False,False,False,False,False
62,T,And and uh Gregory for this one over here where she had the  three what was the name for that one,Boats and Fish 3_Grade 4.xlsx,False,False,False,True,False,False,False
63,S,Three eighteenths,Boats and Fish 3_Grade 4.xlsx,False,False,False,False,False,False,False
64,T,Yeah it was,Boats and Fish 3_Grade 4.xlsx,False,False,True,False,False,False,False
1,T,I m  going to have to have to stop you for a minute I know that I hate to  do this because I know you re working all so hard but I would like  to spend ten minutes uh just have us think about a few things and  you can finish this is that ok Mrs Phillips if they can finish writing  this up for us when we come back on Wed,Boats and Fish 4_Grade 4 .xlsx,False,False,True,False,False,False,False
1,T,Ok so you really have  today and maybe some time tomorrow to finish writing this up,Boats and Fish 4_Grade 4 .xlsx,False,False,True,False,False,False,False
1,T,I I  would like all of you though to sort of give me your attention for a  minute um because I m wondering about a few things,Boats and Fish 4_Grade 4 .xlsx,False,False,True,False,False,False,False
1,T,I need you  to help me straighten out some things in my head and if you can  help me straighten them out in my head you may be helping out  other people straighten them out also,Boats and Fish 4_Grade 4 .xlsx,False,False,True,False,False,False,False
1,T,So I m going to ask you some  some important questions are you all listening to my questions,Boats and Fish 4_Grade 4 .xlsx,False,True,False,False,False,False,False
1,T,If  you could stop what you re doing for a moment I know it s hard  and sort of listen to my questions,Boats and Fish 4_Grade 4 .xlsx,False,False,True,False,False,False,False
1,T,How many of you made one  model and absolutely are convinced that you know by your model  which is bigger one half or two thirds,Boats and Fish 4_Grade 4 .xlsx,False,True,False,False,False,False,False
1,T,How many of you did that  with one model and you are absolutely convinced with your model  you know which is bigger one half or two thirds,Boats and Fish 4_Grade 4 .xlsx,False,True,False,False,False,False,False
1,T,Would you please  raise your hand if you made one model you could have made more  than one but you made at least one,Boats and Fish 4_Grade 4 .xlsx,False,True,False,False,False,False,False
1,T,If you made at least one model  girls and you re absolutely convinced No  one could persuade you otherwise that you know which is bigger  one half or two thirds,Boats and Fish 4_Grade 4 .xlsx,False,True,False,False,False,False,False
1,T,Alright so tell me which is bigger,Boats and Fish 4_Grade 4 .xlsx,False,False,False,True,False,False,False
2,S,Two thirds,Boats and Fish 4_Grade 4 .xlsx,False,False,False,False,False,False,False
3,T,Again,Boats and Fish 4_Grade 4 .xlsx,False,True,False,False,False,False,False
4,S,Two thirds,Boats and Fish 4_Grade 4 .xlsx,False,False,False,False,False,False,False
5,T,And you also know how much bigger,Boats and Fish 4_Grade 4 .xlsx,False,False,True,False,False,False,False
5,T,How many of you are  convinced you know how much bigger and no one can persuade you  otherwise that two thirds is not only bigger than a half but it is how  much bigger,Boats and Fish 4_Grade 4 .xlsx,False,False,False,True,False,False,False
6,S,One sixth,Boats and Fish 4_Grade 4 .xlsx,False,False,False,False,False,False,False
7,T,How many of you believe one sixth,Boats and Fish 4_Grade 4 .xlsx,False,True,False,False,False,False,False
7,T,That s what I thought  Walking around I thought that that is what I  believe that everyone has done,Boats and Fish 4_Grade 4 .xlsx,False,False,True,False,False,False,False
7,T,How many of you made a second  model,Boats and Fish 4_Grade 4 .xlsx,False,True,False,False,False,False,False
8,S,Oh Oh,Boats and Fish 4_Grade 4 .xlsx,False,False,False,False,False,False,False
9,T,You could have made more than two but you made at least two  models,Boats and Fish 4_Grade 4 .xlsx,False,False,True,False,False,False,False
9,T,And in your second model you got a different answer,Boats and Fish 4_Grade 4 .xlsx,False,False,True,False,False,False,False
9,T,You  got an entirely different answer you no longer have two thirds  bigger than one half you showed something else,Boats and Fish 4_Grade 4 .xlsx,False,False,True,False,False,False,False
9,T,Are you all  watching,Boats and Fish 4_Grade 4 .xlsx,False,True,False,False,False,False,False
9,T,Some of you got a second model that showed something  different,Boats and Fish 4_Grade 4 .xlsx,False,False,True,False,False,False,False
9,T,Meredith,Boats and Fish 4_Grade 4 .xlsx,False,True,False,False,False,False,False
9,T,Lets listen to what Meredith says,Boats and Fish 4_Grade 4 .xlsx,False,False,True,False,False,False,False
9,T,Girls why don t we stop that for just a moment and then  we ll make some more,Boats and Fish 4_Grade 4 .xlsx,False,False,True,False,False,False,False
9,T,Listen listen,Boats and Fish 4_Grade 4 .xlsx,False,False,True,False,False,False,False
9,T,You think you  showed something else in your second model,Boats and Fish 4_Grade 4 .xlsx,False,False,False,True,False,False,False
9,T,I am  really confused,Boats and Fish 4_Grade 4 .xlsx,False,False,True,False,False,False,False
9,T,I have no idea what Meredith is going to do,Boats and Fish 4_Grade 4 .xlsx,False,False,True,False,False,False,False
9,T,Because I thought I understood this and I thought she was going to  tell me she got the same answer,Boats and Fish 4_Grade 4 .xlsx,False,False,True,False,False,False,False
9,T,Did you think that,Boats and Fish 4_Grade 4 .xlsx,False,True,False,False,False,False,False
9,T,And now she s  telling me no,Boats and Fish 4_Grade 4 .xlsx,False,False,True,False,False,False,False
9,T,Im going to get so confused,Boats and Fish 4_Grade 4 .xlsx,False,False,True,False,False,False,False
9,T,You are all going to have to help me,Boats and Fish 4_Grade 4 .xlsx,False,False,True,False,False,False,False
9,T,How many of you  built a second model that looks like that model up there that  Meredith is fiddling with,Boats and Fish 4_Grade 4 .xlsx,True,False,False,False,False,False,False
9,T,How many of you have a model that looks  like that,Boats and Fish 4_Grade 4 .xlsx,True,False,False,False,False,False,False
9,T,By the way what was one in that  model,Boats and Fish 4_Grade 4 .xlsx,False,False,False,True,False,False,False
9,T,What did you call one in that model,Boats and Fish 4_Grade 4 .xlsx,False,False,False,True,False,False,False
9,T,Amy,Boats and Fish 4_Grade 4 .xlsx,False,True,False,False,False,False,False
10,S,Ah the orange and red,Boats and Fish 4_Grade 4 .xlsx,False,False,False,False,False,False,False
11,T,How many of you called  one  orange and red in that model,Boats and Fish 4_Grade 4 .xlsx,False,True,False,False,False,False,False
11,T,Yeah  you did that model,Boats and Fish 4_Grade 4 .xlsx,False,False,True,False,False,False,False
11,T,Did you get to have two thirds bigger than a  half,Boats and Fish 4_Grade 4 .xlsx,False,True,False,False,False,False,False
12,S,No,Boats and Fish 4_Grade 4 .xlsx,False,False,False,False,False,False,False
13,T,Amy got two thirds bigger than a half in that model how many of  you got two thirds bigger than a half in that model where the orange  and the red were one,Boats and Fish 4_Grade 4 .xlsx,False,False,True,False,False,False,False
13,T,Michael didnt Meredith did,Boats and Fish 4_Grade 4 .xlsx,False,False,True,False,False,False,False
13,T,You didn t  Michael,Boats and Fish 4_Grade 4 .xlsx,False,True,False,False,False,False,False
14,S,No they cant do that,Boats and Fish 4_Grade 4 .xlsx,False,False,False,False,False,False,False
14,S,Because um the the two  thirds are bigger than the half by a red,Boats and Fish 4_Grade 4 .xlsx,False,False,False,False,False,False,False
14,S,So they cant use those whites  to show it,Boats and Fish 4_Grade 4 .xlsx,False,False,False,False,False,False,False
15,T,Oh but youre saying that youre saying that two thirds whats a  third,Boats and Fish 4_Grade 4 .xlsx,False,False,False,True,False,False,False
16,S,A third is the purple,Boats and Fish 4_Grade 4 .xlsx,False,False,False,False,False,False,False
17,T,And what s two thirds,Boats and Fish 4_Grade 4 .xlsx,False,False,False,True,False,False,False
17,T,Just tell us,Boats and Fish 4_Grade 4 .xlsx,False,False,False,True,False,False,False
18,S,Um two thirds is two purples,Boats and Fish 4_Grade 4 .xlsx,False,False,False,False,False,False,False
19,T,Did you all do that,Boats and Fish 4_Grade 4 .xlsx,True,False,False,False,False,False,False
19,T,Did you get two thirds to be two purples,Boats and Fish 4_Grade 4 .xlsx,False,True,False,False,False,False,False
19,T,And what did you get to be one half,Boats and Fish 4_Grade 4 .xlsx,False,False,False,True,False,False,False
20,S,Uh dark green,Boats and Fish 4_Grade 4 .xlsx,False,False,False,False,False,False,False
21,T,Did you get dark green to be a half,Boats and Fish 4_Grade 4 .xlsx,False,True,False,False,False,False,False
21,T,And you got two thirds to be bigger  than one half,Boats and Fish 4_Grade 4 .xlsx,False,True,False,False,False,False,False
22,S,Yes,Boats and Fish 4_Grade 4 .xlsx,False,False,False,False,False,False,False
23,T,By how much,Boats and Fish 4_Grade 4 .xlsx,False,False,False,True,False,False,False
24,S,By one sixth,Boats and Fish 4_Grade 4 .xlsx,False,False,False,False,False,False,False
25,S,Or or two twelfths,Boats and Fish 4_Grade 4 .xlsx,False,False,False,False,False,False,False
26,S,No,Boats and Fish 4_Grade 4 .xlsx,False,False,False,False,False,False,False
27,T,Tell us Meredith,Boats and Fish 4_Grade 4 .xlsx,False,False,False,True,False,False,False
27,T,Aha,Boats and Fish 4_Grade 4 .xlsx,False,False,True,False,False,False,False
27,T,How many of you got one sixth,Boats and Fish 4_Grade 4 .xlsx,False,True,False,False,False,False,False
27,T,And what rod did you use to represent one sixth,Boats and Fish 4_Grade 4 .xlsx,False,False,False,True,False,False,False
27,T,What color rod,Boats and Fish 4_Grade 4 .xlsx,False,False,False,True,False,False,False
28,S,Red,Boats and Fish 4_Grade 4 .xlsx,False,False,False,False,False,False,False
29,T,How many of you used a red rod to represent one sixth in that model  and you showed it was bigger by one sixth,Boats and Fish 4_Grade 4 .xlsx,False,True,False,False,False,False,False
29,T,And Meredith says she  did it a little differently and she didnt get one sixth,Boats and Fish 4_Grade 4 .xlsx,False,False,True,False,False,False,False
29,T,And what did  you get Meredith,Boats and Fish 4_Grade 4 .xlsx,False,False,False,True,False,False,False
30,S,Two twelfths,Boats and Fish 4_Grade 4 .xlsx,False,False,False,False,False,False,False
31,T,What do you think about that,Boats and Fish 4_Grade 4 .xlsx,True,False,False,False,False,False,False
32,S,Well in a way,Boats and Fish 4_Grade 4 .xlsx,False,False,False,False,False,False,False
32,S,No,Boats and Fish 4_Grade 4 .xlsx,False,False,False,False,False,False,False
32,S,Uh uh,Boats and Fish 4_Grade 4 .xlsx,False,False,False,False,False,False,False
33,T,Well she showed its bigger by the two whites she shows two  whites bigger,Boats and Fish 4_Grade 4 .xlsx,False,False,True,False,False,False,False
34,S,Yeah but then she would have to call the two whites together one  sixth,Boats and Fish 4_Grade 4 .xlsx,False,False,False,False,False,False,False
35,S,Yeah exactly,Boats and Fish 4_Grade 4 .xlsx,False,False,False,False,False,False,False
36,S,Shes calling the whites one white one sixth,Boats and Fish 4_Grade 4 .xlsx,False,False,False,False,False,False,False
37,S,Yeah she said,Boats and Fish 4_Grade 4 .xlsx,False,False,False,False,False,False,False
38,T,Shes calling one white one sixth,Boats and Fish 4_Grade 4 .xlsx,True,False,False,False,False,False,False
39,S,No Im not Im calling it one twelfth,Boats and Fish 4_Grade 4 .xlsx,False,False,False,False,False,False,False
40,T,Shes calling one white one twelfth,Boats and Fish 4_Grade 4 .xlsx,False,False,False,False,False,False,True
41,S,Yeah but see just the whites together,Boats and Fish 4_Grade 4 .xlsx,False,False,False,False,False,False,False
41,S,Thatd be right it would be  two twelfths,Boats and Fish 4_Grade 4 .xlsx,False,False,False,False,False,False,False
41,S,But you have to combine them,Boats and Fish 4_Grade 4 .xlsx,False,False,False,False,False,False,False
41,S,You cant call them  you can call them separately but you could also call them combined  and if you combine them it would be uh one sixth,Boats and Fish 4_Grade 4 .xlsx,False,False,False,False,False,False,False
42,T,Ok but she didnt combine them and shes calling the two whites  together again Meredith,Boats and Fish 4_Grade 4 .xlsx,False,False,False,True,False,False,False
43,S,One twelfth two twelfths,Boats and Fish 4_Grade 4 .xlsx,False,False,False,False,False,False,False
44,T,Two twelfths,Boats and Fish 4_Grade 4 .xlsx,False,False,False,False,False,True,False
44,T,She s calling,Boats and Fish 4_Grade 4 .xlsx,False,False,True,False,False,False,False
44,T,Do you all agree that one  white has a the number name for the white rod is one twelfth,Boats and Fish 4_Grade 4 .xlsx,True,False,False,False,False,False,False
44,T,Someone told me that when I was walking around it might have  been Audra,Boats and Fish 4_Grade 4 .xlsx,False,False,True,False,False,False,False
44,T,And some other people told me a white would be one  twelfth,Boats and Fish 4_Grade 4 .xlsx,False,True,False,False,False,False,False
44,T,Is that true,Boats and Fish 4_Grade 4 .xlsx,False,True,False,False,False,False,False
44,T,And two white rods would be,Boats and Fish 4_Grade 4 .xlsx,False,False,False,True,False,False,False
45,S,Two twelfths,Boats and Fish 4_Grade 4 .xlsx,False,False,False,False,False,False,False
46,T,Two twelfths,Boats and Fish 4_Grade 4 .xlsx,False,False,False,False,False,True,False
46,T,And one red would be,Boats and Fish 4_Grade 4 .xlsx,False,False,False,True,False,False,False
47,S,One sixth,Boats and Fish 4_Grade 4 .xlsx,False,False,False,False,False,False,False
48,T,One sixth,Boats and Fish 4_Grade 4 .xlsx,False,False,False,False,False,True,False
48,T,So so what is Meredith saying here,Boats and Fish 4_Grade 4 .xlsx,False,True,False,False,False,False,False
49,S,Theres two answers,Boats and Fish 4_Grade 4 .xlsx,False,False,False,False,False,False,False
50,T,Are there two answers,Boats and Fish 4_Grade 4 .xlsx,False,True,False,False,False,False,False
51,S,No theyre the same answer,Boats and Fish 4_Grade 4 .xlsx,False,False,False,False,False,False,False
52,S,No theyre the exact same thing except she she took the red and  divided it into half she divided it into halves into half and called  and called each half one twelfth,Boats and Fish 4_Grade 4 .xlsx,False,False,False,False,False,False,False
52,S,Theyre the exact same answer  except theyre just in two parts,Boats and Fish 4_Grade 4 .xlsx,False,False,False,False,False,False,False
53,T,Let me write this  down,Boats and Fish 4_Grade 4 .xlsx,False,False,True,False,False,False,False
53,T,This what you are saying here is so important here,Boats and Fish 4_Grade 4 .xlsx,False,False,True,False,False,False,False
53,T,Let me  see if I can write this down,Boats and Fish 4_Grade 4 .xlsx,False,False,True,False,False,False,False
53,T,Youre saying that youre calling the red  youre giving red the number name right,Boats and Fish 4_Grade 4 .xlsx,False,True,False,False,False,False,False
53,T,The length of the red  right,Boats and Fish 4_Grade 4 .xlsx,False,True,False,False,False,False,False
53,T,Well give it the number name what did you say,Boats and Fish 4_Grade 4 .xlsx,False,True,False,False,False,False,False
54,S,One sixth,Boats and Fish 4_Grade 4 .xlsx,False,False,False,False,False,False,False
55,T,One sixth,Boats and Fish 4_Grade 4 .xlsx,False,False,False,False,False,True,False
55,T,And two whites can I write two  w   for  two whites,Boats and Fish 4_Grade 4 .xlsx,False,True,False,False,False,False,False
56,S,Yeah,Boats and Fish 4_Grade 4 .xlsx,False,False,False,False,False,False,False
57,T,And youre calling two whites,Boats and Fish 4_Grade 4 .xlsx,False,False,False,True,False,False,False
58,S,Two twelfths,Boats and Fish 4_Grade 4 .xlsx,False,False,False,False,False,False,False
59,T,Two twelfths,Boats and Fish 4_Grade 4 .xlsx,False,False,False,False,False,True,False
59,T,But what Erik just told me right  is something about red and white,Boats and Fish 4_Grade 4 .xlsx,False,False,True,False,False,False,False
60,S,Yeah,Boats and Fish 4_Grade 4 .xlsx,False,False,False,False,False,False,False
60,S,A red one red equals one red rod up here one red equals two  of the white ones,Boats and Fish 4_Grade 4 .xlsx,False,False,False,False,False,False,False
61,T,So were talking about the length of the red rod the  length of the red rod is the same as the length of the two white rods,Boats and Fish 4_Grade 4 .xlsx,False,True,False,False,False,False,False
61,T,Is that  true,Boats and Fish 4_Grade 4 .xlsx,False,True,False,False,False,False,False
61,T,Do you all agree to that,Boats and Fish 4_Grade 4 .xlsx,True,False,False,False,False,False,False
62,S,Yeah,Boats and Fish 4_Grade 4 .xlsx,False,False,False,False,False,False,False
62,S,Yes,Boats and Fish 4_Grade 4 .xlsx,False,False,False,False,False,False,False
63,S,And since shes calling a white rod one twelfth and the other white  rod one twelfth and the red rod is really one sixth,Boats and Fish 4_Grade 4 .xlsx,False,False,False,False,False,False,False
63,S,But when she  calls them two twelfths the two twelfths are actually just two white  rods put together to equal a red so it should be really its really one  sixth,Boats and Fish 4_Grade 4 .xlsx,False,False,False,False,False,False,False
63,S,Because two whites two whites,Boats and Fish 4_Grade 4 .xlsx,False,False,False,False,False,False,False
64,T,She says one white is a twelfth and then if you put it together  with another one twelfth shes saying you get two twelfths,Boats and Fish 4_Grade 4 .xlsx,False,False,True,False,False,False,False
65,S,And its one sixth its one sixth,Boats and Fish 4_Grade 4 .xlsx,False,False,False,False,False,False,False
66,T,And youre saying if you have if you take one half thats all right,Boats and Fish 4_Grade 4 .xlsx,False,True,False,False,False,False,False
66,T,If youre taking one half of one sixth youre  saying you get one twelfth  Youre saying that,Boats and Fish 4_Grade 4 .xlsx,False,False,True,False,False,False,False
66,T,Thats the two things Im hearing,Boats and Fish 4_Grade 4 .xlsx,False,False,True,False,False,False,False
66,T,Right,Boats and Fish 4_Grade 4 .xlsx,False,False,True,False,False,False,False
66,T,And  youre saying that the length of one sixth is the same as  the length of two twelfths,Boats and Fish 4_Grade 4 .xlsx,False,False,True,False,False,False,False
66,T,Is that what you are saying,Boats and Fish 4_Grade 4 .xlsx,False,True,False,False,False,False,False
67,S,Yeah,Boats and Fish 4_Grade 4 .xlsx,False,False,False,False,False,False,False
68,T,All those things are they true,Boats and Fish 4_Grade 4 .xlsx,False,True,False,False,False,False,False
69,S,Yeah,Boats and Fish 4_Grade 4 .xlsx,False,False,False,False,False,False,False
69,S,But I dont really think you could call call them two twelfths  because two twelfths equal exactly to the same size as one sixth,Boats and Fish 4_Grade 4 .xlsx,False,False,False,False,False,False,False
69,S,Well if you want to you could call them I guess,Boats and Fish 4_Grade 4 .xlsx,False,False,False,False,False,False,False
69,S,But I think it  would be easier just to call them one sixth then wouldnt want to  exactly call them one twelfth and another twelfth,Boats and Fish 4_Grade 4 .xlsx,False,False,False,False,False,False,False
69,S,Id just call them  one sixth,Boats and Fish 4_Grade 4 .xlsx,False,False,False,False,False,False,False
69,S,Therefore I think you just really call them one sixth,Boats and Fish 4_Grade 4 .xlsx,False,False,False,False,False,False,False
70,S,Well maybe you can call them,Boats and Fish 4_Grade 4 .xlsx,False,False,False,False,False,False,False
71,S,Well you can call them if you want to but,Boats and Fish 4_Grade 4 .xlsx,False,False,False,False,False,False,False
72,T,Well we have different number names for these rods,Boats and Fish 4_Grade 4 .xlsx,False,False,True,False,False,False,False
73,S,they re not different,Boats and Fish 4_Grade 4 .xlsx,False,False,False,False,False,False,False
74,S,Theres just half of one theres just half of one,Boats and Fish 4_Grade 4 .xlsx,False,False,False,False,False,False,False
75,T,So youre saying that one half of the one sixth is another way of  saying one twelfth,Boats and Fish 4_Grade 4 .xlsx,False,False,False,False,False,False,True
76,S,Theyre just two answers,Boats and Fish 4_Grade 4 .xlsx,False,False,False,False,False,False,False
77,T,Well youre saying if you took a twelfth a rod that has length one  twelfth and another rod that has length one twelfth and put them  together right,Boats and Fish 4_Grade 4 .xlsx,False,True,False,False,False,False,False
77,T,That rod would have length two twelfths,Boats and Fish 4_Grade 4 .xlsx,False,False,True,False,False,False,False
77,T,Isnt that  what you said,Boats and Fish 4_Grade 4 .xlsx,False,True,False,False,False,False,False
78,S,What Erik said is that two whites equal one red so it would be the  exact same thing,Boats and Fish 4_Grade 4 .xlsx,False,False,False,False,False,False,False
79,T,Or a rod that has length one sixth that would be the red one in this  problem would also have length two twelfths,Boats and Fish 4_Grade 4 .xlsx,False,False,True,False,False,False,False
79,T,Is that what you said  when you talk about the lengths of the rods,Boats and Fish 4_Grade 4 .xlsx,False,True,False,False,False,False,False
79,T,So are all of these true  statements,Boats and Fish 4_Grade 4 .xlsx,False,True,False,False,False,False,False
80,S,Yeah,Boats and Fish 4_Grade 4 .xlsx,False,False,False,False,False,False,False
81,T,Thats amazing,Boats and Fish 4_Grade 4 .xlsx,False,False,True,False,False,False,False
81,T,Look at all the fancy mathematics youre doing  thats amazing,Boats and Fish 4_Grade 4 .xlsx,False,False,True,False,False,False,False
81,T,Thats something for us to think about ok,Boats and Fish 4_Grade 4 .xlsx,False,True,False,False,False,False,False
81,T,So  Meredith is still saying that I dont disagree with you when I say  that its a red bigger in this model  right,Boats and Fish 4_Grade 4 .xlsx,False,True,False,False,False,False,False
82,S,Um hmm,Boats and Fish 4_Grade 4 .xlsx,False,False,False,False,False,False,False
83,T,Im just going to give this red a different number name,Boats and Fish 4_Grade 4 .xlsx,False,False,True,False,False,False,False
83,T,I could give  it the number name one sixth if I think about it when I compare it to  the rod I call one the orange and red I could give it the number  name one sixth,Boats and Fish 4_Grade 4 .xlsx,False,False,True,False,False,False,False
83,T,Or if Im thinking about the white rods right,Boats and Fish 4_Grade 4 .xlsx,False,True,False,False,False,False,False
83,T,I  could give it the number name two twelfths,Boats and Fish 4_Grade 4 .xlsx,False,False,True,False,False,False,False
83,T,And thats very  interesting,Boats and Fish 4_Grade 4 .xlsx,False,False,True,False,False,False,False
83,T,Does that contradict what youre doing,Boats and Fish 4_Grade 4 .xlsx,False,True,False,False,False,False,False
83,T,Or does it still  work what youre doing,Boats and Fish 4_Grade 4 .xlsx,False,True,False,False,False,False,False
83,T,It still works Meredith thinks,Boats and Fish 4_Grade 4 .xlsx,False,False,True,False,False,False,False
83,T,Thats  something to think about isnt it,Boats and Fish 4_Grade 4 .xlsx,False,True,False,False,False,False,False
83,T,That s very interesting thank you  for sharing that,Boats and Fish 4_Grade 4 .xlsx,False,False,True,False,False,False,False
83,T,Well I think we ve run out of time,Boats and Fish 4_Grade 4 .xlsx,False,False,True,False,False,False,False
2,T,It looks like histogram F and situation 5,Borko.TranscriptofWholeClassDebrief.xlsx,False,False,True,False,False,False,False
2,T,would you read it,Borko.TranscriptofWholeClassDebrief.xlsx,False,True,False,False,False,False,False
3,S,Situation 5 is  This test was very difficult for most people,Borko.TranscriptofWholeClassDebrief.xlsx,False,False,False,False,False,False,False
4,T,Ok and can you tell us why your group feels good about that match,Borko.TranscriptofWholeClassDebrief.xlsx,False,False,False,False,True,False,False
5,S,Our group felt that it was pretty good match because when it says its most difficult and then we checked it the highest score is mostly in the lowest score while little bit to no people got the highest score of 90 or 100 percent,Borko.TranscriptofWholeClassDebrief.xlsx,False,False,False,False,False,False,False
6,T,Ok Um whats the frequency for the bin thats the highest bar,Borko.TranscriptofWholeClassDebrief.xlsx,False,False,False,True,False,False,False
6,T,I cant see it,Borko.TranscriptofWholeClassDebrief.xlsx,False,False,True,False,False,False,False
7,S,According to me its approximately 42 people got a 20 to 30 percent score,Borko.TranscriptofWholeClassDebrief.xlsx,False,False,False,False,False,False,False
8,T,Ooooo ooooo,Borko.TranscriptofWholeClassDebrief.xlsx,False,False,True,False,False,False,False
8,T,Um how many groups matched um histogram F with 5,Borko.TranscriptofWholeClassDebrief.xlsx,False,True,False,False,False,False,False
8,T,Can I see,Borko.TranscriptofWholeClassDebrief.xlsx,False,True,False,False,False,False,False
8,T,How many groups did that match,Borko.TranscriptofWholeClassDebrief.xlsx,False,True,False,False,False,False,False
8,T,Wow,Borko.TranscriptofWholeClassDebrief.xlsx,False,False,True,False,False,False,False
8,T,So only two other groups besides,Borko.TranscriptofWholeClassDebrief.xlsx,False,False,True,False,False,False,False
8,T,Um can I get a group who has a different situation for histogram F,Borko.TranscriptofWholeClassDebrief.xlsx,True,False,False,False,False,False,False
8,T,Histogram F,Borko.TranscriptofWholeClassDebrief.xlsx,False,True,False,False,False,False,False
8,T,Did anyone feel good about F,Borko.TranscriptofWholeClassDebrief.xlsx,False,True,False,False,False,False,False
8,T,whos the recorderreporter,Borko.TranscriptofWholeClassDebrief.xlsx,False,True,False,False,False,False,False
8,T,come on up,Borko.TranscriptofWholeClassDebrief.xlsx,False,True,False,False,False,False,False
8,T,keep yours up there,Borko.TranscriptofWholeClassDebrief.xlsx,False,False,True,False,False,False,False
8,T,Maybe move it to the side and would you stay right there,Borko.TranscriptofWholeClassDebrief.xlsx,False,False,True,False,False,False,False
8,T,I want another group who had a different interpretation of that,Borko.TranscriptofWholeClassDebrief.xlsx,False,False,True,False,False,False,False
8,T,Great,Borko.TranscriptofWholeClassDebrief.xlsx,False,False,True,False,False,False,False
8,T,Can you,Borko.TranscriptofWholeClassDebrief.xlsx,False,True,False,False,False,False,False
8,T,Oh that was your handwritten one,Borko.TranscriptofWholeClassDebrief.xlsx,False,False,True,False,False,False,False
8,T,Fabulous can you read for us please,Borko.TranscriptofWholeClassDebrief.xlsx,False,True,False,False,False,False,False
9,S,Some people got low scores but most people but some people could do everything,Borko.TranscriptofWholeClassDebrief.xlsx,False,False,False,False,False,False,False
10,T,Could do,Borko.TranscriptofWholeClassDebrief.xlsx,False,True,False,False,False,False,False
11,S,Everything,Borko.TranscriptofWholeClassDebrief.xlsx,False,False,False,False,False,False,False
12,T,Everything,Borko.TranscriptofWholeClassDebrief.xlsx,False,True,False,False,False,False,False
12,T,Ok,Borko.TranscriptofWholeClassDebrief.xlsx,False,False,True,False,False,False,False
12,T,Could you justify that,Borko.TranscriptofWholeClassDebrief.xlsx,False,False,False,True,False,False,False
12,T,What made you guys write that for histogram F,Borko.TranscriptofWholeClassDebrief.xlsx,False,False,False,True,False,False,False
13,S,Uh like like some people got like low scores and like there was like some people got like everything right,Borko.TranscriptofWholeClassDebrief.xlsx,False,False,False,False,False,False,False
14,T,Uhhuh,Borko.TranscriptofWholeClassDebrief.xlsx,False,False,True,False,False,False,False
14,T,How many people got everything right,Borko.TranscriptofWholeClassDebrief.xlsx,False,False,False,True,False,False,False
15,S,Like one or two,Borko.TranscriptofWholeClassDebrief.xlsx,False,False,False,False,False,False,False
16,T,Ok,Borko.TranscriptofWholeClassDebrief.xlsx,False,False,True,False,False,False,False
16,T,Questions or comments about both of these,Borko.TranscriptofWholeClassDebrief.xlsx,True,False,False,False,False,False,False
16,T,Anybody want to share comments or questions,Borko.TranscriptofWholeClassDebrief.xlsx,True,False,False,False,False,False,False
16,T,Ok I have the different people from the same two groups,Borko.TranscriptofWholeClassDebrief.xlsx,False,False,True,False,False,False,False
16,T,Um  hold yours for a minute because thats your person,Borko.TranscriptofWholeClassDebrief.xlsx,False,False,True,False,False,False,False
16,T,do you want to rebuttal,Borko.TranscriptofWholeClassDebrief.xlsx,True,False,False,False,False,False,False
17,S,What I was thinking that it doesnt work because its little to no people not because some people might be like more than because its real   its more real to have 100 percent on histogram F while the lowest scores from 20 to 30 theres a bunch of people that has a low score,Borko.TranscriptofWholeClassDebrief.xlsx,False,False,False,False,False,False,False
18,T,I see,Borko.TranscriptofWholeClassDebrief.xlsx,False,False,True,False,False,False,False
18,T,Alright,Borko.TranscriptofWholeClassDebrief.xlsx,False,False,True,False,False,False,False
18,T,Um  do you want to rebut him,Borko.TranscriptofWholeClassDebrief.xlsx,True,False,False,False,False,False,False
19,S,I think that,Borko.TranscriptofWholeClassDebrief.xlsx,False,False,False,False,False,False,False
20,T,Even though  is up here,Borko.TranscriptofWholeClassDebrief.xlsx,False,False,True,False,False,False,False
21,S,I think that the situation you gave fits more to histogram A because um histogram A shows no people getting scores of 70 to 80 or higher and so that means that everybody got a very low sco or a low score whereas in um histogram F a few people got a score that was 70 to 80 80 to 90 90 to 100,Borko.TranscriptofWholeClassDebrief.xlsx,False,False,False,False,False,False,False
22,T,So are you saying that your group took s group number 5 situation and put it with A,Borko.TranscriptofWholeClassDebrief.xlsx,False,True,False,False,False,False,False
23,S,Yes,Borko.TranscriptofWholeClassDebrief.xlsx,False,False,False,False,False,False,False
24,T,Ok um how many people,Borko.TranscriptofWholeClassDebrief.xlsx,False,False,False,True,False,False,False
24,T,would you take your number 5 just to be visual and would put it over here,Borko.TranscriptofWholeClassDebrief.xlsx,False,False,True,False,False,False,False
24,T,How many people did that one,Borko.TranscriptofWholeClassDebrief.xlsx,False,True,False,False,False,False,False
24,T,Oh wow,Borko.TranscriptofWholeClassDebrief.xlsx,False,False,True,False,False,False,False
24,T,Wow,Borko.TranscriptofWholeClassDebrief.xlsx,False,False,True,False,False,False,False
24,T,That Im Hey youre not right or wrong answer,Borko.TranscriptofWholeClassDebrief.xlsx,False,False,True,False,False,False,False
24,T,Its about the strength of your argument,Borko.TranscriptofWholeClassDebrief.xlsx,False,False,True,False,False,False,False
24,T,Im not Theres no right or wrong answer,Borko.TranscriptofWholeClassDebrief.xlsx,False,False,True,False,False,False,False
1,T,So what were gonna look at now is go back to this idea of 0,CECILIO DIMAS pt 2.xlsx,False,False,True,False,False,False,False
1,T,What does 0 tell us about these three different plans,CECILIO DIMAS pt 2.xlsx,False,False,False,True,False,False,False
1,T,What did we learn about 0 with this table with Student As table that we didnt necessarily learn with Student Hs table,CECILIO DIMAS pt 2.xlsx,False,False,False,True,False,False,False
1,T,So what are we learning about 0,CECILIO DIMAS pt 2.xlsx,False,False,False,True,False,False,False
1,T,Go ahead and talk to your shoulder partner please for a quick moment,CECILIO DIMAS pt 2.xlsx,False,True,False,False,False,False,False
2,S,Ya vi que este no no esta  bien,CECILIO DIMAS pt 2.xlsx,False,False,False,False,False,False,False
3,S,No esta  bien,CECILIO DIMAS pt 2.xlsx,False,False,False,False,False,False,False
4,S,Porque este esta  cobrando mas que tiene que cobrar,CECILIO DIMAS pt 2.xlsx,False,False,False,False,False,False,False
5,S,Si no fueran aqui fueron 24,CECILIO DIMAS pt 2.xlsx,False,False,False,False,False,False,False
6,S,Oh si,CECILIO DIMAS pt 2.xlsx,False,False,False,False,False,False,False
7,T,So if 0 is important Id like you to tell me with thumbsup under your chin if 0 is not important show me with thumbsdown,CECILIO DIMAS pt 2.xlsx,False,True,False,False,False,False,False
7,T,Okay,CECILIO DIMAS pt 2.xlsx,False,False,True,False,False,False,False
7,T,Hands down,CECILIO DIMAS pt 2.xlsx,False,False,True,False,False,False,False
7,T,Why is 0 important,CECILIO DIMAS pt 2.xlsx,False,False,False,False,True,False,False
7,T,Again why is 0 important,CECILIO DIMAS pt 2.xlsx,False,False,False,False,True,False,False
7,T,Katie,CECILIO DIMAS pt 2.xlsx,False,True,False,False,False,False,False
8,S,Because its showing you that with with On with Online Flix and Mail Flix you still have to pay the monthly fee even though youre not buying any movies,CECILIO DIMAS pt 2.xlsx,False,False,False,False,False,False,False
9,T,Okay,CECILIO DIMAS pt 2.xlsx,False,False,True,False,False,False,False
9,T,Could I have someone restate what Katie just shared,CECILIO DIMAS pt 2.xlsx,False,True,False,False,False,False,False
9,T,Hailey,CECILIO DIMAS pt 2.xlsx,False,True,False,False,False,False,False
10,S,Like even though like it says for either one of them that you have to pay a fee and youre still paying it but on Movie Busters if you dont get anything youre not gonna have a fee to pay,CECILIO DIMAS pt 2.xlsx,False,False,False,False,False,False,False
11,T,Okay,CECILIO DIMAS pt 2.xlsx,False,False,True,False,False,False,False
12,S,So it goes by what you rent,CECILIO DIMAS pt 2.xlsx,False,False,False,False,False,False,False
13,T,How would you thank you,CECILIO DIMAS pt 2.xlsx,False,False,True,False,False,False,False
13,T,How would you help Student A make sense of the plans in this table,CECILIO DIMAS pt 2.xlsx,False,False,False,True,False,False,False
13,T,How would you help Student A make sense of it,CECILIO DIMAS pt 2.xlsx,False,False,False,True,False,False,False
13,T,Jessica,CECILIO DIMAS pt 2.xlsx,False,True,False,False,False,False,False
14,S,You would get I think I would get rid of the 0,CECILIO DIMAS pt 2.xlsx,False,False,False,False,False,False,False
14,S,Cause its kind of confusing,CECILIO DIMAS pt 2.xlsx,False,False,False,False,False,False,False
14,S,And then start off with 13,CECILIO DIMAS pt 2.xlsx,False,False,False,False,False,False,False
14,S,Instead of 12,CECILIO DIMAS pt 2.xlsx,False,False,False,False,False,False,False
14,S,So they dont think that 12 plus 12 is 24,CECILIO DIMAS pt 2.xlsx,False,False,False,False,False,False,False
14,S,So I would get rid of the 0,CECILIO DIMAS pt 2.xlsx,False,False,False,False,False,False,False
15,T,Okay,CECILIO DIMAS pt 2.xlsx,False,False,True,False,False,False,False
15,T,What else could we do what else could a person suggest to Student A to help them with their table,CECILIO DIMAS pt 2.xlsx,False,False,False,True,False,False,False
15,T,Kyle,CECILIO DIMAS pt 2.xlsx,False,True,False,False,False,False,False
16,S,You could tell them that you dont have to pay the first fee for every rental you just have to pay 1,CECILIO DIMAS pt 2.xlsx,False,False,False,False,False,False,False
17,T,Okay so if you were to help them figure out that this was not 25 what would you tell them,CECILIO DIMAS pt 2.xlsx,False,False,False,True,False,False,False
18,S,Uh that you dont pay the flat fee for every rental you just pay 1,CECILIO DIMAS pt 2.xlsx,False,False,False,False,False,False,False
19,T,So what would it cost for 1 movie from Online Flix,CECILIO DIMAS pt 2.xlsx,False,False,False,True,False,False,False
20,S,13,CECILIO DIMAS pt 2.xlsx,False,False,False,False,False,False,False
21,T,And how did you get your 13,CECILIO DIMAS pt 2.xlsx,False,False,False,True,False,False,False
22,S,Because 12 plus 1 is 13,CECILIO DIMAS pt 2.xlsx,False,False,False,False,False,False,False
23,T,Okay,CECILIO DIMAS pt 2.xlsx,False,False,True,False,False,False,False
1,T,Again going back to our original prompt,CECILIO DIMAS pt 3.xlsx,False,False,True,False,False,False,False
1,T,When will all three plans cost the same amount of money,CECILIO DIMAS pt 3.xlsx,False,False,False,True,False,False,False
1,T,Does this would this table if there wasnt the confusion with Online Flix help us answer that question,CECILIO DIMAS pt 3.xlsx,False,False,False,True,False,False,False
1,T,Would we be able to answer the question um of when the three plans would cost the same,CECILIO DIMAS pt 3.xlsx,False,True,False,False,False,False,False
1,T,If yes thumbsup if no thumbsdown,CECILIO DIMAS pt 3.xlsx,False,True,False,False,False,False,False
1,T,Okay,CECILIO DIMAS pt 3.xlsx,False,False,True,False,False,False,False
1,T,Hands down,CECILIO DIMAS pt 3.xlsx,False,False,True,False,False,False,False
1,T,Could someone explain to us why you would be able to answer the prompt of when the three plans would cost the same if we could correct the confusion here with Online Flix,CECILIO DIMAS pt 3.xlsx,False,False,False,False,True,False,False
1,T,Erin,CECILIO DIMAS pt 3.xlsx,False,True,False,False,False,False,False
2,S,Well because then you could compare the prices and eventually meet up with one of them for the prices which is 18,CECILIO DIMAS pt 3.xlsx,False,False,False,False,False,False,False
3,T,Okay,CECILIO DIMAS pt 3.xlsx,False,False,True,False,False,False,False
3,T,Could I have someone restate what Erin said or share their own idea of why this is why wed be able to compare them,CECILIO DIMAS pt 3.xlsx,True,False,False,False,False,False,False
3,T,Charles,CECILIO DIMAS pt 3.xlsx,False,True,False,False,False,False,False
4,S,Well if like out of those they can be even Id first look at Mail Flix because if thats always 18 that means that youre gonna need to look for 18 matching so Id go down to the other ones and look  til they had 18,CECILIO DIMAS pt 3.xlsx,False,False,False,False,False,False,False
5,T,Okay,CECILIO DIMAS pt 3.xlsx,False,False,True,False,False,False,False
5,T,Thank you Charles,CECILIO DIMAS pt 3.xlsx,False,False,True,False,False,False,False
5,T,So what Im going to ask of you right now is Im gonna ask that you make any mathematical corrections or additions to Student As paper and make sure at the bottom of the page that you give reasons why you made those additions or changes,CECILIO DIMAS pt 3.xlsx,False,False,True,False,False,False,False
6,T,So Jessica are you gonna make any changes to Student As work,CECILIO DIMAS pt 3.xlsx,False,True,False,False,False,False,False
7,S,Im gonna shift all the numbers downwards so I can get rid of the 0,CECILIO DIMAS pt 3.xlsx,False,False,False,False,False,False,False
8,T,Keep the 0,CECILIO DIMAS pt 3.xlsx,False,False,False,False,False,False,True
8,T,Keep the 0,CECILIO DIMAS pt 3.xlsx,False,False,True,False,False,False,False
8,T,And Jessica see that if you keep the 0 it then tells the reader of your table whether or not youre gonna have to pay if you dont rent any movies,CECILIO DIMAS pt 3.xlsx,False,False,True,False,False,False,False
8,T,So we can see here with Movie Buster that if you dont rent anything you dont pay anything,CECILIO DIMAS pt 3.xlsx,False,False,True,False,False,False,False
8,T,Where with Online Flix and Mail Flix if you dont rent anything you still have a fee to pay,CECILIO DIMAS pt 3.xlsx,False,False,True,False,False,False,False
8,T,So we want to,CECILIO DIMAS pt 3.xlsx,False,False,True,False,False,False,False
9,S,Isnt that kind of like a ripoff,CECILIO DIMAS pt 3.xlsx,False,False,False,False,False,False,False
10,T,That would be a ripoff and thats why if we dont rent any movies thats also something for us to consider with these two plans,CECILIO DIMAS pt 3.xlsx,False,False,True,False,False,False,False
10,T,Okay,CECILIO DIMAS pt 3.xlsx,False,False,True,False,False,False,False
11,T,Amir what changes have you made for Student A,CECILIO DIMAS pt 3.xlsx,False,False,False,True,False,False,False
12,S,No changes,CECILIO DIMAS pt 3.xlsx,False,False,False,False,False,False,False
13,T,Why not,CECILIO DIMAS pt 3.xlsx,False,False,False,False,True,False,False
14,S,Cause I think they should keep the 0  cause maybe the Student A would want to go to rent a DVD and they would find out that every month a DVD would be 12 um dollars for the Online Flix and,CECILIO DIMAS pt 3.xlsx,False,False,False,False,False,False,False
15,T,So Im gonna stop you for a moment Amir,CECILIO DIMAS pt 3.xlsx,False,False,True,False,False,False,False
15,T,Online Flix costs 12 a month plus 1 a movie,CECILIO DIMAS pt 3.xlsx,False,False,True,False,False,False,False
15,T,So if you rent 1 movie how much money is that gonna cost you,CECILIO DIMAS pt 3.xlsx,False,False,False,True,False,False,False
16,S,Uh 25,CECILIO DIMAS pt 3.xlsx,False,False,False,False,False,False,False
16,S,Oh,CECILIO DIMAS pt 3.xlsx,False,False,False,False,False,False,False
16,S,But if you wanna rent a movie and one month,CECILIO DIMAS pt 3.xlsx,False,False,False,False,False,False,False
17,T,Again this is number of movies so 1 movie is gonna cost you 1 plus a 12 flat fee,CECILIO DIMAS pt 3.xlsx,False,False,True,False,False,False,False
17,T,So how much will 1 movie cost you all together,CECILIO DIMAS pt 3.xlsx,False,False,False,True,False,False,False
18,S,Um 25 bucks,CECILIO DIMAS pt 3.xlsx,False,False,False,False,False,False,False
19,T,You have your flat fee of 12 plus 1 for that movie,CECILIO DIMAS pt 3.xlsx,False,False,True,False,False,False,False
19,T,So whats that going to be,CECILIO DIMAS pt 3.xlsx,False,False,False,True,False,False,False
20,S,I dont understand,CECILIO DIMAS pt 3.xlsx,False,False,False,False,False,False,False
21,T,So if you rent 1 DVD for Online Flix you pay 12 a month even if you dont rent anything,CECILIO DIMAS pt 3.xlsx,False,False,True,False,False,False,False
21,T,Then you add a dollar for each movie that you rent,CECILIO DIMAS pt 3.xlsx,False,False,True,False,False,False,False
21,T,So you pay your 12 and then you rent 1 movie so thats an extra dollar,CECILIO DIMAS pt 3.xlsx,False,False,True,False,False,False,False
21,T,So you pay 12 plus the 1,CECILIO DIMAS pt 3.xlsx,False,False,True,False,False,False,False
22,S,Oh,CECILIO DIMAS pt 3.xlsx,False,False,False,False,False,False,False
22,S,13,CECILIO DIMAS pt 3.xlsx,False,False,False,False,False,False,False
23,T,So for then 2 DVDs how much are you gonna spend,CECILIO DIMAS pt 3.xlsx,False,False,False,True,False,False,False
24,S,Umfor 2 DVDs 13,CECILIO DIMAS pt 3.xlsx,False,False,False,False,False,False,False
25,T,So you have your 12 dollars plus the 2 that you spent for the 2 movies,CECILIO DIMAS pt 3.xlsx,False,False,True,False,False,False,False
25,T,So thats 12 plus 2,CECILIO DIMAS pt 3.xlsx,False,False,True,False,False,False,False
26,S,12 plus 2 equals 14,CECILIO DIMAS pt 3.xlsx,False,False,False,False,False,False,False
27,T,And what about 3 DVDs,CECILIO DIMAS pt 3.xlsx,False,False,False,True,False,False,False
28,S,12 plus 3,CECILIO DIMAS pt 3.xlsx,False,False,False,False,False,False,False
29,T,Which would be how much money,CECILIO DIMAS pt 3.xlsx,False,False,False,True,False,False,False
30,S,Uh 16 I mean 15 dollars,CECILIO DIMAS pt 3.xlsx,False,False,False,False,False,False,False
31,T,So do you need to make some changes,CECILIO DIMAS pt 3.xlsx,False,True,False,False,False,False,False
32,S,Yes I do,CECILIO DIMAS pt 3.xlsx,False,False,False,False,False,False,False
33,T,Okay,CECILIO DIMAS pt 3.xlsx,False,False,True,False,False,False,False
1,T,Do you remember that,Comparing Fractions 1_Grade 4.xlsx,False,True,False,False,False,False,False
1,T,Can you read that statement,Comparing Fractions 1_Grade 4.xlsx,False,True,False,False,False,False,False
1,T,What does  that say Michael,Comparing Fractions 1_Grade 4.xlsx,False,True,False,False,False,False,False
1,T,Task 1 is 15  210,Comparing Fractions 1_Grade 4.xlsx,False,True,False,False,False,False,False
2,S,It says is one fifth equal to two tenths,Comparing Fractions 1_Grade 4.xlsx,False,False,False,False,False,False,False
3,T,How many of you agree that is what that says,Comparing Fractions 1_Grade 4.xlsx,True,False,False,False,False,False,False
3,T,That s my question,Comparing Fractions 1_Grade 4.xlsx,False,False,True,False,False,False,False
3,T,Is one fifth equal to two tenths,Comparing Fractions 1_Grade 4.xlsx,False,True,False,False,False,False,False
4,T,Do you remember talking about any of those ideas at all,Comparing Fractions 1_Grade 4.xlsx,False,True,False,False,False,False,False
4,T,What do  you remember about that Meredith,Comparing Fractions 1_Grade 4.xlsx,False,False,False,True,False,False,False
5,S,Um,Comparing Fractions 1_Grade 4.xlsx,False,False,False,False,False,False,False
6,T,You want to tell us,Comparing Fractions 1_Grade 4.xlsx,False,False,False,True,False,False,False
7,S,We had used our Cuisenaire Rods,Comparing Fractions 1_Grade 4.xlsx,False,False,False,False,False,False,False
8,T,Come up and show us what the issue is,Comparing Fractions 1_Grade 4.xlsx,False,False,False,True,False,False,False
8,T,I have some of this up here,Comparing Fractions 1_Grade 4.xlsx,False,False,True,False,False,False,False
8,T,Because Dr Davis also wasn t here,Comparing Fractions 1_Grade 4.xlsx,False,False,True,False,False,False,False
9,S,Say this is called one,Comparing Fractions 1_Grade 4.xlsx,False,False,False,False,False,False,False
9,S,Then you   took this,Comparing Fractions 1_Grade 4.xlsx,False,False,False,False,False,False,False
9,S,This would be half of  the orange rod    and this would be um,Comparing Fractions 1_Grade 4.xlsx,False,False,False,False,False,False,False
9,S,called the one   and these would be  one  and these would be called the two  halves,Comparing Fractions 1_Grade 4.xlsx,False,False,False,False,False,False,False
10,T,Ok so what name would you give the yellow rod,Comparing Fractions 1_Grade 4.xlsx,False,False,False,True,False,False,False
11,S,A half,Comparing Fractions 1_Grade 4.xlsx,False,False,False,False,False,False,False
12,T,One half,Comparing Fractions 1_Grade 4.xlsx,False,False,False,False,False,False,True
12,T,Ok,Comparing Fractions 1_Grade 4.xlsx,False,False,True,False,False,False,False
13,S,And this would be called one,Comparing Fractions 1_Grade 4.xlsx,False,False,False,False,False,False,False
14,T,And that would be called one,Comparing Fractions 1_Grade 4.xlsx,False,False,False,False,False,False,True
14,T,Can you tell me what that has to do  with my question,Comparing Fractions 1_Grade 4.xlsx,False,False,False,True,False,False,False
14,T,Is one fifth equal to two tenths,Comparing Fractions 1_Grade 4.xlsx,False,True,False,False,False,False,False
15,S,Um,Comparing Fractions 1_Grade 4.xlsx,False,False,False,False,False,False,False
15,S,Two tenths,Comparing Fractions 1_Grade 4.xlsx,False,False,False,False,False,False,False
15,S,You call this two tenth,Comparing Fractions 1_Grade 4.xlsx,False,False,False,False,False,False,False
15,S,This is usually a tenth   and then you put this  up and you call this two tenth  and then you take this and you put it  up to them   and it s  five they equal up to it,Comparing Fractions 1_Grade 4.xlsx,False,False,False,False,False,False,False
16,T,Can you say that so the class hears you and see what they think,Comparing Fractions 1_Grade 4.xlsx,False,True,False,False,False,False,False
16,T,I  am not did you all hear what Meredith said,Comparing Fractions 1_Grade 4.xlsx,False,True,False,False,False,False,False
16,T,I am not I didn t hear  either,Comparing Fractions 1_Grade 4.xlsx,False,False,True,False,False,False,False
16,T,But maybe if you can tell the class what your thinking let s  see what they think,Comparing Fractions 1_Grade 4.xlsx,False,False,True,False,False,False,False
17,S,Well if you have the orange rod and you put it up to the yellow rod  the yellow rods it s two halves and that would be called two tenths,Comparing Fractions 1_Grade 4.xlsx,False,False,False,False,False,False,False
17,S,Uh yeah,Comparing Fractions 1_Grade 4.xlsx,False,False,False,False,False,False,False
17,S,Two tenths  wait two tenths would be,Comparing Fractions 1_Grade 4.xlsx,False,False,False,False,False,False,False
17,S,two ones     That is what two tenths  would be  because these ones are tenths,Comparing Fractions 1_Grade 4.xlsx,False,False,False,False,False,False,False
18,T,Why don t you tell the class and,Comparing Fractions 1_Grade 4.xlsx,False,True,False,False,False,False,False
19,S,These ones are tenths   cause this orange  rod is one and when you put the ones up to it there s ten of them and  two of them would equal two tenths,Comparing Fractions 1_Grade 4.xlsx,False,False,False,False,False,False,False
19,S,And this  is one fifth to the orange rod,Comparing Fractions 1_Grade 4.xlsx,False,False,False,False,False,False,False
19,S,And if you take one of them  it s equal to two tenths,Comparing Fractions 1_Grade 4.xlsx,False,False,False,False,False,False,False
20,T,So what is your conclusion if I ask you the question is two tenths  equal to one fifth,Comparing Fractions 1_Grade 4.xlsx,False,True,False,False,False,False,False
21,S,Yes,Comparing Fractions 1_Grade 4.xlsx,False,False,False,False,False,False,False
22,T,You think it is,Comparing Fractions 1_Grade 4.xlsx,False,False,False,False,False,False,True
22,T,Ok let s have some discussion Thank you  Meredith,Comparing Fractions 1_Grade 4.xlsx,False,False,True,False,False,False,False
22,T,Let s see what other people think,Comparing Fractions 1_Grade 4.xlsx,False,False,True,False,False,False,False
22,T,Do we have some other  discussion about that,Comparing Fractions 1_Grade 4.xlsx,True,False,False,False,False,False,False
22,T,Brian,Comparing Fractions 1_Grade 4.xlsx,False,True,False,False,False,False,False
23,T,By the way how many of you agree with what Meredith said,Comparing Fractions 1_Grade 4.xlsx,True,False,False,False,False,False,False
23,T,How  many aren t sure,Comparing Fractions 1_Grade 4.xlsx,True,False,False,False,False,False,False
23,T,How many of you disagree,Comparing Fractions 1_Grade 4.xlsx,True,False,False,False,False,False,False
23,T,Ok so we have  some not sures and agree so let s see Brian which category are you  in,Comparing Fractions 1_Grade 4.xlsx,True,False,False,False,False,False,False
23,T,Do you agree or are you not sure,Comparing Fractions 1_Grade 4.xlsx,True,False,False,False,False,False,False
24,S,I agree,Comparing Fractions 1_Grade 4.xlsx,False,False,False,False,False,False,False
25,T,Ok you want to explain why you agree,Comparing Fractions 1_Grade 4.xlsx,True,False,False,False,False,False,False
26,S,Well I agree because it s just like having one of these reds being a  whole and one of these  being a half,Comparing Fractions 1_Grade 4.xlsx,False,False,False,False,False,False,False
26,S,So it s just like  saying it s just like saying two halves equal a whole,Comparing Fractions 1_Grade 4.xlsx,False,False,False,False,False,False,False
26,S,It s the same  as being two tenths equal one fifth,Comparing Fractions 1_Grade 4.xlsx,False,False,False,False,False,False,False
27,T,What do you think,Comparing Fractions 1_Grade 4.xlsx,False,True,False,False,False,False,False
27,T,Erik is making a face,Comparing Fractions 1_Grade 4.xlsx,False,False,True,False,False,False,False
27,T,Erik do you want to do  you want to say what you think out to Brian,Comparing Fractions 1_Grade 4.xlsx,False,False,False,True,False,False,False
28,S,Well I kind of agree with Meredith because if you take the orange  rod it takes ten of the white rods to equal up to the orange and five  of the red ones,Comparing Fractions 1_Grade 4.xlsx,False,False,False,False,False,False,False
28,S,Then if you take two of these   which is two tenths and this  is one fifth,Comparing Fractions 1_Grade 4.xlsx,False,False,False,False,False,False,False
28,S,Because well it s  it takes five of them to equal up to the orange rod and and if you put  two tenths next to it they equal up to each other and you ll have one  fifth and one tenth and two tenths together and they both equal up to  the same amount,Comparing Fractions 1_Grade 4.xlsx,False,False,False,False,False,False,False
29,S,Like what I said kind of,Comparing Fractions 1_Grade 4.xlsx,False,False,False,False,False,False,False
30,T,Ok anybody else,Comparing Fractions 1_Grade 4.xlsx,False,True,False,False,False,False,False
30,T,Any other discussion,Comparing Fractions 1_Grade 4.xlsx,False,True,False,False,False,False,False
30,T,Thank you gentlemen,Comparing Fractions 1_Grade 4.xlsx,False,False,True,False,False,False,False
31,T,Any other discussion,Comparing Fractions 1_Grade 4.xlsx,False,True,False,False,False,False,False
31,T,Anybody else have something to say about  that,Comparing Fractions 1_Grade 4.xlsx,True,False,False,False,False,False,False
31,T,How many of you believe that one tenth two  tenths and one fifth represent the same length,Comparing Fractions 1_Grade 4.xlsx,False,True,False,False,False,False,False
31,T,Do you think it would  be okay to give them the same number name,Comparing Fractions 1_Grade 4.xlsx,False,True,False,False,False,False,False
31,T,How many of you  think it would be ok,Comparing Fractions 1_Grade 4.xlsx,False,True,False,False,False,False,False
31,T,We can call this two tenths or we can call this  one fifth,Comparing Fractions 1_Grade 4.xlsx,False,False,True,False,False,False,False
31,T,How many of you agree with that,Comparing Fractions 1_Grade 4.xlsx,True,False,False,False,False,False,False
31,T,Yeah,Comparing Fractions 1_Grade 4.xlsx,False,False,True,False,False,False,False
31,T,Makes sense doesn t it,Comparing Fractions 1_Grade 4.xlsx,False,True,False,False,False,False,False
1,T,Do you remember the candy bar,Comparing Fractions 2_Grade 4.xlsx,False,True,False,False,False,False,False
1,T,Remember,Comparing Fractions 2_Grade 4.xlsx,False,False,True,False,False,False,False
1,T,Did you get any,Comparing Fractions 2_Grade 4.xlsx,False,False,True,False,False,False,False
1,T,This was the little candy bar it looks  something like this,Comparing Fractions 2_Grade 4.xlsx,False,False,True,False,False,False,False
1,T,If you excuse my sketch,Comparing Fractions 2_Grade 4.xlsx,False,False,True,False,False,False,False
1,T,Do you remember it  looks like this,Comparing Fractions 2_Grade 4.xlsx,False,False,True,False,False,False,False
1,T,It was broken up into three columns and then four  rows,Comparing Fractions 2_Grade 4.xlsx,False,False,True,False,False,False,False
1,T,Do you remember that,Comparing Fractions 2_Grade 4.xlsx,False,True,False,False,False,False,False
1,T,Remember I was giving half of this  little candy bar to Dr Martino,Comparing Fractions 2_Grade 4.xlsx,False,True,False,False,False,False,False
1,T,Remember how appreciative  she was,Comparing Fractions 2_Grade 4.xlsx,False,True,False,False,False,False,False
1,T,Remember that,Comparing Fractions 2_Grade 4.xlsx,False,True,False,False,False,False,False
1,T,We said we were giving her half the  candy bar didn t we,Comparing Fractions 2_Grade 4.xlsx,False,True,False,False,False,False,False
1,T,Right,Comparing Fractions 2_Grade 4.xlsx,False,False,True,False,False,False,False
1,T,Okay,Comparing Fractions 2_Grade 4.xlsx,False,False,True,False,False,False,False
1,T,Could someone have told me  another name another number name for how much of the candy bar  I gave her,Comparing Fractions 2_Grade 4.xlsx,False,False,False,True,False,False,False
1,T,Do you understand my question,Comparing Fractions 2_Grade 4.xlsx,False,True,False,False,False,False,False
1,T,If this is my candy bar  and I gave her that much right,Comparing Fractions 2_Grade 4.xlsx,False,True,False,False,False,False,False
1,T,One number name we said was one  half didn t we,Comparing Fractions 2_Grade 4.xlsx,False,True,False,False,False,False,False
1,T,Can someone think of another name that very  exactly tells me how much of the candy bar I gave Dr Martino,Comparing Fractions 2_Grade 4.xlsx,False,False,False,True,False,False,False
1,T,And if you think you know why don t you discuss it with your  neighbor and see if you agree,Comparing Fractions 2_Grade 4.xlsx,True,False,False,False,False,False,False
1,T,Ok so discuss it,Comparing Fractions 2_Grade 4.xlsx,False,True,False,False,False,False,False
1,T,You  have to be able to prove it and say why,Comparing Fractions 2_Grade 4.xlsx,False,False,True,False,False,False,False
2,T,Ok Are you ready to share your ideas,Comparing Fractions 2_Grade 4.xlsx,False,False,False,True,False,False,False
2,T,I heard a couple of different  number names,Comparing Fractions 2_Grade 4.xlsx,False,False,True,False,False,False,False
2,T,How many of you think you have another number  name that tells me how much of the candy bar Dr Martino got,Comparing Fractions 2_Grade 4.xlsx,False,False,False,True,False,False,False
2,T,We  already agree that one number name was one half,Comparing Fractions 2_Grade 4.xlsx,False,False,True,False,False,False,False
2,T,Right,Comparing Fractions 2_Grade 4.xlsx,False,False,True,False,False,False,False
2,T,That  represented how much of the candy bar,Comparing Fractions 2_Grade 4.xlsx,False,False,True,False,False,False,False
2,T,How many of you think you  have a different number name,Comparing Fractions 2_Grade 4.xlsx,False,False,False,True,False,False,False
2,T,Ok Jackie,Comparing Fractions 2_Grade 4.xlsx,False,True,False,False,False,False,False
3,S,Um well we thought it was six twelfths because,Comparing Fractions 2_Grade 4.xlsx,False,False,False,False,False,False,False
,T,Jackie I am sorry I cant hear its so loud here,Comparing Fractions 2_Grade 4.xlsx,False,True,False,False,False,False,False
4,S,Um we thought is was um six twelfths because there are um twelve  pieces in all and she got six and six makes half,Comparing Fractions 2_Grade 4.xlsx,False,False,False,False,False,False,False
5,T,What do you think,Comparing Fractions 2_Grade 4.xlsx,True,False,False,False,False,False,False
6,S,I have another one,Comparing Fractions 2_Grade 4.xlsx,False,False,False,False,False,False,False
7,T,What do you think,Comparing Fractions 2_Grade 4.xlsx,True,False,False,False,False,False,False
7,T,Did you all hear uh what Jackie said,Comparing Fractions 2_Grade 4.xlsx,False,True,False,False,False,False,False
7,T,How  many of your heard what Jackie said,Comparing Fractions 2_Grade 4.xlsx,False,True,False,False,False,False,False
7,T,Raise your hand if you heard  what she said,Comparing Fractions 2_Grade 4.xlsx,False,True,False,False,False,False,False
7,T,How many of you agree with  what Jackie said,Comparing Fractions 2_Grade 4.xlsx,True,False,False,False,False,False,False
7,T,That another number name  you said Jackie was,Comparing Fractions 2_Grade 4.xlsx,False,True,False,False,False,False,False
8,S,Six,Comparing Fractions 2_Grade 4.xlsx,False,False,False,False,False,False,False
9,T,Six twelfths,Comparing Fractions 2_Grade 4.xlsx,False,False,False,False,False,False,True
9,T,How many of you agree with that,Comparing Fractions 2_Grade 4.xlsx,True,False,False,False,False,False,False
9,T,Does anyone disagree with that,Comparing Fractions 2_Grade 4.xlsx,True,False,False,False,False,False,False
9,T,Does someone have a different number name,Comparing Fractions 2_Grade 4.xlsx,True,False,False,False,False,False,False
9,T,I heard some other  number names as I walked around,Comparing Fractions 2_Grade 4.xlsx,False,False,True,False,False,False,False
9,T,Danielle,Comparing Fractions 2_Grade 4.xlsx,False,True,False,False,False,False,False
10,S,Um I thought um it would be um two fourths,Comparing Fractions 2_Grade 4.xlsx,False,False,False,False,False,False,False
11,T,You thought two fourths,Comparing Fractions 2_Grade 4.xlsx,False,True,False,False,False,False,False
11,T,How did you think that,Comparing Fractions 2_Grade 4.xlsx,False,False,False,False,True,False,False
12,S,Because if she got a half then the top two rows um is a half and  then that s two fourths,Comparing Fractions 2_Grade 4.xlsx,False,False,False,False,False,False,False
13,T,Then we can think of this as two fourths,Comparing Fractions 2_Grade 4.xlsx,False,False,True,False,False,False,False
13,T,What do you think about  that,Comparing Fractions 2_Grade 4.xlsx,True,False,False,False,False,False,False
13,T,How many of you think that s another number name,Comparing Fractions 2_Grade 4.xlsx,True,False,False,False,False,False,False
13,T,Two  fourths,Comparing Fractions 2_Grade 4.xlsx,False,True,False,False,False,False,False
13,T,Some people aren t sure,Comparing Fractions 2_Grade 4.xlsx,False,False,True,False,False,False,False
13,T,Danielle why don t you come up  and show them what you re thinking,Comparing Fractions 2_Grade 4.xlsx,False,False,False,True,False,False,False
13,T,I am not sure if people were  following you,Comparing Fractions 2_Grade 4.xlsx,False,False,True,False,False,False,False
13,T,Danielle thinks  that another number name for how much of the candy bar we gave  Dr Martino is two fourths so we re interested in knowing how  Danielle was thinking about that,Comparing Fractions 2_Grade 4.xlsx,False,False,True,False,False,False,False
14,S,Well this row and this row is a half   and then these are two fourths,Comparing Fractions 2_Grade 4.xlsx,False,False,False,False,False,False,False
15,T,Why are they two fourths,Comparing Fractions 2_Grade 4.xlsx,False,False,False,False,True,False,False
15,T,Can you help the class understand that,Comparing Fractions 2_Grade 4.xlsx,False,False,False,True,False,False,False
16,S,Because there s four rows,Comparing Fractions 2_Grade 4.xlsx,False,False,False,False,False,False,False
17,T,Because there are four rows and we if talk about the first two rows  that s two fourths,Comparing Fractions 2_Grade 4.xlsx,False,True,False,False,False,False,False
17,T,What do you think,Comparing Fractions 2_Grade 4.xlsx,True,False,False,False,False,False,False
17,T,How many of you think  that s another number name for how much of the candy bar we gave  her,Comparing Fractions 2_Grade 4.xlsx,True,False,False,False,False,False,False
17,T,How many of you agree with that,Comparing Fractions 2_Grade 4.xlsx,True,False,False,False,False,False,False
17,T,How many of you disagree,Comparing Fractions 2_Grade 4.xlsx,True,False,False,False,False,False,False
17,T,If you disagree why do you disagree,Comparing Fractions 2_Grade 4.xlsx,True,False,False,False,False,False,False
18,T,Mark,Comparing Fractions 2_Grade 4.xlsx,False,True,False,False,False,False,False
18,T,Not sure why,Comparing Fractions 2_Grade 4.xlsx,False,False,True,False,False,False,False
18,T,Kelly was your  hand up for disagree,Comparing Fractions 2_Grade 4.xlsx,True,False,False,False,False,False,False
18,T,No,Comparing Fractions 2_Grade 4.xlsx,False,False,True,False,False,False,False
18,T,Is it that you don t see that it s two  fourths,Comparing Fractions 2_Grade 4.xlsx,False,True,False,False,False,False,False
18,T,You don t see that it s two fourths,Comparing Fractions 2_Grade 4.xlsx,False,True,False,False,False,False,False
18,T,Can someone help  Kelly and Mark then they don t disagree but they don t see it,Comparing Fractions 2_Grade 4.xlsx,False,False,True,False,False,False,False
18,T,Brian,Comparing Fractions 2_Grade 4.xlsx,False,True,False,False,False,False,False
19,S,I just found out another way that a half can be,Comparing Fractions 2_Grade 4.xlsx,False,False,False,False,False,False,False
20,T,You have another way that a half would be,Comparing Fractions 2_Grade 4.xlsx,False,False,True,False,False,False,False
20,T,Ok remember that and  hold on to that,Comparing Fractions 2_Grade 4.xlsx,False,False,True,False,False,False,False
20,T,I would like someone to help the people who don t  quite see that that s two fourths,Comparing Fractions 2_Grade 4.xlsx,False,False,True,False,False,False,False
20,T,Can some one try to explain that,Comparing Fractions 2_Grade 4.xlsx,False,False,False,True,False,False,False
20,T,Who wants to pretend to be a teacher or explainer if you agree,Comparing Fractions 2_Grade 4.xlsx,True,False,False,False,False,False,False
20,T,Somebody want to give it a try,Comparing Fractions 2_Grade 4.xlsx,False,False,False,True,False,False,False
20,T,Nobody wants to try,Comparing Fractions 2_Grade 4.xlsx,False,True,False,False,False,False,False
20,T,Brian,Comparing Fractions 2_Grade 4.xlsx,False,True,False,False,False,False,False
21,S,If I agree,Comparing Fractions 2_Grade 4.xlsx,False,False,False,False,False,False,False
21,S,Ok,Comparing Fractions 2_Grade 4.xlsx,False,False,False,False,False,False,False
,S,Well I agree on two fourths because there s because three  times because four times three equals twelve and if you split it in  half there d be three fourths,Comparing Fractions 2_Grade 4.xlsx,False,False,False,False,False,False,False
21,S,Well  well I agree because there are four thirds on there but but when  there s a half there are only there s three fourths instead of four  thirds,Comparing Fractions 2_Grade 4.xlsx,False,False,False,False,False,False,False
22,T,Wait,Comparing Fractions 2_Grade 4.xlsx,False,False,True,False,False,False,False
22,T,Hold up,Comparing Fractions 2_Grade 4.xlsx,False,False,True,False,False,False,False
22,T,Where are your four thirds,Comparing Fractions 2_Grade 4.xlsx,False,False,False,True,False,False,False
23,S,Well well well when you said   to split it in half   like that there are only two fourths left over  yeah there are only two fourths when it s a whole there are four  thirds   I can t explain it too well,Comparing Fractions 2_Grade 4.xlsx,False,False,False,False,False,False,False
24,T,I am not sure I understand what you are saying,Comparing Fractions 2_Grade 4.xlsx,False,False,True,False,False,False,False
24,T,Can some else help,Comparing Fractions 2_Grade 4.xlsx,True,False,False,False,False,False,False
24,T,Danielle do you want to go up there and,Comparing Fractions 2_Grade 4.xlsx,False,True,False,False,False,False,False
25,S,No I just have something to say,Comparing Fractions 2_Grade 4.xlsx,False,False,False,False,False,False,False
25,S,Cause If there s four fourths  um and half of four is two so two fourths would be a half,Comparing Fractions 2_Grade 4.xlsx,False,False,False,False,False,False,False
26,S,But I thought about it the other way around,Comparing Fractions 2_Grade 4.xlsx,False,False,False,False,False,False,False
27,T,What do you mean by the other way around um Brian,Comparing Fractions 2_Grade 4.xlsx,False,False,False,True,False,False,False
28,S,Well instead of well she went two fourths like going across like  cause those are fourths and that s a fourth and there are two of them,Comparing Fractions 2_Grade 4.xlsx,False,False,False,False,False,False,False
28,S,I have another way,Comparing Fractions 2_Grade 4.xlsx,False,False,False,False,False,False,False
28,S,It s I have three I think three sixths,Comparing Fractions 2_Grade 4.xlsx,False,False,False,False,False,False,False
29,T,Three sixths,Comparing Fractions 2_Grade 4.xlsx,False,True,False,False,False,False,False
30,S,Because well because a whole there s a whole if there s  yeah it s three sixths,Comparing Fractions 2_Grade 4.xlsx,False,False,False,False,False,False,False
30,S,Because  there are six of them there there there I found groups of sixths,Comparing Fractions 2_Grade 4.xlsx,False,False,False,False,False,False,False
30,S,There s one sixth another sixth another sixth another sixth another  sixth another sixth and if you split them in half there s three of  them on top,Comparing Fractions 2_Grade 4.xlsx,False,False,False,False,False,False,False
31,T,That s very interesting,Comparing Fractions 2_Grade 4.xlsx,False,False,True,False,False,False,False
31,T,What do you think about that,Comparing Fractions 2_Grade 4.xlsx,False,False,False,True,False,False,False
31,T,Brian found  another way,Comparing Fractions 2_Grade 4.xlsx,False,False,True,False,False,False,False
31,T,That s very interesting Brian,Comparing Fractions 2_Grade 4.xlsx,False,False,True,False,False,False,False
31,T,So he is saying that  these two little pieces of candy and these two and these two and  these two and these two and these two I don t know if that is what  you said Brian but something like that,Comparing Fractions 2_Grade 4.xlsx,False,False,True,False,False,False,False
32,S,Yeah,Comparing Fractions 2_Grade 4.xlsx,False,False,False,False,False,False,False
33,T,You can talk about taking this candy bar and sharing it in six pieces  where we would have two wedges to be one piece,Comparing Fractions 2_Grade 4.xlsx,False,False,True,False,False,False,False
33,T,Do you follow  that,Comparing Fractions 2_Grade 4.xlsx,False,True,False,False,False,False,False
33,T,That s neat,Comparing Fractions 2_Grade 4.xlsx,False,False,True,False,False,False,False
33,T,And so you are saying that if you got three of  those right,Comparing Fractions 2_Grade 4.xlsx,False,True,False,False,False,False,False
33,T,One of the two one of the two one of the two then  you still get a half of candy bar,Comparing Fractions 2_Grade 4.xlsx,False,False,True,False,False,False,False
33,T,So what do you think,Comparing Fractions 2_Grade 4.xlsx,False,False,False,True,False,False,False
33,T,You re  saying that you think that three sixths is another name for one half,Comparing Fractions 2_Grade 4.xlsx,False,True,False,False,False,False,False
33,T,What do you think,Comparing Fractions 2_Grade 4.xlsx,False,False,False,True,False,False,False
33,T,Ok let s write this down,Comparing Fractions 2_Grade 4.xlsx,False,False,True,False,False,False,False
33,T,Thank you very  much Brian that s interesting,Comparing Fractions 2_Grade 4.xlsx,False,False,True,False,False,False,False
34,T,So what do we have here,Comparing Fractions 2_Grade 4.xlsx,False,True,False,False,False,False,False
34,T,The first question does one half equal  two tenths,Comparing Fractions 2_Grade 4.xlsx,False,False,False,True,False,False,False
34,T,Do you believe that,Comparing Fractions 2_Grade 4.xlsx,False,True,False,False,False,False,False
34,T,No I am sorry,Comparing Fractions 2_Grade 4.xlsx,False,False,True,False,False,False,False
34,T,We said one fifth  equals two tenths,Comparing Fractions 2_Grade 4.xlsx,False,False,True,False,False,False,False
34,T,When we went to our candy bar we said one half  equaled,Comparing Fractions 2_Grade 4.xlsx,False,False,False,True,False,False,False
34,T,One half of the candy bar,Comparing Fractions 2_Grade 4.xlsx,False,False,True,False,False,False,False
34,T,This  was with the rods,Comparing Fractions 2_Grade 4.xlsx,False,False,True,False,False,False,False
35,T,One half equals six twelfths,Comparing Fractions 2_Grade 4.xlsx,False,False,True,False,False,False,False
35,T,Do you agree to that,Comparing Fractions 2_Grade 4.xlsx,True,False,False,False,False,False,False
35,T,Six twelfths,Comparing Fractions 2_Grade 4.xlsx,False,True,False,False,False,False,False
35,T,What else,Comparing Fractions 2_Grade 4.xlsx,False,False,False,True,False,False,False
35,T,What s another number name,Comparing Fractions 2_Grade 4.xlsx,False,False,False,True,False,False,False
35,T,Brian,Comparing Fractions 2_Grade 4.xlsx,False,True,False,False,False,False,False
36,S,We did two fourths,Comparing Fractions 2_Grade 4.xlsx,False,False,False,False,False,False,False
37,T,Nice and loud,Comparing Fractions 2_Grade 4.xlsx,False,True,False,False,False,False,False
38,S,We did two fourths,Comparing Fractions 2_Grade 4.xlsx,False,False,False,False,False,False,False
39,T,Two fourths Do we have another number name for half of the  candy bar,Comparing Fractions 2_Grade 4.xlsx,False,False,False,True,False,False,False
39,T,Jessica,Comparing Fractions 2_Grade 4.xlsx,False,True,False,False,False,False,False
40,S,No I was going to say one half,Comparing Fractions 2_Grade 4.xlsx,False,False,False,False,False,False,False
41,T,We have one half,Comparing Fractions 2_Grade 4.xlsx,False,False,False,False,False,False,True
41,T,Are these all the ones we had,Comparing Fractions 2_Grade 4.xlsx,False,True,False,False,False,False,False
41,T,Danielle,Comparing Fractions 2_Grade 4.xlsx,False,True,False,False,False,False,False
42,S,There are six twelfths,Comparing Fractions 2_Grade 4.xlsx,False,False,False,False,False,False,False
43,T,Six twelfths I think we have,Comparing Fractions 2_Grade 4.xlsx,False,False,False,False,False,False,True
43,T,We said six twelfths two fourths we  said one half Brian,Comparing Fractions 2_Grade 4.xlsx,False,False,False,True,False,False,False
44,S,Three sixths,Comparing Fractions 2_Grade 4.xlsx,False,False,False,False,False,False,False
45,T,Brian says three sixths,Comparing Fractions 2_Grade 4.xlsx,False,False,False,False,False,False,True
45,T,Remember that,Comparing Fractions 2_Grade 4.xlsx,False,True,False,False,False,False,False
45,T,Is that correct,Comparing Fractions 2_Grade 4.xlsx,True,False,False,False,False,False,False
45,T,Three  sixths,Comparing Fractions 2_Grade 4.xlsx,False,False,True,False,False,False,False
45,T,How did we get three sixths,Comparing Fractions 2_Grade 4.xlsx,False,False,False,True,False,False,False
45,T,Do you remember,Comparing Fractions 2_Grade 4.xlsx,False,True,False,False,False,False,False
46,T,Any others,Comparing Fractions 2_Grade 4.xlsx,False,True,False,False,False,False,False
46,T,What do you think about that,Comparing Fractions 2_Grade 4.xlsx,False,False,False,True,False,False,False
46,T,Let s go back to the  original question here,Comparing Fractions 2_Grade 4.xlsx,False,False,True,False,False,False,False
46,T,You agree then that if we call this one and we  call the red rod what number name,Comparing Fractions 2_Grade 4.xlsx,False,False,False,True,False,False,False
47,T,One fifth and we call the two whites together what number name did  we give it,Comparing Fractions 2_Grade 4.xlsx,False,False,False,True,False,False,False
47,T,The two whites together,Comparing Fractions 2_Grade 4.xlsx,False,False,True,False,False,False,False
48,S,Two tenths,Comparing Fractions 2_Grade 4.xlsx,False,False,False,False,False,False,False
49,T,Two tenths,Comparing Fractions 2_Grade 4.xlsx,False,False,False,False,False,True,False
49,T,I can also give it the number name,Comparing Fractions 2_Grade 4.xlsx,False,False,False,True,False,False,False
49,T,What else can I  call the two white ones besides two tenths,Comparing Fractions 2_Grade 4.xlsx,False,False,False,True,False,False,False
49,T,What did we decide,Comparing Fractions 2_Grade 4.xlsx,False,False,False,True,False,False,False
49,T,What other number name can I give the white ones besides  two tenths if I call the orange rod one,Comparing Fractions 2_Grade 4.xlsx,False,False,False,True,False,False,False
49,T,Michael,Comparing Fractions 2_Grade 4.xlsx,False,True,False,False,False,False,False
50,S,One fifth,Comparing Fractions 2_Grade 4.xlsx,False,False,False,False,False,False,False
51,T,I can call it one fifth,Comparing Fractions 2_Grade 4.xlsx,False,False,False,False,False,False,True
51,T,Alright,Comparing Fractions 2_Grade 4.xlsx,False,False,True,False,False,False,False
51,T,And what other number name can I  call the red one,Comparing Fractions 2_Grade 4.xlsx,False,False,False,True,False,False,False
52,S,Two tenths,Comparing Fractions 2_Grade 4.xlsx,False,False,False,False,False,False,False
53,T,Two tenths is that right,Comparing Fractions 2_Grade 4.xlsx,False,True,False,False,False,False,False
54,T,Very interesting,Comparing Fractions 2_Grade 4.xlsx,False,False,True,False,False,False,False
54,T,Ok,Comparing Fractions 2_Grade 4.xlsx,False,False,True,False,False,False,False
1,T,Tell me what you did the last time Dr Martino was here,Comparing Fractions 3_Grade 4.xlsx,False,False,False,True,False,False,False
1,T,What was  the problem you were working on,Comparing Fractions 3_Grade 4.xlsx,False,False,False,True,False,False,False
1,T,Anybody want to tell me and tell Dr Davis,Comparing Fractions 3_Grade 4.xlsx,False,False,False,True,False,False,False
1,T,You were working on a  problem I think in class together I think you were in groups weren t  you,Comparing Fractions 3_Grade 4.xlsx,False,True,False,False,False,False,False
1,T,Do you all want to think for a moment and maybe discuss with  your partner to help you remember what you were working on,Comparing Fractions 3_Grade 4.xlsx,False,False,False,True,False,False,False
1,T,Michael,Comparing Fractions 3_Grade 4.xlsx,False,True,False,False,False,False,False
2,S,We were working on the candy bar problem,Comparing Fractions 3_Grade 4.xlsx,False,False,False,False,False,False,False
2,S,Like with like which  is bigger a half or one third and we were using candy bars to show  that,Comparing Fractions 3_Grade 4.xlsx,False,False,False,False,False,False,False
3,T,Ok so you were working on which is bigger one half or one third,Comparing Fractions 3_Grade 4.xlsx,False,False,True,False,False,False,False
3,T,Andrew,Comparing Fractions 3_Grade 4.xlsx,False,True,False,False,False,False,False
4,S,Yeah we were working on we had to write about um and we had to  do an example on it and um to see if which is bigger one half or one  third,Comparing Fractions 3_Grade 4.xlsx,False,False,False,False,False,False,False
5,T,How many of you worked out which is bigger,Comparing Fractions 3_Grade 4.xlsx,False,True,False,False,False,False,False
5,T,One half or one  third,Comparing Fractions 3_Grade 4.xlsx,False,False,False,True,False,False,False
5,T,How many of you think they are the  same,Comparing Fractions 3_Grade 4.xlsx,False,True,False,False,False,False,False
5,T,How many of you think one is bigger,Comparing Fractions 3_Grade 4.xlsx,False,True,False,False,False,False,False
5,T,Which is bigger,Comparing Fractions 3_Grade 4.xlsx,False,False,False,True,False,False,False
5,T,One half or one third,Comparing Fractions 3_Grade 4.xlsx,False,False,False,True,False,False,False
5,T,Laura,Comparing Fractions 3_Grade 4.xlsx,False,True,False,False,False,False,False
6,S,One half,Comparing Fractions 3_Grade 4.xlsx,False,False,False,False,False,False,False
7,T,You say one half is bigger,Comparing Fractions 3_Grade 4.xlsx,False,False,False,False,False,False,True
7,T,What do the rest of you think,Comparing Fractions 3_Grade 4.xlsx,False,False,False,True,False,False,False
7,T,Do you  think one half is bigger,Comparing Fractions 3_Grade 4.xlsx,False,True,False,False,False,False,False
7,T,Do  you think you can convince Dr Davis that that s the case,Comparing Fractions 3_Grade 4.xlsx,False,False,False,True,False,False,False
7,T,Can you convince Dr Davis that one half is bigger than  one third,Comparing Fractions 3_Grade 4.xlsx,False,False,False,True,False,False,False
7,T,By the way do you know how much bigger,Comparing Fractions 3_Grade 4.xlsx,False,False,False,True,False,False,False
7,T,How many  of you think you know how much bigger it is,Comparing Fractions 3_Grade 4.xlsx,False,True,False,False,False,False,False
7,T,Ok that s the second  question,Comparing Fractions 3_Grade 4.xlsx,False,False,True,False,False,False,False
7,T,Ok I really would like someone to come up,Comparing Fractions 3_Grade 4.xlsx,False,False,True,False,False,False,False
7,T,Jessica  maybe and Laura can come up to the overhead and show Dr Davis  how you decided which is bigger,Comparing Fractions 3_Grade 4.xlsx,False,False,False,True,False,False,False
7,T,And see if you can convince us of  your result,Comparing Fractions 3_Grade 4.xlsx,False,False,False,True,False,False,False
8,S,Well um one third would be just this piece here  and one half of that would be  and one half would be this  and one third  is bigger than one half cause this  would be one third and  then this bigger piece  would be one half of that,Comparing Fractions 3_Grade 4.xlsx,False,False,False,False,False,False,False
8,S,And,Comparing Fractions 3_Grade 4.xlsx,False,False,False,False,False,False,False
9,T,Can you tell me what number name you re calling the orange and the  red rod,Comparing Fractions 3_Grade 4.xlsx,False,False,False,True,False,False,False
,S,Um one,Comparing Fractions 3_Grade 4.xlsx,False,False,False,False,False,False,False
9,T,Teacher You re calling the orange and red rod one,Comparing Fractions 3_Grade 4.xlsx,False,True,False,False,False,False,False
9,T,Can you say that again  what number names gave to each of those rods so I can hear from  back here,Comparing Fractions 3_Grade 4.xlsx,False,True,False,False,False,False,False
9,S,You say,Comparing Fractions 3_Grade 4.xlsx,False,False,False,False,False,False,False
9,S,Um this would be this we re  counting this as one whole  and I think this   has two and this  has wait um,Comparing Fractions 3_Grade 4.xlsx,False,False,False,False,False,False,False
9,S,Um   um I can t we called it yeah  I think  this one was one,Comparing Fractions 3_Grade 4.xlsx,False,False,False,False,False,False,False
10,S,That was one third,Comparing Fractions 3_Grade 4.xlsx,False,False,False,False,False,False,False
11,S,this was one third and this was one half,Comparing Fractions 3_Grade 4.xlsx,False,False,False,False,False,False,False
12,S,One half,Comparing Fractions 3_Grade 4.xlsx,False,False,False,False,False,False,False
13,T,What do the rest of you think,Comparing Fractions 3_Grade 4.xlsx,False,False,False,True,False,False,False
13,T,What do you think,Comparing Fractions 3_Grade 4.xlsx,False,False,False,True,False,False,False
13,T,Audra what do  you think of what  the two young ladies built up there,Comparing Fractions 3_Grade 4.xlsx,True,False,False,False,False,False,False
14,S,I agree because,Comparing Fractions 3_Grade 4.xlsx,False,False,False,False,False,False,False
15,T,Want to speak to the class,Comparing Fractions 3_Grade 4.xlsx,False,True,False,False,False,False,False
16,S,I agree because if you saw what the um half  was here and then you saw what no what the half was here and then  you saw what the third was there and you saw that the half was  bigger than the third,Comparing Fractions 3_Grade 4.xlsx,False,False,False,False,False,False,False
17,T,How many of you agree with the argument that a half is bigger than  a third with the argument that was made here,Comparing Fractions 3_Grade 4.xlsx,True,False,False,False,False,False,False
17,T,Ok did you figure out  how much bigger,Comparing Fractions 3_Grade 4.xlsx,False,False,False,True,False,False,False
17,S,It s two two,Comparing Fractions 3_Grade 4.xlsx,False,False,False,False,False,False,False
18,S,It s a red bigger but,Comparing Fractions 3_Grade 4.xlsx,False,False,False,False,False,False,False
19,T,Ok you re saying it s a red rod bigger or two white ones but that s  what I see you have built there but I would like you to tell me what  number name you have for how much bigger it is,Comparing Fractions 3_Grade 4.xlsx,False,False,False,True,False,False,False
20,S,Um wait it s one third bigger I think,Comparing Fractions 3_Grade 4.xlsx,False,False,False,False,False,False,False
20,S,I think it s one third bigger too because if you put the red to the  green,Comparing Fractions 3_Grade 4.xlsx,False,False,False,False,False,False,False
21,S,You d see that there s three,Comparing Fractions 3_Grade 4.xlsx,False,False,False,False,False,False,False
22,S,You need three and if you put the purple one to it also and then it  takes one third of them,Comparing Fractions 3_Grade 4.xlsx,False,False,False,False,False,False,False
23,T,Okay so these young ladies have proved that one half is bigger than  one third and it s one half is one third bigger than one third,Comparing Fractions 3_Grade 4.xlsx,False,False,True,False,False,False,False
23,T,What  do you think,Comparing Fractions 3_Grade 4.xlsx,True,False,False,False,False,False,False
23,T,That one half is one third bigger than one third,Comparing Fractions 3_Grade 4.xlsx,False,False,True,False,False,False,False
23,T,What  do you think about what they just proved,Comparing Fractions 3_Grade 4.xlsx,True,False,False,False,False,False,False
23,T,Now you were all  watching their argument up there and have they convinced you,Comparing Fractions 3_Grade 4.xlsx,True,False,False,False,False,False,False
23,T,I don t know if they have  convinced Dr Davis,Comparing Fractions 3_Grade 4.xlsx,False,False,True,False,False,False,False
23,T,Um but I am wondering if they have  convinced you,Comparing Fractions 3_Grade 4.xlsx,True,False,False,False,False,False,False
23,T,Kelly,Comparing Fractions 3_Grade 4.xlsx,False,True,False,False,False,False,False
23,T,What do you think do you agree with this,Comparing Fractions 3_Grade 4.xlsx,True,False,False,False,False,False,False
24,S,Um yes,Comparing Fractions 3_Grade 4.xlsx,False,False,False,False,False,False,False
25,T,You agree with them,Comparing Fractions 3_Grade 4.xlsx,False,False,False,False,False,False,True
26,S,Well if you have um a red if you hold um well if you have um  well we used these and we went like and then we like held reds up  and we showed that um that um one half is bigger by because this  part is smaller and this is supposed to be one one third so that s  how we did it,Comparing Fractions 3_Grade 4.xlsx,False,False,False,False,False,False,False
27,T,Brian you are making a face what do you think,Comparing Fractions 3_Grade 4.xlsx,True,False,False,False,False,False,False
27,T,Do you agree with  them,Comparing Fractions 3_Grade 4.xlsx,True,False,False,False,False,False,False
28,S,Not really,Comparing Fractions 3_Grade 4.xlsx,False,False,False,False,False,False,False
29,T,Brian doesn t agree with you  Audra or Jessica I think that s like changing the problem because we are  using the dark greens and she  is using the light greens,Comparing Fractions 3_Grade 4.xlsx,False,False,True,False,False,False,False
30,T,Oh hmm,Comparing Fractions 3_Grade 4.xlsx,False,False,True,False,False,False,False
31,S,If you take this and it has three thirds,Comparing Fractions 3_Grade 4.xlsx,False,False,False,False,False,False,False
32,T,Let me make sure I understand this,Comparing Fractions 3_Grade 4.xlsx,False,False,True,False,False,False,False
32,T,You re calling this one right,Comparing Fractions 3_Grade 4.xlsx,False,True,False,False,False,False,False
32,T,And you re calling this one third,Comparing Fractions 3_Grade 4.xlsx,False,False,True,False,False,False,False
33,S,And we re calling this,Comparing Fractions 3_Grade 4.xlsx,False,False,False,False,False,False,False
34,T,And you re calling this one third,Comparing Fractions 3_Grade 4.xlsx,False,False,True,False,False,False,False
35,S,One third,Comparing Fractions 3_Grade 4.xlsx,False,False,False,False,False,False,False
36,T,Right,Comparing Fractions 3_Grade 4.xlsx,False,False,True,False,False,False,False
36,T,And you re calling this one half,Comparing Fractions 3_Grade 4.xlsx,False,True,False,False,False,False,False
36,T,And you re saying one half  is bigger than one third by one third,Comparing Fractions 3_Grade 4.xlsx,False,True,False,False,False,False,False
36,S,Yeah you can put three of these three reds up to one green  and then it would take one one third of the red to make um to go  there like,Comparing Fractions 3_Grade 4.xlsx,False,False,False,False,False,False,False
37,T,Ok I would like all of you How many of you agree,Comparing Fractions 3_Grade 4.xlsx,True,False,False,False,False,False,False
37,T,How many of  you disagree,Comparing Fractions 3_Grade 4.xlsx,True,False,False,False,False,False,False
37,T,Now if you disagree you have to say why you disagree  because they are saying that one third is smaller than a half one half  is bigger than a third it s one third bigger than a third that s what  they are saying,Comparing Fractions 3_Grade 4.xlsx,False,False,True,False,False,False,False
37,T,Now either you have to agree or disagree or not  know,Comparing Fractions 3_Grade 4.xlsx,False,False,True,False,False,False,False
37,T,How many of you aren t sure,Comparing Fractions 3_Grade 4.xlsx,True,False,False,False,False,False,False
37,T,A few of  you aren t sure but some of you disagree,Comparing Fractions 3_Grade 4.xlsx,False,False,True,False,False,False,False
37,T,And if you disagree we  have to say what s wrong with their argument,Comparing Fractions 3_Grade 4.xlsx,False,False,True,False,False,False,False
37,T,There must be  something wrong with their argument if you disagree,Comparing Fractions 3_Grade 4.xlsx,False,False,True,False,False,False,False
37,T,Or maybe  their argument is right because I m very confused,Comparing Fractions 3_Grade 4.xlsx,False,False,True,False,False,False,False
37,T,Brian what do  you think,Comparing Fractions 3_Grade 4.xlsx,True,False,False,False,False,False,False
38,S,Well when they said one third is bigger than one half by one third,Comparing Fractions 3_Grade 4.xlsx,False,False,False,False,False,False,False
38,S,I  think they said is that what they said,Comparing Fractions 3_Grade 4.xlsx,False,False,False,False,False,False,False
38,S,Well I don t really agree  because well if you split if you split one of the thirds in half which  would make  which would make a sixth,Comparing Fractions 3_Grade 4.xlsx,False,False,False,False,False,False,False
38,S,I  think it s a sixth bigger,Comparing Fractions 3_Grade 4.xlsx,False,False,False,False,False,False,False
38,S,Like well  um should I go  up there,Comparing Fractions 3_Grade 4.xlsx,False,False,False,False,False,False,False
39,T,Maybe you  need to have a little conference here we have some disagreement,Comparing Fractions 3_Grade 4.xlsx,False,False,True,False,False,False,False
40,S,Well see for um when they said it was  one half bigger if you split a third in half itd make a sixth like one  two three four five six,Comparing Fractions 3_Grade 4.xlsx,False,False,False,False,False,False,False
40,S,Like like pretending they were like  pretending they were split in half,Comparing Fractions 3_Grade 4.xlsx,False,False,False,False,False,False,False
40,S,If you split one of these in half  and you have three of them up there they d make they d make six  and any way and when you split them in half right in the middle  over there it s kind of like that it s kind of like this there was this  was that was the one third  and that was the  one half  on the bottom and so it s just  like this and the red I m pretending is like is like is a half of one of  the purples and you see when I split it in half it s it s one sixth and  and it equals and it equals up to a green,Comparing Fractions 3_Grade 4.xlsx,False,False,False,False,False,False,False
41,T,I m hearing you say Brian that the number name for red is one sixth  and the reason why is,Comparing Fractions 3_Grade 4.xlsx,False,False,False,False,True,False,False
42,S,Well I mean a red I m considering a red one sixth   because two of these  equals see they re two they re two  sixths two halves of one purple and the purple is a third and the half  of one third is sixth there s sixths,Comparing Fractions 3_Grade 4.xlsx,False,False,False,False,False,False,False
1,T,So you re giving a red the number name one sixth and I understand  the young ladies up at the overhead are giving red the number name  one third and can red have the number name one third and one sixth  at the same time,Comparing Fractions 4_Grade 4.xlsx,False,True,False,False,False,False,False
1,T,That s my question,Comparing Fractions 4_Grade 4.xlsx,False,False,True,False,False,False,False
2,S,Well what I mean is,Comparing Fractions 4_Grade 4.xlsx,False,False,False,False,False,False,False
3,T,I heard what you said Brian I just wish everyone would listen here  because you re going to have to decide and write about this in a few  minutes and you re going to have to decide of the arguments which  you agree with Brian s argument or the argument of the other  people,Comparing Fractions 4_Grade 4.xlsx,False,False,True,False,False,False,False
3,T,And you need to know the arguments of both people so you  can write about them and tell me which do you believe and why,Comparing Fractions 4_Grade 4.xlsx,False,False,True,False,False,False,False
3,T,And if you don t believe an argument you have to tell why you don t  believe it and if you believe an argument you have to be able to  prove it,Comparing Fractions 4_Grade 4.xlsx,False,False,True,False,False,False,False
3,T,So we have two different arguments at the table and it s  very important that you listen so you understand what the arguments  are,Comparing Fractions 4_Grade 4.xlsx,False,False,True,False,False,False,False
4,S,Kelly and Jackie have something else that like goes with this like,Comparing Fractions 4_Grade 4.xlsx,False,False,False,False,False,False,False
5,T,Ok we will hear Kelly and Jackie and we will hear Brian s again,Comparing Fractions 4_Grade 4.xlsx,False,False,True,False,False,False,False
5,T,Brian said it and I know some of you heard it I heard it,Comparing Fractions 4_Grade 4.xlsx,False,False,True,False,False,False,False
5,T,But I would  like you all to listen to these arguments,Comparing Fractions 4_Grade 4.xlsx,False,False,True,False,False,False,False
6,S,Well we would call this dark green one and the reds one third and  the light green one half and we thought the we thought one third  was bigger by one of these white things,Comparing Fractions 4_Grade 4.xlsx,False,False,False,False,False,False,False
7,S,Oh I think they re making a different size candy bar,Comparing Fractions 4_Grade 4.xlsx,False,False,False,False,False,False,False
8,T,Is that allowed,Comparing Fractions 4_Grade 4.xlsx,False,True,False,False,False,False,False
9,S,Um no,Comparing Fractions 4_Grade 4.xlsx,False,False,False,False,False,False,False
10,T,Why not,Comparing Fractions 4_Grade 4.xlsx,False,False,False,False,True,False,False
10,T,What s wrong with that,Comparing Fractions 4_Grade 4.xlsx,False,False,False,True,False,False,False
10,T,In what way it is not fair,Comparing Fractions 4_Grade 4.xlsx,False,False,False,True,False,False,False
11,S,Because if say you give someone half of this one,Comparing Fractions 4_Grade 4.xlsx,False,False,False,False,False,False,False
11,S,and then  one half of that one,Comparing Fractions 4_Grade 4.xlsx,False,False,False,False,False,False,False
11,S,and this is bigger than,Comparing Fractions 4_Grade 4.xlsx,False,False,False,False,False,False,False
12,T,Ok so what do you ladies think,Comparing Fractions 4_Grade 4.xlsx,False,False,False,True,False,False,False
12,T,Are you making different size  candy bars,Comparing Fractions 4_Grade 4.xlsx,False,True,False,False,False,False,False
12,T,What are calling the candy bar when you started the  problem,Comparing Fractions 4_Grade 4.xlsx,False,False,False,True,False,False,False
12,T,What was one,Comparing Fractions 4_Grade 4.xlsx,False,False,False,True,False,False,False
12,T,What did you call one if you re thinking of  candy bars when you began the problem,Comparing Fractions 4_Grade 4.xlsx,False,False,False,True,False,False,False
12,S,The dark green,Comparing Fractions 4_Grade 4.xlsx,False,False,False,False,False,False,False
13,T,Is that what you built when you went up there you said the dark  green is one,Comparing Fractions 4_Grade 4.xlsx,False,True,False,False,False,False,False
13,T,Is that what you said,Comparing Fractions 4_Grade 4.xlsx,False,True,False,False,False,False,False
13,S,Yeah,Comparing Fractions 4_Grade 4.xlsx,False,False,False,False,False,False,False
14,T,Ok then use the okay if your calling dark green one then I want to  hear your argument which is bigger a half or a third and by how  much,Comparing Fractions 4_Grade 4.xlsx,False,False,False,True,False,False,False
15,S,Okay we think that a half is bigger than the third,Comparing Fractions 4_Grade 4.xlsx,False,False,False,False,False,False,False
16,T,Okay you think a half is bigger than one third and you re calling the  dark green one,Comparing Fractions 4_Grade 4.xlsx,False,False,False,True,False,False,False
16,T,Did you change your mind,Comparing Fractions 4_Grade 4.xlsx,False,True,False,False,False,False,False
17,S,Yeah and we think light green is a half,Comparing Fractions 4_Grade 4.xlsx,False,False,False,False,False,False,False
18,T,Well show me your argument now and tell me which is bigger a half  and a third and by how much,Comparing Fractions 4_Grade 4.xlsx,False,False,False,True,False,False,False
19,S,Okay this is this is a half  and the red is a third,Comparing Fractions 4_Grade 4.xlsx,False,False,False,False,False,False,False
20,T,Can you show me why that s a half,Comparing Fractions 4_Grade 4.xlsx,False,False,False,False,True,False,False
21,S,Because if you put these all together they equal up to the  one  and we think the light green which is a half is  bigger than the red by by one which is this white one,Comparing Fractions 4_Grade 4.xlsx,False,False,False,False,False,False,False
22,T,Ok I see that you switched what you made um your model uh but  you showed me that one half is still bigger than a third and you still  believe that,Comparing Fractions 4_Grade 4.xlsx,False,False,True,False,False,False,False
22,T,But what number name did you give to white,Comparing Fractions 4_Grade 4.xlsx,False,False,False,True,False,False,False
22,T,You said  it was a white rod bigger but I didn t hear what number name you  gave to white,Comparing Fractions 4_Grade 4.xlsx,False,False,True,False,False,False,False
22,T,I thought I heard you say it s one bigger,Comparing Fractions 4_Grade 4.xlsx,False,False,True,False,False,False,False
23,S,Yeah,Comparing Fractions 4_Grade 4.xlsx,False,False,False,False,False,False,False
24,T,Did you say that,Comparing Fractions 4_Grade 4.xlsx,False,True,False,False,False,False,False
25,S,Yeah the green the light green is one bigger than the red,Comparing Fractions 4_Grade 4.xlsx,False,False,False,False,False,False,False
25,S,And the  red is one bigger the light green is one bigger,Comparing Fractions 4_Grade 4.xlsx,False,False,False,False,False,False,False
26,T,And what number name are you calling the white,Comparing Fractions 4_Grade 4.xlsx,False,False,False,True,False,False,False
27,S,One,Comparing Fractions 4_Grade 4.xlsx,False,False,False,False,False,False,False
28,T,You all agree with that,Comparing Fractions 4_Grade 4.xlsx,True,False,False,False,False,False,False
29,S,Actually I used this to um to tell that the light green is one white  bigger,Comparing Fractions 4_Grade 4.xlsx,False,False,False,False,False,False,False
30,T,Ok and the number name you are giving to the white you re saying  is one,Comparing Fractions 4_Grade 4.xlsx,False,False,True,False,False,False,False
31,S,Yeah,Comparing Fractions 4_Grade 4.xlsx,False,False,False,False,False,False,False
32,T,you called the green one and your calling the white one,Comparing Fractions 4_Grade 4.xlsx,False,False,False,True,False,False,False
33,S,No,Comparing Fractions 4_Grade 4.xlsx,False,False,False,False,False,False,False
34,T,That s what I thought I heard you say,Comparing Fractions 4_Grade 4.xlsx,False,False,True,False,False,False,False
34,T,You hear  my question,Comparing Fractions 4_Grade 4.xlsx,False,True,False,False,False,False,False
34,T,Is everybody hearing my question,Comparing Fractions 4_Grade 4.xlsx,False,True,False,False,False,False,False
34,T,You said you called  the light green one you said you called the red one third and you  said you called the light green one half,Comparing Fractions 4_Grade 4.xlsx,False,False,True,False,False,False,False
34,T,Right,Comparing Fractions 4_Grade 4.xlsx,False,False,True,False,False,False,False
34,T,And now the white  one right    The white one which tells you how much bigger it is you said  you re calling it one,Comparing Fractions 4_Grade 4.xlsx,False,False,True,False,False,False,False
34,T,So your calling this one and this one,Comparing Fractions 4_Grade 4.xlsx,False,False,True,False,False,False,False
35,S,I think I know what they mean,Comparing Fractions 4_Grade 4.xlsx,False,False,False,False,False,False,False
36,T,Erik what do they mean I m so confused,Comparing Fractions 4_Grade 4.xlsx,True,False,False,False,False,False,False
37,S,I think they mean that they want to call this  the dark green one one whole and they want to call this yeah like  you line all the whites up to it which I think should be six and they  want to call it one sixth,Comparing Fractions 4_Grade 4.xlsx,False,False,False,False,False,False,False
37,S,I think that s what they re trying to say but  they just they re just not saying it,Comparing Fractions 4_Grade 4.xlsx,False,False,False,False,False,False,False
37,S,I think they just they want to  call it one sixth,Comparing Fractions 4_Grade 4.xlsx,False,False,False,False,False,False,False
38,T,I don t see six of them up there,Comparing Fractions 4_Grade 4.xlsx,False,False,True,False,False,False,False
39,S,Well however many are up there that what they are trying to say,Comparing Fractions 4_Grade 4.xlsx,False,False,False,False,False,False,False
40,S,Yeah because I think they meant,Comparing Fractions 4_Grade 4.xlsx,False,False,False,False,False,False,False
41,S,I think you meant to say not one whole but one sixth,Comparing Fractions 4_Grade 4.xlsx,False,False,False,False,False,False,False
42,T,Is that what you meant to say,Comparing Fractions 4_Grade 4.xlsx,False,True,False,False,False,False,False
43,S,Yeah,Comparing Fractions 4_Grade 4.xlsx,False,False,False,False,False,False,False
44,T,So you re saying then you all agree that s what you all really  wanted to call the little white one one sixth and not one,Comparing Fractions 4_Grade 4.xlsx,False,True,False,False,False,False,False
44,T,When you  call the light green one,Comparing Fractions 4_Grade 4.xlsx,False,True,False,False,False,False,False
44,T,So I m a little concerned now,Comparing Fractions 4_Grade 4.xlsx,False,True,False,False,False,False,False
44,T,Are you  agreeing with Brian or disagreeing with Brian that the number name  that you would give for how much bigger one half is than one third,Comparing Fractions 4_Grade 4.xlsx,True,False,False,False,False,False,False
44,T,Is how much,Comparing Fractions 4_Grade 4.xlsx,False,False,False,True,False,False,False
44,T,One half is how much bigger than one third,Comparing Fractions 4_Grade 4.xlsx,False,False,False,True,False,False,False
45,S,Um one one sixth,Comparing Fractions 4_Grade 4.xlsx,False,False,False,False,False,False,False
46,T,Is it one or one sixth,Comparing Fractions 4_Grade 4.xlsx,False,False,False,True,False,False,False
47,S,One sixth,Comparing Fractions 4_Grade 4.xlsx,False,False,False,False,False,False,False
48,T,You re sure it s one sixth,Comparing Fractions 4_Grade 4.xlsx,False,True,False,False,False,False,False
49,S,Yea,Comparing Fractions 4_Grade 4.xlsx,False,False,False,False,False,False,False
50,T,Why can t it one,Comparing Fractions 4_Grade 4.xlsx,False,True,False,False,False,False,False
51,S,Because that s be um the dark green,Comparing Fractions 4_Grade 4.xlsx,False,False,False,False,False,False,False
52,T,The dark green is one,Comparing Fractions 4_Grade 4.xlsx,False,True,False,False,False,False,False
52,T,I understand when,Comparing Fractions 4_Grade 4.xlsx,False,False,True,False,False,False,False
53,S,But I think you can call it one because you can make the dark green  bigger,Comparing Fractions 4_Grade 4.xlsx,False,False,False,False,False,False,False
54,T,But they didn t they called the dark green one Erik,Comparing Fractions 4_Grade 4.xlsx,False,False,True,False,False,False,False
55,S,You could call you can call the dark green one six the  dark green rod six and then you could call the light green rod three,Comparing Fractions 4_Grade 4.xlsx,False,False,False,False,False,False,False
56,T,But can you do that in the same problem,Comparing Fractions 4_Grade 4.xlsx,False,True,False,False,False,False,False
57,S,No,Comparing Fractions 4_Grade 4.xlsx,False,False,False,False,False,False,False
58,T,Yeah you can t change the rules in the problem now I want to go back  that s very very nice and Erik that was very helpful to me and to the  folks up there,Comparing Fractions 4_Grade 4.xlsx,False,False,True,False,False,False,False
1,T,I still want to go back to the problem Brian was helping them with  the problem up there I still wonder if we can solve this one because  you started with this other one and you said that the orange and red   are one right,Comparing Fractions 5_Grade 4.xlsx,False,True,False,False,False,False,False
1,T,Isn t that what you said,Comparing Fractions 5_Grade 4.xlsx,False,True,False,False,False,False,False
2,S,This is one whole and then this is one third and this is one half,Comparing Fractions 5_Grade 4.xlsx,False,False,False,False,False,False,False
3,T,Right and you said it s bigger by the red right,Comparing Fractions 5_Grade 4.xlsx,False,True,False,False,False,False,False
3,T,And the question  was what number name do you give to the red,Comparing Fractions 5_Grade 4.xlsx,False,False,False,True,False,False,False
3,T,Now if you really  understood what mistake you made here maybe you ll figure out  what mistake you made up there,Comparing Fractions 5_Grade 4.xlsx,False,False,True,False,False,False,False
4,S,Well we and we um named well three reds equal up to um one  greens and then you put the purple next to it and you need one more  red you need a red to go next to the purple so it would be one third,Comparing Fractions 5_Grade 4.xlsx,False,False,False,False,False,False,False
5,T,Well how can you build a model and say that one half is bigger than  a third by a sixth and build another model that says one half is bigger  than a third by a third,Comparing Fractions 5_Grade 4.xlsx,False,False,False,True,False,False,False
5,T,How is that possible,Comparing Fractions 5_Grade 4.xlsx,False,False,False,True,False,False,False
5,T,I am so confused,Comparing Fractions 5_Grade 4.xlsx,False,False,True,False,False,False,False
5,T,Brian it s just his face tells me that he is so unhappy with that,Comparing Fractions 5_Grade 4.xlsx,False,False,True,False,False,False,False
5,T,Do  you believe that Brian,Comparing Fractions 5_Grade 4.xlsx,False,True,False,False,False,False,False
5,T,They re still telling me that one half is bigger  by one half is bigger than one third by one third,Comparing Fractions 5_Grade 4.xlsx,False,False,True,False,False,False,False
5,T,Can anyone tell  me what s going on here,Comparing Fractions 5_Grade 4.xlsx,False,False,False,True,False,False,False
5,T,I am so confused,Comparing Fractions 5_Grade 4.xlsx,False,False,True,False,False,False,False
6,S,I don t I still don t think so well because well well see like I said  before when you split the ahh when you split the thirds in half and  they make sixths it s still like,Comparing Fractions 5_Grade 4.xlsx,False,False,False,False,False,False,False
7,T,So Brian is giving the red rod a different number name he s not  calling it a third he s calling it a sixth,Comparing Fractions 5_Grade 4.xlsx,False,False,True,False,False,False,False
7,T,They don t believe that  though they still want to call it a third,Comparing Fractions 5_Grade 4.xlsx,False,False,True,False,False,False,False
7,T,Someone has to,Comparing Fractions 5_Grade 4.xlsx,False,False,True,False,False,False,False
8,S,See well because when you put it right there you see that you see  that there s one of these if you put one of these on top of it you  might see that that it s that much that that red that red is that much  bigger than one of the halves because one of these reds I m calling  is is is a sixth and anyway a half of one of these a half of one of the  thirds,Comparing Fractions 5_Grade 4.xlsx,False,False,False,False,False,False,False
8,S,But when you put it on top of one of the thirds it s that much  bigger than one of the halves,Comparing Fractions 5_Grade 4.xlsx,False,False,False,False,False,False,False
9,S,Well I think they might both be answers,Comparing Fractions 5_Grade 4.xlsx,False,False,False,False,False,False,False
10,T,You think it can be a third and a half,Comparing Fractions 5_Grade 4.xlsx,False,True,False,False,False,False,False
10,T,How many think they could  be a third and a half,Comparing Fractions 5_Grade 4.xlsx,False,True,False,False,False,False,False
10,T,How many of you don t think it could be a  third and a sixth,Comparing Fractions 5_Grade 4.xlsx,False,True,False,False,False,False,False
10,T,How many of you disagree,Comparing Fractions 5_Grade 4.xlsx,True,False,False,False,False,False,False
11,S,I don t think you can have an answer of a third because if you have  one half   and if you take the one half  which would be the dark green you have the one half and then these   are the thirds,Comparing Fractions 5_Grade 4.xlsx,False,False,False,False,False,False,False
11,S,How could one half be bigger than the  thirds by one third,Comparing Fractions 5_Grade 4.xlsx,False,False,False,False,False,False,False
11,S,Because and you have the half and the thirds  together that the half is almost as big as two thirds but yet the two  thirds arent exactly are not exactly the green the dark green is not  the dark green is not exactly as big as two two thirds but two thirds  it s the but it s far enough so that the two thirds are not bigger than  it by one third,Comparing Fractions 5_Grade 4.xlsx,False,False,False,False,False,False,False
12,S,I kind of agree with Erik,Comparing Fractions 5_Grade 4.xlsx,False,False,False,False,False,False,False
12,S,I think now I disagree with them,Comparing Fractions 5_Grade 4.xlsx,False,False,False,False,False,False,False
13,S,I don t really think that if you have this  that you could  have one third bigger than it  because it s got to be one  third and probably a third and a half,Comparing Fractions 5_Grade 4.xlsx,False,False,False,False,False,False,False
14,S,Yeah he s right,Comparing Fractions 5_Grade 4.xlsx,False,False,False,False,False,False,False
15,S,It couldn t be it couldn t be exactly a third,Comparing Fractions 5_Grade 4.xlsx,False,False,False,False,False,False,False
16,S,Cause one third bigger this would be one third bigger like that to the  end over there,Comparing Fractions 5_Grade 4.xlsx,False,False,False,False,False,False,False
16,S,That would actually be like this  this would really be one third bigger  and there s still some left over and there s still about,Comparing Fractions 5_Grade 4.xlsx,False,False,False,False,False,False,False
17,S,A half left over,Comparing Fractions 5_Grade 4.xlsx,False,False,False,False,False,False,False
18,S,Yeah there s still there s still one more there s still one more piece  left like about a sixth left,Comparing Fractions 5_Grade 4.xlsx,False,False,False,False,False,False,False
19,S,Cause it s like if you have if you have the like dark green and it  doesn t exactly equal up to it doesn t exactly equal up,Comparing Fractions 5_Grade 4.xlsx,False,False,False,False,False,False,False
19,S,It s less than  two thirds but it s more than one third,Comparing Fractions 5_Grade 4.xlsx,False,False,False,False,False,False,False
19,S,It s just about one third and a  half,Comparing Fractions 5_Grade 4.xlsx,False,False,False,False,False,False,False
19,S,So it couldn t be exactly a third bigger than it and it couldn t  be exactly two thirds or it couldn t be exactly one third bigger,Comparing Fractions 5_Grade 4.xlsx,False,False,False,False,False,False,False
19,S,It  had to be one third and a half,Comparing Fractions 5_Grade 4.xlsx,False,False,False,False,False,False,False
20,T,Michael wanted to say something for a long time and has been very  patient,Comparing Fractions 5_Grade 4.xlsx,False,True,False,False,False,False,False
21,S,Umm I think it should be called one sixth because  because if you put six reds up to one orange  with a red then it would  equal there would be there would be it would be the same size just  so it would be called one sixth because reds like that,Comparing Fractions 5_Grade 4.xlsx,False,False,False,False,False,False,False
22,S,Yeah I agree with Michael and Erik,Comparing Fractions 5_Grade 4.xlsx,False,False,False,False,False,False,False
23,T,So so Brian Michael is offering another way of thinking about that  red as being one sixth,Comparing Fractions 5_Grade 4.xlsx,False,False,True,False,False,False,False
23,T,You thought about the red as being one sixth  to make a half of a third and Michael is saying that red is one sixth,Comparing Fractions 5_Grade 4.xlsx,False,False,True,False,False,False,False
24,S,Yeah Michael is right because it takes three sixths to equal one half  and if,Comparing Fractions 5_Grade 4.xlsx,False,False,False,False,False,False,False
25,T,I see Meredith is wanting to say something,Comparing Fractions 5_Grade 4.xlsx,False,True,False,False,False,False,False
26,S,I agree with Erik Michael and Brian because if you do call that a  sixth a sixth and if you put the dark green and two thirds you said  it was you said it was um they said that it s a third bigger if you  did a third bigger this is called a third and then you put it there you  see negative,Comparing Fractions 5_Grade 4.xlsx,False,False,False,False,False,False,False
27,T,I m sorry Meredith could you start again,Comparing Fractions 5_Grade 4.xlsx,False,True,False,False,False,False,False
28,S,You said it was one third bigger that can t be true because one third  bigger,Comparing Fractions 5_Grade 4.xlsx,False,False,False,False,False,False,False
,S,Yeah,Comparing Fractions 5_Grade 4.xlsx,False,False,False,False,False,False,False
29,S,It s about one sixth less,Comparing Fractions 5_Grade 4.xlsx,False,False,False,False,False,False,False
29,S,So it can t be a third bigger,Comparing Fractions 5_Grade 4.xlsx,False,False,False,False,False,False,False
30,S,And also like,Comparing Fractions 5_Grade 4.xlsx,False,False,False,False,False,False,False
31,S,So it s one sixth bigger,Comparing Fractions 5_Grade 4.xlsx,False,False,False,False,False,False,False
32,S,And also yeah and also I think because if you have the light green  the light green it s not bigger than it s not bigger than the it s not  bigger than the umm third it s not bigger than two thirds,Comparing Fractions 5_Grade 4.xlsx,False,False,False,False,False,False,False
32,S,It s bigger  than one third but it s not as big as two thirds so it s less than two  thirds but more than one third,Comparing Fractions 5_Grade 4.xlsx,False,False,False,False,False,False,False
32,S,So it can t be a third bigger,Comparing Fractions 5_Grade 4.xlsx,False,False,False,False,False,False,False
32,S,And if  you have that to make it two thirds large there has to be a sixth,Comparing Fractions 5_Grade 4.xlsx,False,False,False,False,False,False,False
33,T,Well that is really something uh I think,Comparing Fractions 5_Grade 4.xlsx,False,False,True,False,False,False,False
34,S,It s sort of like one sixth in both cases,Comparing Fractions 5_Grade 4.xlsx,False,False,False,False,False,False,False
35,T,Well you find that you are consistent you do get one sixth when   you use both models,Comparing Fractions 5_Grade 4.xlsx,False,False,False,False,False,False,True
35,T,I am really interested I uh hearing about  what all of you are thinking about these arguments  You can sit down now,Comparing Fractions 5_Grade 4.xlsx,False,False,True,False,False,False,False
35,T,Thank you very very  much that was very very helpful,Comparing Fractions 5_Grade 4.xlsx,False,False,True,False,False,False,False
1,T,Someone told me someone told me that the red rod is half as long  as the yellow rod,Fraction as Number 1_Grade 4.xlsx,False,False,True,False,False,False,False
1,T,What do you think,Fraction as Number 1_Grade 4.xlsx,True,False,False,False,False,False,False
2,S,Which red rods,Fraction as Number 1_Grade 4.xlsx,False,False,False,False,False,False,False
3,S,These little ones,Fraction as Number 1_Grade 4.xlsx,False,False,False,False,False,False,False
4,T,Someone told me that the red rod is half as long as the yellow rod,Fraction as Number 1_Grade 4.xlsx,False,False,True,False,False,False,False
4,T,What do you think,Fraction as Number 1_Grade 4.xlsx,True,False,False,False,False,False,False
5,S,No,Fraction as Number 1_Grade 4.xlsx,False,False,False,False,False,False,False
5,S,Look,Fraction as Number 1_Grade 4.xlsx,False,False,False,False,False,False,False
6,S,Nope,Fraction as Number 1_Grade 4.xlsx,False,False,False,False,False,False,False
7,S,You d have to fit more here,Fraction as Number 1_Grade 4.xlsx,False,False,False,False,False,False,False
7,S,There is enough to fit another light  green in here,Fraction as Number 1_Grade 4.xlsx,False,False,False,False,False,False,False
8,T,Danielle what do you think,Fraction as Number 1_Grade 4.xlsx,False,False,False,True,False,False,False
9,S,No,Fraction as Number 1_Grade 4.xlsx,False,False,False,False,False,False,False
10,T,Danielle thinks no,Fraction as Number 1_Grade 4.xlsx,False,False,False,False,False,False,True
10,T,What can you do to convince me that that s not  true,Fraction as Number 1_Grade 4.xlsx,False,False,False,True,False,False,False
10,T,Can you speak nice and loud Danielle,Fraction as Number 1_Grade 4.xlsx,False,True,False,False,False,False,False
11,S,Put the two red ones next to the yellow one,Fraction as Number 1_Grade 4.xlsx,False,False,False,False,False,False,False
12,T,And,Fraction as Number 1_Grade 4.xlsx,False,True,False,False,False,False,False
13,S,And there s more space,Fraction as Number 1_Grade 4.xlsx,False,False,False,False,False,False,False
14,T,So it doesnt work does it,Fraction as Number 1_Grade 4.xlsx,False,True,False,False,False,False,False
14,T,How many of you agree that the red  rod is not half as long as the yellow rod,Fraction as Number 1_Grade 4.xlsx,True,False,False,False,False,False,False
14,T,How many of you agree  that whoever told me that I shouldnt believe it,Fraction as Number 1_Grade 4.xlsx,True,False,False,False,False,False,False
14,T,And you can all  convince me,Fraction as Number 1_Grade 4.xlsx,False,True,False,False,False,False,False
14,T,And you all did the same thing in convincing me  right you put the two red ones and it didnt come out to be a half  thats what you all did,Fraction as Number 1_Grade 4.xlsx,False,True,False,False,False,False,False
14,T,What a smart class this is,Fraction as Number 1_Grade 4.xlsx,False,False,True,False,False,False,False
14,T,Id better be  careful who I listen to right,Fraction as Number 1_Grade 4.xlsx,False,True,False,False,False,False,False
14,T,Okay someone told me that the  purple rod,Fraction as Number 1_Grade 4.xlsx,False,False,True,False,False,False,False
15,S,This one,Fraction as Number 1_Grade 4.xlsx,False,False,False,False,False,False,False
16,T,Is half as long as the black rod,Fraction as Number 1_Grade 4.xlsx,False,False,True,False,False,False,False
17,S,No,Fraction as Number 1_Grade 4.xlsx,False,False,False,False,False,False,False
18,T,What do you think,Fraction as Number 1_Grade 4.xlsx,True,False,False,False,False,False,False
19,S,No,Fraction as Number 1_Grade 4.xlsx,False,False,False,False,False,False,False
20,S,Nope,Fraction as Number 1_Grade 4.xlsx,False,False,False,False,False,False,False
21,T,The black rod,Fraction as Number 1_Grade 4.xlsx,False,False,True,False,False,False,False
22,S,Oh the black rod,Fraction as Number 1_Grade 4.xlsx,False,False,False,False,False,False,False
23,S,It would take another light green to make a whole and that s not  half,Fraction as Number 1_Grade 4.xlsx,False,False,False,False,False,False,False
24,S,Yeah it is look,Fraction as Number 1_Grade 4.xlsx,False,False,False,False,False,False,False
25,S,That is not as long as the black it would take another light green  one,Fraction as Number 1_Grade 4.xlsx,False,False,False,False,False,False,False
26,S,Oh,Fraction as Number 1_Grade 4.xlsx,False,False,False,False,False,False,False
27,T,What do you think,Fraction as Number 1_Grade 4.xlsx,False,False,False,True,False,False,False
27,T,David,Fraction as Number 1_Grade 4.xlsx,False,True,False,False,False,False,False
28,S,No,Fraction as Number 1_Grade 4.xlsx,False,False,False,False,False,False,False
29,T,David doesn t believe it why not David,Fraction as Number 1_Grade 4.xlsx,False,False,False,False,True,False,False
30,S,Because if you put the two on top,Fraction as Number 1_Grade 4.xlsx,False,False,False,False,False,False,False
31,T,Nice and loud David,Fraction as Number 1_Grade 4.xlsx,False,True,False,False,False,False,False
32,S,Cause if you put the two purple if you put the two purples on top  of each other they ll be taller than the black,Fraction as Number 1_Grade 4.xlsx,False,False,False,False,False,False,False
33,T,Okay how many of you agree with David,Fraction as Number 1_Grade 4.xlsx,True,False,False,False,False,False,False
33,T,Okay can you find dark  green,Fraction as Number 1_Grade 4.xlsx,False,True,False,False,False,False,False
33,T,Are you ready for this one,Fraction as Number 1_Grade 4.xlsx,False,True,False,False,False,False,False
33,T,Someone told me that the red  rod is one third as long as the dark green rod,Fraction as Number 1_Grade 4.xlsx,False,False,True,False,False,False,False
33,T,What do you think,Fraction as Number 1_Grade 4.xlsx,True,False,False,False,False,False,False
34,S,Yep,Fraction as Number 1_Grade 4.xlsx,False,False,False,False,False,False,False
35,S,Yep,Fraction as Number 1_Grade 4.xlsx,False,False,False,False,False,False,False
36,S,Mmmhmm,Fraction as Number 1_Grade 4.xlsx,False,False,False,False,False,False,False
37,S,Mmmhmm,Fraction as Number 1_Grade 4.xlsx,False,False,False,False,False,False,False
37,S,Cause two of these would make,Fraction as Number 1_Grade 4.xlsx,False,False,False,False,False,False,False
38,T,Discuss it with your partner,Fraction as Number 1_Grade 4.xlsx,False,True,False,False,False,False,False
39,S,Yeah I think so,Fraction as Number 1_Grade 4.xlsx,False,False,False,False,False,False,False
40,S,Umm cause if you did it like this,Fraction as Number 1_Grade 4.xlsx,False,False,False,False,False,False,False
41,T,Someone told me Jackie,Fraction as Number 1_Grade 4.xlsx,False,True,False,False,False,False,False
42,S,Yeah,Fraction as Number 1_Grade 4.xlsx,False,False,False,False,False,False,False
43,T,Jackie thinks so,Fraction as Number 1_Grade 4.xlsx,False,False,True,False,False,False,False
43,T,How many of you agree with  Jackie,Fraction as Number 1_Grade 4.xlsx,True,False,False,False,False,False,False
43,T,What would you do to convince me,Fraction as Number 1_Grade 4.xlsx,False,False,False,True,False,False,False
43,T,You  want to come up here and convince me Jackie on the overhead,Fraction as Number 1_Grade 4.xlsx,False,False,False,True,False,False,False
43,T,That the red rod is one third  as large as long as the dark green,Fraction as Number 1_Grade 4.xlsx,False,False,True,False,False,False,False
43,T,How many did that,Fraction as Number 1_Grade 4.xlsx,True,False,False,False,False,False,False
43,T,Okay what a smart class are  you sure everyone didn t work with this last year,Fraction as Number 1_Grade 4.xlsx,False,True,False,False,False,False,False
43,T,What a smart class,Fraction as Number 1_Grade 4.xlsx,False,False,True,False,False,False,False
43,T,That s lovely thank you  Jackie,Fraction as Number 1_Grade 4.xlsx,False,False,True,False,False,False,False
1,S,One third,Fraction as Number 2_Grade 4.xlsx,False,False,False,False,False,False,False
2,T,Nice and loud Beth,Fraction as Number 2_Grade 4.xlsx,False,True,False,False,False,False,False
3,S,One third,Fraction as Number 2_Grade 4.xlsx,False,False,False,False,False,False,False
4,T,How many think one third,Fraction as Number 2_Grade 4.xlsx,False,True,False,False,False,False,False
4,T,You all agree,Fraction as Number 2_Grade 4.xlsx,False,False,True,False,False,False,False
4,T,Can you tell me why you  would give it the number name one third,Fraction as Number 2_Grade 4.xlsx,False,False,False,False,True,False,False
5,S,Because if you put three of them it makes one whole,Fraction as Number 2_Grade 4.xlsx,False,False,False,False,False,False,False
6,T,Okay so if it makes three of them would make one whole,Fraction as Number 2_Grade 4.xlsx,False,False,False,False,False,False,True
6,T,Do you  agree with that,Fraction as Number 2_Grade 4.xlsx,True,False,False,False,False,False,False
6,T,So we give it the number name one third,Fraction as Number 2_Grade 4.xlsx,False,False,True,False,False,False,False
6,T,Okay  very good,Fraction as Number 2_Grade 4.xlsx,False,False,True,False,False,False,False
6,T,Someone told me that light green is one third as long as  blue,Fraction as Number 2_Grade 4.xlsx,False,False,True,False,False,False,False
6,T,What do you think,Fraction as Number 2_Grade 4.xlsx,True,False,False,False,False,False,False
7,S,It s right right right,Fraction as Number 2_Grade 4.xlsx,False,False,False,False,False,False,False
8,S,Hmm,Fraction as Number 2_Grade 4.xlsx,False,False,False,False,False,False,False
9,S,It s right,Fraction as Number 2_Grade 4.xlsx,False,False,False,False,False,False,False
10,S,Mmmhmm,Fraction as Number 2_Grade 4.xlsx,False,False,False,False,False,False,False
10,S,Yep one third,Fraction as Number 2_Grade 4.xlsx,False,False,False,False,False,False,False
11,T,Someone told me that light green is one third as long as blue,Fraction as Number 2_Grade 4.xlsx,False,False,True,False,False,False,False
11,T,What  do you think,Fraction as Number 2_Grade 4.xlsx,True,False,False,False,False,False,False
11,T,What do you think Jessica,Fraction as Number 2_Grade 4.xlsx,True,False,False,False,False,False,False
12,S,It is,Fraction as Number 2_Grade 4.xlsx,False,False,False,False,False,False,False
13,T,Jessica thinks it is,Fraction as Number 2_Grade 4.xlsx,False,False,False,False,False,False,True
13,T,And how would you convince me Jessica,Fraction as Number 2_Grade 4.xlsx,False,False,False,True,False,False,False
14,S,Because you could if you have you have three of these you could  put it up to the blue and it s one whole,Fraction as Number 2_Grade 4.xlsx,False,False,False,False,False,False,False
15,T,So if I call the blue rod one what number name would I give to light  green everybody,Fraction as Number 2_Grade 4.xlsx,False,False,False,True,False,False,False
16,S,One third,Fraction as Number 2_Grade 4.xlsx,False,False,False,False,False,False,False
17,T,I would give it the number name one third,Fraction as Number 2_Grade 4.xlsx,False,False,False,False,False,False,True
17,T,Now notice if I called  the dark green rod one what number name would I give to the red,Fraction as Number 2_Grade 4.xlsx,False,False,False,True,False,False,False
18,S,One third,Fraction as Number 2_Grade 4.xlsx,False,False,False,False,False,False,False
19,T,So are the number names always the same,Fraction as Number 2_Grade 4.xlsx,False,True,False,False,False,False,False
20,S,No,Fraction as Number 2_Grade 4.xlsx,False,False,False,False,False,False,False
21,T,Are the color names always the same,Fraction as Number 2_Grade 4.xlsx,False,True,False,False,False,False,False
22,T,No,Fraction as Number 2_Grade 4.xlsx,False,True,False,False,False,False,False
23,T,Does this have another name other than blue,Fraction as Number 2_Grade 4.xlsx,False,True,False,False,False,False,False
23,T,Am I ever going to  call this something else other than blue,Fraction as Number 2_Grade 4.xlsx,False,True,False,False,False,False,False
24,S,No oh yeah,Fraction as Number 2_Grade 4.xlsx,False,False,False,False,False,False,False
25,T,What am I going to call it,Fraction as Number 2_Grade 4.xlsx,False,False,False,True,False,False,False
26,S,Dark blue,Fraction as Number 2_Grade 4.xlsx,False,False,False,False,False,False,False
27,T,Well dark blue,Fraction as Number 2_Grade 4.xlsx,False,False,False,False,False,False,True
27,T,So are the number names same do they change,Fraction as Number 2_Grade 4.xlsx,False,True,False,False,False,False,False
27,T,I  mean the color names,Fraction as Number 2_Grade 4.xlsx,False,False,True,False,False,False,False
28,S,Color names no,Fraction as Number 2_Grade 4.xlsx,False,False,False,False,False,False,False
29,T,Erik thinks that the color names don t change,Fraction as Number 2_Grade 4.xlsx,False,False,False,False,False,False,True
29,T,Right do we agree  that the color names are always the same,Fraction as Number 2_Grade 4.xlsx,True,False,False,False,False,False,False
30,S,Mmmhmm,Fraction as Number 2_Grade 4.xlsx,False,False,False,False,False,False,False
31,T,Do the number names change,Fraction as Number 2_Grade 4.xlsx,False,True,False,False,False,False,False
32,S,Yes,Fraction as Number 2_Grade 4.xlsx,False,False,False,False,False,False,False
33,T,Okay tell me why the number names change,Fraction as Number 2_Grade 4.xlsx,False,False,False,False,True,False,False
33,T,Give me an example  of why the number names change,Fraction as Number 2_Grade 4.xlsx,False,False,False,False,True,False,False
33,T,Erik,Fraction as Number 2_Grade 4.xlsx,False,True,False,False,False,False,False
34,S,You could think you could say that you could take an orange block  and a blue block and that would be that would be three three  thirds of it,Fraction as Number 2_Grade 4.xlsx,False,False,False,False,False,False,False
34,S,Wait no,Fraction as Number 2_Grade 4.xlsx,False,False,False,False,False,False,False
34,S,Wait hold on,Fraction as Number 2_Grade 4.xlsx,False,False,False,False,False,False,False
34,S,Well no I mean if you take if  you take a blue rod and you could call it one whole then you would  take a diff a smaller rod and that would be something,Fraction as Number 2_Grade 4.xlsx,False,False,False,False,False,False,False
35,T,Which one,Fraction as Number 2_Grade 4.xlsx,False,False,False,True,False,False,False
36,S,Um well oh you take a light green and that ll be a third of it,Fraction as Number 2_Grade 4.xlsx,False,False,False,False,False,False,False
37,T,Okay so I called the light green one third and I called the red one  third,Fraction as Number 2_Grade 4.xlsx,False,False,False,False,False,False,True
37,T,Why could the light green be a third and why could the red  be a third,Fraction as Number 2_Grade 4.xlsx,False,False,False,False,True,False,False
37,T,How is that possible for both of these to be a third,Fraction as Number 2_Grade 4.xlsx,False,False,False,True,False,False,False
38,S,Oh oh I know,Fraction as Number 2_Grade 4.xlsx,False,False,False,False,False,False,False
39,T,Michael,Fraction as Number 2_Grade 4.xlsx,False,True,False,False,False,False,False
40,S,Because there is a different size whole,Fraction as Number 2_Grade 4.xlsx,False,False,False,False,False,False,False
41,T,Because there is a different size whole,Fraction as Number 2_Grade 4.xlsx,False,False,False,False,False,True,False
41,T,There is a different number  name I gave for what I called one okay,Fraction as Number 2_Grade 4.xlsx,False,True,False,False,False,False,False
41,T,So when the blue is one  can you see that the light green becomes a third,Fraction as Number 2_Grade 4.xlsx,False,True,False,False,False,False,False
41,T,But can you see  when the dark green is one then you see that the red becomes a  third,Fraction as Number 2_Grade 4.xlsx,False,True,False,False,False,False,False
41,T,So do we have permanent number names,Fraction as Number 2_Grade 4.xlsx,False,True,False,False,False,False,False
42,S,No,Fraction as Number 2_Grade 4.xlsx,False,False,False,False,False,False,False
43,T,No the number names change thats very important when using  these rods,Fraction as Number 2_Grade 4.xlsx,False,False,False,False,False,False,True
43,T,Do the color names change,Fraction as Number 2_Grade 4.xlsx,False,True,False,False,False,False,False
44,S,No,Fraction as Number 2_Grade 4.xlsx,False,False,False,False,False,False,False
45,T,No the color names dont change,Fraction as Number 2_Grade 4.xlsx,False,False,False,False,False,False,True
45,T,Every one of these rods has a  permanent color name but the number name changes with the  problem,Fraction as Number 2_Grade 4.xlsx,False,False,True,False,False,False,False
45,T,So let s be sure we re familiar with the color names so  that we can call them the same thing um for the rods we have a  color name for this one we re calling this one blue or dark blue  right we agree with that,Fraction as Number 2_Grade 4.xlsx,True,False,False,False,False,False,False
45,T,And we re calling this one light green  why don t you make sure you pull out all of them and see if it is true  that there are ten of them and see if we can come up with the  different color names and then we ll do some problems with  number names,Fraction as Number 2_Grade 4.xlsx,False,False,True,False,False,False,False
46,S,Six  Seven so far seven eight nine,Fraction as Number 2_Grade 4.xlsx,False,False,False,False,False,False,False
47,S,I got nine but where is the ten,Fraction as Number 2_Grade 4.xlsx,False,False,False,False,False,False,False
48,S,Let s get them in lengths,Fraction as Number 2_Grade 4.xlsx,False,False,False,False,False,False,False
49,S,Eight nine ten there we go I got them,Fraction as Number 2_Grade 4.xlsx,False,False,False,False,False,False,False
50,T,How many think there are ten,Fraction as Number 2_Grade 4.xlsx,False,True,False,False,False,False,False
50,T,Okay,Fraction as Number 2_Grade 4.xlsx,False,False,True,False,False,False,False
50,T,Okay as I look around the room I see that you  arranged them all some of you did the same thing some of you did  them differently,Fraction as Number 2_Grade 4.xlsx,False,False,True,False,False,False,False
50,T,Kelly your arrangement you want to say  something about your arrangement,Fraction as Number 2_Grade 4.xlsx,False,True,False,False,False,False,False
50,T,Nice and loud Kelly,Fraction as Number 2_Grade 4.xlsx,False,True,False,False,False,False,False
51,S,I put the tallest then the  second to tallest third,Fraction as Number 2_Grade 4.xlsx,False,False,False,False,False,False,False
52,T,Which is the longest rod,Fraction as Number 2_Grade 4.xlsx,False,False,False,True,False,False,False
53,S,Um the orange,Fraction as Number 2_Grade 4.xlsx,False,False,False,False,False,False,False
54,T,The orange do all agree,Fraction as Number 2_Grade 4.xlsx,True,False,False,False,False,False,False
55,S,Mmmhmm,Fraction as Number 2_Grade 4.xlsx,False,False,False,False,False,False,False
56,T,And then tell me what to do,Fraction as Number 2_Grade 4.xlsx,False,False,False,True,False,False,False
57,S,And then I put down the blue,Fraction as Number 2_Grade 4.xlsx,False,False,False,False,False,False,False
58,T,Blue,Fraction as Number 2_Grade 4.xlsx,False,False,False,False,False,True,False
59,S,Then the brown,Fraction as Number 2_Grade 4.xlsx,False,False,False,False,False,False,False
60,T,Brown,Fraction as Number 2_Grade 4.xlsx,False,False,False,False,False,True,False
61,S,Then the black,Fraction as Number 2_Grade 4.xlsx,False,False,False,False,False,False,False
62,T,I can t find the brown brown,Fraction as Number 2_Grade 4.xlsx,False,False,True,False,False,False,False
63,S,Then black then dark green then yellow then like the pinkishred,Fraction as Number 2_Grade 4.xlsx,False,False,False,False,False,False,False
64,T,We call this purple,Fraction as Number 2_Grade 4.xlsx,False,False,True,False,False,False,False
65,S,Purple,Fraction as Number 2_Grade 4.xlsx,False,False,False,False,False,False,False
66,T,I know it looks sort of pink doesn t it,Fraction as Number 2_Grade 4.xlsx,False,True,False,False,False,False,False
66,T,Okay,Fraction as Number 2_Grade 4.xlsx,False,False,True,False,False,False,False
67,S,Um light green then red and white,Fraction as Number 2_Grade 4.xlsx,False,False,False,False,False,False,False
68,T,And then white,Fraction as Number 2_Grade 4.xlsx,False,False,False,False,False,False,True
68,T,How many of you agree,Fraction as Number 2_Grade 4.xlsx,True,False,False,False,False,False,False
68,T,Ten rods,Fraction as Number 2_Grade 4.xlsx,True,False,False,False,False,False,False
68,T,Ten color  names,Fraction as Number 2_Grade 4.xlsx,True,False,False,False,False,False,False
68,T,You agree,Fraction as Number 2_Grade 4.xlsx,False,False,True,False,False,False,False
1,T,Now you remember when we said if we re calling the dark green  one what number name were we giving to red,Fraction as Number 3_Grade 4.xlsx,False,False,False,True,False,False,False
1,T,Michael,Fraction as Number 3_Grade 4.xlsx,False,True,False,False,False,False,False
2,S,One third,Fraction as Number 3_Grade 4.xlsx,False,False,False,False,False,False,False
3,T,One third,Fraction as Number 3_Grade 4.xlsx,False,False,False,False,False,True,False
3,T,Okay and why Michael one more time,Fraction as Number 3_Grade 4.xlsx,False,False,False,False,True,False,False
4,S,Because it would take three of the red ones to make um one of  the green ones,Fraction as Number 3_Grade 4.xlsx,False,False,False,False,False,False,False
5,T,Okay I heard someone say in the back of the room I was listening  someone asked a question someone said look we have three red  ones making the green one why cant we call the red one one,Fraction as Number 3_Grade 4.xlsx,False,False,False,False,True,False,False
5,T,I  heard someone say that somebody was very confused by that,Fraction as Number 3_Grade 4.xlsx,False,False,True,False,False,False,False
5,T,And  we said that you told me this is a third is that possible or is it not  possible can you try to convince me that it s not possible for the  red one to have the number name one,Fraction as Number 3_Grade 4.xlsx,False,False,False,True,False,False,False
6,S,Oh I can convince you that it s possible,Fraction as Number 3_Grade 4.xlsx,False,False,False,False,False,False,False
7,T,Michael,Fraction as Number 3_Grade 4.xlsx,False,True,False,False,False,False,False
8,S,It s possible because there s white and two whites equal one red,Fraction as Number 3_Grade 4.xlsx,False,False,False,False,False,False,False
9,T,That wasnt the question,Fraction as Number 3_Grade 4.xlsx,False,False,True,False,False,False,False
9,T,I said if you called the dark green one  what number name do we give the red,Fraction as Number 3_Grade 4.xlsx,False,False,True,False,False,False,False
9,T,You told me one third,Fraction as Number 3_Grade 4.xlsx,False,False,True,False,False,False,False
10,S,Yeah,Fraction as Number 3_Grade 4.xlsx,False,False,False,False,False,False,False
11,T,And everybody agreed okay,Fraction as Number 3_Grade 4.xlsx,False,False,True,False,False,False,False
11,T,Now Im asking you if I called the  dark green one and I called red one third could red now be one,Fraction as Number 3_Grade 4.xlsx,False,True,False,False,False,False,False
11,T,I  am calling the dark green one,Fraction as Number 3_Grade 4.xlsx,False,False,True,False,False,False,False
12,S,No,Fraction as Number 3_Grade 4.xlsx,False,False,False,False,False,False,False
12,S,Not now,Fraction as Number 3_Grade 4.xlsx,False,False,False,False,False,False,False
13,T,What is the difference Erik,Fraction as Number 3_Grade 4.xlsx,False,False,False,True,False,False,False
14,S,Not if the dark green is one,Fraction as Number 3_Grade 4.xlsx,False,False,False,False,False,False,False
14,S,Because if youre comparing the red to  dark green it cant be one,Fraction as Number 3_Grade 4.xlsx,False,False,False,False,False,False,False
14,S,But if youre comparing the red to  something else it can be a one it can be a whole,Fraction as Number 3_Grade 4.xlsx,False,False,False,False,False,False,False
14,S,But if you are  comparing it to something bigger though,Fraction as Number 3_Grade 4.xlsx,False,False,False,False,False,False,False
15,T,Michael what do you think,Fraction as Number 3_Grade 4.xlsx,False,False,False,True,False,False,False
16,S,Well red can t be a whole red can t be one because the green is  bigger and it takes three of the reds to make one green,Fraction as Number 3_Grade 4.xlsx,False,False,False,False,False,False,False
17,T,Okay suppose I said I wanted the red to be one what would that  tell you about the dark green,Fraction as Number 3_Grade 4.xlsx,False,False,False,True,False,False,False
17,T,If I wanted to make it so the red  were one what would I have to make the dark green to make the  red one,Fraction as Number 3_Grade 4.xlsx,False,False,False,True,False,False,False
17,T,Gregory is that a hand up or maybe you re thinking,Fraction as Number 3_Grade 4.xlsx,False,True,False,False,False,False,False
17,T,Do  you understand my question,Fraction as Number 3_Grade 4.xlsx,False,True,False,False,False,False,False
17,T,Suppose I wanted to change the  problem and I wanted now red to be one,Fraction as Number 3_Grade 4.xlsx,False,False,True,False,False,False,False
17,T,Okay that s a different  problem a brand new problem,Fraction as Number 3_Grade 4.xlsx,False,False,True,False,False,False,False
17,T,Okay we re starting again what  number name would I have to give to green if I wanted red to be  one,Fraction as Number 3_Grade 4.xlsx,False,False,False,True,False,False,False
17,T,You want to talk about it with your partner for a minute,Fraction as Number 3_Grade 4.xlsx,False,True,False,False,False,False,False
18,S,Three wholes,Fraction as Number 3_Grade 4.xlsx,False,False,False,False,False,False,False
19,S,Can t give it a name because it can t be put into into two,Fraction as Number 3_Grade 4.xlsx,False,False,False,False,False,False,False
19,S,Because  look,Fraction as Number 3_Grade 4.xlsx,False,False,False,False,False,False,False
20,S,But the dark green is bigger then that,Fraction as Number 3_Grade 4.xlsx,False,False,False,False,False,False,False
21,T,Okay suppose I want the red to be one what number name would I  have to give dark green for red to be one,Fraction as Number 3_Grade 4.xlsx,False,False,False,True,False,False,False
22,S,Three wh three wholes,Fraction as Number 3_Grade 4.xlsx,False,False,False,False,False,False,False
22,S,Because if this is a one,Fraction as Number 3_Grade 4.xlsx,False,False,False,False,False,False,False
23,T,Hi Erik,Fraction as Number 3_Grade 4.xlsx,False,False,True,False,False,False,False
23,T,What Erik,Fraction as Number 3_Grade 4.xlsx,False,True,False,False,False,False,False
24,S,It would be three wholes,Fraction as Number 3_Grade 4.xlsx,False,False,False,False,False,False,False
24,S,Because if this is a one,Fraction as Number 3_Grade 4.xlsx,False,False,False,False,False,False,False
25,T,Right,Fraction as Number 3_Grade 4.xlsx,False,True,False,False,False,False,False
26,S,It takes three to figure this out,Fraction as Number 3_Grade 4.xlsx,False,False,False,False,False,False,False
26,S,And if all the reds are one,Fraction as Number 3_Grade 4.xlsx,False,False,False,False,False,False,False
27,T,So dark green would have to be three,Fraction as Number 3_Grade 4.xlsx,False,False,True,False,False,False,False
28,S,And there are three that ll be three wholes,Fraction as Number 3_Grade 4.xlsx,False,False,False,False,False,False,False
29,T,Do you agree Alan,Fraction as Number 3_Grade 4.xlsx,True,False,False,False,False,False,False
30,S,Umm,Fraction as Number 3_Grade 4.xlsx,False,False,False,False,False,False,False
31,T,Does that make sense Alan,Fraction as Number 3_Grade 4.xlsx,False,True,False,False,False,False,False
32,S,Umm yes I guess so,Fraction as Number 3_Grade 4.xlsx,False,False,False,False,False,False,False
33,T,Okay,Fraction as Number 3_Grade 4.xlsx,False,False,True,False,False,False,False
34,S,Three wholes,Fraction as Number 3_Grade 4.xlsx,False,False,False,False,False,False,False
35,T,Okay are you ready to argue that Erik,Fraction as Number 3_Grade 4.xlsx,False,True,False,False,False,False,False
36,S,Yeah,Fraction as Number 3_Grade 4.xlsx,False,False,False,False,False,False,False
37,T,Okay Im hearing two answers,Fraction as Number 3_Grade 4.xlsx,False,False,True,False,False,False,False
37,T,I ve heard two  answers as I walk around the room,Fraction as Number 3_Grade 4.xlsx,False,False,True,False,False,False,False
37,T,Okay let me let s let s hear I  have heard two different answers I d like to hear both answers,Fraction as Number 3_Grade 4.xlsx,False,False,True,False,False,False,False
37,T,Ah let s see who wants to give me an answer,Fraction as Number 3_Grade 4.xlsx,False,False,False,True,False,False,False
37,T,I heard I heard a couple of different answers,Fraction as Number 3_Grade 4.xlsx,False,False,True,False,False,False,False
37,T,Only  this table wants to give me an answer,Fraction as Number 3_Grade 4.xlsx,False,False,False,True,False,False,False
37,T,I ve heard a different one,Fraction as Number 3_Grade 4.xlsx,False,False,True,False,False,False,False
37,T,Okay Alan,Fraction as Number 3_Grade 4.xlsx,False,True,False,False,False,False,False
38,S,Three wholes,Fraction as Number 3_Grade 4.xlsx,False,False,False,False,False,False,False
39,T,Nice and loud Alan,Fraction as Number 3_Grade 4.xlsx,False,True,False,False,False,False,False
40,S,Three wholes,Fraction as Number 3_Grade 4.xlsx,False,False,False,False,False,False,False
41,T,Do you want to tell me why you think so,Fraction as Number 3_Grade 4.xlsx,False,False,False,False,True,False,False
41,T,Are you all hearing what  Alan says,Fraction as Number 3_Grade 4.xlsx,False,True,False,False,False,False,False
42,S,I know,Fraction as Number 3_Grade 4.xlsx,False,False,False,False,False,False,False
42,S,I know why,Fraction as Number 3_Grade 4.xlsx,False,False,False,False,False,False,False
43,S,Okay because the the,Fraction as Number 3_Grade 4.xlsx,False,False,False,False,False,False,False
44,T,Ah you need to talk much louder,Fraction as Number 3_Grade 4.xlsx,False,True,False,False,False,False,False
45,S,Okay if the red one is considered one  then the green one is a lot bigger,Fraction as Number 3_Grade 4.xlsx,False,False,False,False,False,False,False
45,S,So it would have to  be it would take three whole ones to make another green so it  should be considered three wholes,Fraction as Number 3_Grade 4.xlsx,False,False,False,False,False,False,False
46,S,Well I think well if you if you say that this would be one,Fraction as Number 3_Grade 4.xlsx,False,False,False,False,False,False,False
46,S,This is one and it takes three  of the one the one wholes to equal up one of these,Fraction as Number 3_Grade 4.xlsx,False,False,False,False,False,False,False
46,S,And it that s one whole umm one  whole plus one whole plus one whole would equal three wholes,Fraction as Number 3_Grade 4.xlsx,False,False,False,False,False,False,False
46,S,So  the green would have to be three wholes,Fraction as Number 3_Grade 4.xlsx,False,False,False,False,False,False,False
47,T,Does that make any sense,Fraction as Number 3_Grade 4.xlsx,False,True,False,False,False,False,False
47,T,Do you understand what Erik is saying,Fraction as Number 3_Grade 4.xlsx,False,True,False,False,False,False,False
47,T,What do you think David,Fraction as Number 3_Grade 4.xlsx,True,False,False,False,False,False,False
48,S,Well I thought the same thing because the dark green wait,Fraction as Number 3_Grade 4.xlsx,False,False,False,False,False,False,False
48,S,If red  is one that would be one whole,Fraction as Number 3_Grade 4.xlsx,False,False,False,False,False,False,False
48,S,Then the green would have to be  ah two more wholes so that would be three wholes,Fraction as Number 3_Grade 4.xlsx,False,False,False,False,False,False,False
49,T,Does anybody think anything else,Fraction as Number 3_Grade 4.xlsx,True,False,False,False,False,False,False
49,T,What Im hearing David say and  Alan and Erik is that if red is one green is three,Fraction as Number 3_Grade 4.xlsx,False,False,True,False,False,False,False
49,T,How many of you  agree with that if red is one green is three,Fraction as Number 3_Grade 4.xlsx,True,False,False,False,False,False,False
49,T,How many of you  aren t sure,Fraction as Number 3_Grade 4.xlsx,True,False,False,False,False,False,False
49,T,How many of you aren t sure,Fraction as Number 3_Grade 4.xlsx,True,False,False,False,False,False,False
49,T,How many of you  disagree,Fraction as Number 3_Grade 4.xlsx,True,False,False,False,False,False,False
49,T,Well well see if you understand,Fraction as Number 3_Grade 4.xlsx,False,False,True,False,False,False,False
49,T,Ill give you another  one okay,Fraction as Number 3_Grade 4.xlsx,False,True,False,False,False,False,False
1,T,How about this one,Fraction as Number 4_Grade 4.xlsx,False,False,True,False,False,False,False
1,T,Lets look at brown and lets look at red,Fraction as Number 4_Grade 4.xlsx,False,False,True,False,False,False,False
1,T,If I  call brown one what number name would I give to red,Fraction as Number 4_Grade 4.xlsx,False,False,False,True,False,False,False
1,T,If I call brown one what number name  would I give to red,Fraction as Number 4_Grade 4.xlsx,False,False,False,True,False,False,False
1,T,If I call brown red what number name would I brown one  what number name would I give to red,Fraction as Number 4_Grade 4.xlsx,False,False,False,True,False,False,False
1,T,Danielle,Fraction as Number 4_Grade 4.xlsx,False,True,False,False,False,False,False
1,T,I can t Joanna  could you Danielle,Fraction as Number 4_Grade 4.xlsx,False,True,False,False,False,False,False
2,S,Fourths,Fraction as Number 4_Grade 4.xlsx,False,False,False,False,False,False,False
3,T,Nice and loud,Fraction as Number 4_Grade 4.xlsx,False,True,False,False,False,False,False
4,S,Fourths,Fraction as Number 4_Grade 4.xlsx,False,False,False,False,False,False,False
5,T,One fourth,Fraction as Number 4_Grade 4.xlsx,False,False,False,False,False,False,True
5,T,How many of you think one fourth,Fraction as Number 4_Grade 4.xlsx,True,False,False,False,False,False,False
5,T,And what would  you do to convince me,Fraction as Number 4_Grade 4.xlsx,False,False,False,True,False,False,False
6,S,Well I put the four blocks up to the brown,Fraction as Number 4_Grade 4.xlsx,False,False,False,False,False,False,False
7,T,Okay,Fraction as Number 4_Grade 4.xlsx,False,False,True,False,False,False,False
7,T,So you would put four like this and you would give the red  the number name one fourth,Fraction as Number 4_Grade 4.xlsx,False,False,True,False,False,False,False
7,T,Is there anybody who disagrees with  that,Fraction as Number 4_Grade 4.xlsx,True,False,False,False,False,False,False
7,T,Let me change the problem,Fraction as Number 4_Grade 4.xlsx,False,False,True,False,False,False,False
7,T,Now I want to call the red rod  one what number name would I give to the brown rod,Fraction as Number 4_Grade 4.xlsx,False,False,False,True,False,False,False
7,T,Now I m  gonna call the red rod one what number name would I give to the  brown rod,Fraction as Number 4_Grade 4.xlsx,False,False,False,True,False,False,False
7,T,Jacquelyn,Fraction as Number 4_Grade 4.xlsx,False,True,False,False,False,False,False
8,S,Four,Fraction as Number 4_Grade 4.xlsx,False,False,False,False,False,False,False
9,T,Why four,Fraction as Number 4_Grade 4.xlsx,False,False,False,False,True,False,False
9,T,Youd call it four,Fraction as Number 4_Grade 4.xlsx,False,False,False,False,False,False,True
9,T,Why would you call it four,Fraction as Number 4_Grade 4.xlsx,False,False,False,False,True,False,False
10,S,Cause this is one  and if you line them all up  like that and you add them all up it would be four wholes,Fraction as Number 4_Grade 4.xlsx,False,False,False,False,False,False,False
11,T,Okay how many of you agree with that,Fraction as Number 4_Grade 4.xlsx,True,False,False,False,False,False,False
11,T,Now Im wondering some  of you looked at me sort of ahha I see what shes doing right,Fraction as Number 4_Grade 4.xlsx,False,True,False,False,False,False,False
11,T,Are we changing the number names for the rods,Fraction as Number 4_Grade 4.xlsx,False,True,False,False,False,False,False
11,T,Yeah were  changing the number names for the rods,Fraction as Number 4_Grade 4.xlsx,False,False,True,False,False,False,False
11,T,So we have to always say  to ourselves whats one,Fraction as Number 4_Grade 4.xlsx,False,False,True,False,False,False,False
11,T,Right,Fraction as Number 4_Grade 4.xlsx,False,False,True,False,False,False,False
11,T,I need to know what one is before  I can tell you the number names for the others isnt that true,Fraction as Number 4_Grade 4.xlsx,False,True,False,False,False,False,False
11,T,Now  I m going to have you make up a problem for me,Fraction as Number 4_Grade 4.xlsx,False,False,True,False,False,False,False
11,T,I want to call the  white rod one half,Fraction as Number 4_Grade 4.xlsx,False,False,True,False,False,False,False
11,T,What would I have to call one if I make the  white rod one half,Fraction as Number 4_Grade 4.xlsx,False,False,False,True,False,False,False
11,T,What would I have to call one in order to name  the white rod one half,Fraction as Number 4_Grade 4.xlsx,False,False,False,True,False,False,False
11,T,Talk to your partner to be sure you agree  and if you and your partner agree in this case we have two  partners with Jacquelyn Kelly and Michael when you all agree  raise your hand at your table,Fraction as Number 4_Grade 4.xlsx,True,False,False,False,False,False,False
11,T,What would I have to call one if I  want to call the white rod one half,Fraction as Number 4_Grade 4.xlsx,False,False,False,True,False,False,False
11,T,Okay Laura,Fraction as Number 4_Grade 4.xlsx,False,True,False,False,False,False,False
12,S,The red,Fraction as Number 4_Grade 4.xlsx,False,False,False,False,False,False,False
13,T,Laura says Im going to call the red rod one,Fraction as Number 4_Grade 4.xlsx,False,False,False,False,False,False,True
13,T,How many of you  agree,Fraction as Number 4_Grade 4.xlsx,True,False,False,False,False,False,False
13,T,And what would you do to convince me,Fraction as Number 4_Grade 4.xlsx,False,False,False,True,False,False,False
13,T,What would you  do Graham to convince me,Fraction as Number 4_Grade 4.xlsx,False,False,False,True,False,False,False
13,S,You would take a white rod and stick it right on the end of a red  one,Fraction as Number 4_Grade 4.xlsx,False,False,False,False,False,False,False
14,T,I think you have the idea,Fraction as Number 4_Grade 4.xlsx,False,False,True,False,False,False,False
1,T,Okay,Fraction as Number 5_Grade 4.xlsx,False,False,True,False,False,False,False
1,T,Make up a problem for me,Fraction as Number 5_Grade 4.xlsx,False,False,False,True,False,False,False
1,T,At your table with your partner  make up a problem for me and the rest of the class,Fraction as Number 5_Grade 4.xlsx,False,False,False,True,False,False,False
1,T,I only want one  problem to make up we are gonna go around and hear your  problems,Fraction as Number 5_Grade 4.xlsx,False,False,True,False,False,False,False
1,T,See if you can trick somebody else,Fraction as Number 5_Grade 4.xlsx,False,False,True,False,False,False,False
1,T,Make up a problem,Fraction as Number 5_Grade 4.xlsx,False,False,False,True,False,False,False
2,S,Two yellows,Fraction as Number 5_Grade 4.xlsx,False,False,False,False,False,False,False
3,T,Just one problem you and your partner make together,Fraction as Number 5_Grade 4.xlsx,False,False,True,False,False,False,False
4,S,No let s make it harder,Fraction as Number 5_Grade 4.xlsx,False,False,False,False,False,False,False
5,T,See if you can trick me or trick Amy,Fraction as Number 5_Grade 4.xlsx,False,False,True,False,False,False,False
6,S,Yeah look at this,Fraction as Number 5_Grade 4.xlsx,False,False,False,False,False,False,False
7,T,Or your teacher see if you can trick us,Fraction as Number 5_Grade 4.xlsx,False,False,True,False,False,False,False
7,T,And if if if you and your  partner may have made up or your partners have made a problem  when you think you have one be careful how you re gonna ask it  practice how you re gonna ask the problem and then raise your  hand,Fraction as Number 5_Grade 4.xlsx,False,False,True,False,False,False,False
8,S,Hm hm hm hm,Fraction as Number 5_Grade 4.xlsx,False,False,False,False,False,False,False
9,S,No that s one fifth,Fraction as Number 5_Grade 4.xlsx,False,False,False,False,False,False,False
10,S,I know,Fraction as Number 5_Grade 4.xlsx,False,False,False,False,False,False,False
11,S,Oh yeah,Fraction as Number 5_Grade 4.xlsx,False,False,False,False,False,False,False
11,S,We re out of reds,Fraction as Number 5_Grade 4.xlsx,False,False,False,False,False,False,False
11,S,We re out of reds,Fraction as Number 5_Grade 4.xlsx,False,False,False,False,False,False,False
11,S,Oh well,Fraction as Number 5_Grade 4.xlsx,False,False,False,False,False,False,False
12,T,Try to get a hard one and try to stump us,Fraction as Number 5_Grade 4.xlsx,False,False,True,False,False,False,False
13,S,Yes I got it,Fraction as Number 5_Grade 4.xlsx,False,False,False,False,False,False,False
14,S,No those won t make it,Fraction as Number 5_Grade 4.xlsx,False,False,False,False,False,False,False
15,S,What makes thirds,Fraction as Number 5_Grade 4.xlsx,False,False,False,False,False,False,False
16,S,Thirds thirds out of a thirds out of this,Fraction as Number 5_Grade 4.xlsx,False,False,False,False,False,False,False
16,S,Probably the greens,Fraction as Number 5_Grade 4.xlsx,False,False,False,False,False,False,False
17,S,Light green,Fraction as Number 5_Grade 4.xlsx,False,False,False,False,False,False,False
18,S,Light green would make thirds out of the orange,Fraction as Number 5_Grade 4.xlsx,False,False,False,False,False,False,False
19,S,Yeah,Fraction as Number 5_Grade 4.xlsx,False,False,False,False,False,False,False
20,S,No it wouldn t,Fraction as Number 5_Grade 4.xlsx,False,False,False,False,False,False,False
21,S,Yeah it would,Fraction as Number 5_Grade 4.xlsx,False,False,False,False,False,False,False
22,S,No it doesn t,Fraction as Number 5_Grade 4.xlsx,False,False,False,False,False,False,False
22,S,Try it,Fraction as Number 5_Grade 4.xlsx,False,False,False,False,False,False,False
23,S,Then what does,Fraction as Number 5_Grade 4.xlsx,False,False,False,False,False,False,False
24,S,I know what makes thirds,Fraction as Number 5_Grade 4.xlsx,False,False,False,False,False,False,False
25,S,What,Fraction as Number 5_Grade 4.xlsx,False,False,False,False,False,False,False
26,S,There s got to be one,Fraction as Number 5_Grade 4.xlsx,False,False,False,False,False,False,False
27,T,Oh this is an interesting one,Fraction as Number 5_Grade 4.xlsx,False,False,True,False,False,False,False
28,S,Which one makes thirds,Fraction as Number 5_Grade 4.xlsx,False,False,False,False,False,False,False
28,S,What makes,Fraction as Number 5_Grade 4.xlsx,False,False,False,False,False,False,False
29,T,This would be an interesting problem what would you ask  me here Alan,Fraction as Number 5_Grade 4.xlsx,False,False,False,True,False,False,False
30,S,If if the red rod was considered one fifth what,Fraction as Number 5_Grade 4.xlsx,False,False,False,False,False,False,False
31,T,Or if the orange rod is considered if the red rod is one fifth what  would the orange rod be,Fraction as Number 5_Grade 4.xlsx,False,False,False,False,False,False,True
32,S,Mmmhmm,Fraction as Number 5_Grade 4.xlsx,False,False,False,False,False,False,False
33,T,Good problem that is a good one to ask,Fraction as Number 5_Grade 4.xlsx,False,False,True,False,False,False,False
33,T,Okay good problem,Fraction as Number 5_Grade 4.xlsx,False,False,True,False,False,False,False
34,S,No but what makes it,Fraction as Number 5_Grade 4.xlsx,False,False,False,False,False,False,False
35,S,Nothing can divide twelve into thirds except,Fraction as Number 5_Grade 4.xlsx,False,False,False,False,False,False,False
36,S,Red,Fraction as Number 5_Grade 4.xlsx,False,False,False,False,False,False,False
37,S,No,Fraction as Number 5_Grade 4.xlsx,False,False,False,False,False,False,False
37,S,Two  four six eight ten,Fraction as Number 5_Grade 4.xlsx,False,False,False,False,False,False,False
37,S,Ten divided into thirds,Fraction as Number 5_Grade 4.xlsx,False,False,False,False,False,False,False
37,S,No ten can t be divided  into thirds,Fraction as Number 5_Grade 4.xlsx,False,False,False,False,False,False,False
38,S,But nine can,Fraction as Number 5_Grade 4.xlsx,False,False,False,False,False,False,False
39,S,Nine can but there is no nine rod,Fraction as Number 5_Grade 4.xlsx,False,False,False,False,False,False,False
39,S,Oh yeah there is,Fraction as Number 5_Grade 4.xlsx,False,False,False,False,False,False,False
40,S,Eleven this is twelve though,Fraction as Number 5_Grade 4.xlsx,False,False,False,False,False,False,False
41,S,No it isn t look,Fraction as Number 5_Grade 4.xlsx,False,False,False,False,False,False,False
,S,Two four six eight ten,Fraction as Number 5_Grade 4.xlsx,False,False,False,False,False,False,False
41,S,The orange rod is ten,Fraction as Number 5_Grade 4.xlsx,False,False,False,False,False,False,False
42,S,Okay ten,Fraction as Number 5_Grade 4.xlsx,False,False,False,False,False,False,False
42,S,So that s ten this must be nine,Fraction as Number 5_Grade 4.xlsx,False,False,False,False,False,False,False
42,S,And this divided into thirds must be,Fraction as Number 5_Grade 4.xlsx,False,False,False,False,False,False,False
43,S,It takes green,Fraction as Number 5_Grade 4.xlsx,False,False,False,False,False,False,False
44,S,Light green,Fraction as Number 5_Grade 4.xlsx,False,False,False,False,False,False,False
45,S,It takes green to divided the orange into thirds,Fraction as Number 5_Grade 4.xlsx,False,False,False,False,False,False,False
46,S,Blue,Fraction as Number 5_Grade 4.xlsx,False,False,False,False,False,False,False
47,S,No we are doing this one,Fraction as Number 5_Grade 4.xlsx,False,False,False,False,False,False,False
47,S,I m doing this one the one I made up,Fraction as Number 5_Grade 4.xlsx,False,False,False,False,False,False,False
48,S,I m doing this one,Fraction as Number 5_Grade 4.xlsx,False,False,False,False,False,False,False
48,S,Yeah,Fraction as Number 5_Grade 4.xlsx,False,False,False,False,False,False,False
49,T,Okay,Fraction as Number 5_Grade 4.xlsx,False,False,True,False,False,False,False
49,T,Im ready to hear some questions because you can maybe  keep thinking of more,Fraction as Number 5_Grade 4.xlsx,False,False,True,False,False,False,False
50,S,I got one,Fraction as Number 5_Grade 4.xlsx,False,False,False,False,False,False,False
51,T,Are you all ready to listen to the questions,Fraction as Number 5_Grade 4.xlsx,False,False,True,False,False,False,False
52,S,Oh mine is hard,Fraction as Number 5_Grade 4.xlsx,False,False,False,False,False,False,False
53,T,And hopefully well get around,Fraction as Number 5_Grade 4.xlsx,False,False,True,False,False,False,False
54,S,No one will get mine,Fraction as Number 5_Grade 4.xlsx,False,False,False,False,False,False,False
55,T,And if we dont finish you can finish tomorrow try to remember  what youve done,Fraction as Number 5_Grade 4.xlsx,False,False,True,False,False,False,False
55,T,Okay are you all ready to listen,Fraction as Number 5_Grade 4.xlsx,False,False,True,False,False,False,False
55,T,Okay Alan has  one for us Id like to hear Alans,Fraction as Number 5_Grade 4.xlsx,False,False,True,False,False,False,False
55,T,Alan you want to come up here  and ask us and build it again,Fraction as Number 5_Grade 4.xlsx,False,False,False,True,False,False,False
56,S,If one red rod was considered one fifth what would a whole be  considered,Fraction as Number 5_Grade 4.xlsx,False,False,False,False,False,False,False
57,T,Okay do you understand the question,Fraction as Number 5_Grade 4.xlsx,False,True,False,False,False,False,False
57,T,One more time ask the  question,Fraction as Number 5_Grade 4.xlsx,False,True,False,False,False,False,False
57,T,That s really a hard question,Fraction as Number 5_Grade 4.xlsx,False,False,True,False,False,False,False
58,S,If the red rod would be one fifth what would one what would one  be,Fraction as Number 5_Grade 4.xlsx,False,False,False,False,False,False,False
59,S,Me,Fraction as Number 5_Grade 4.xlsx,False,False,False,False,False,False,False
60,T,If the red rod was one fifth what would we call one,Fraction as Number 5_Grade 4.xlsx,False,False,False,True,False,False,False
61,S,The orange rod,Fraction as Number 5_Grade 4.xlsx,False,False,False,False,False,False,False
62,S,Mmmhmm,Fraction as Number 5_Grade 4.xlsx,False,False,False,False,False,False,False
63,T,Nice and loud Erik,Fraction as Number 5_Grade 4.xlsx,False,True,False,False,False,False,False
64,S,No he called on Graham,Fraction as Number 5_Grade 4.xlsx,False,False,False,False,False,False,False
65,S,The orange rod,Fraction as Number 5_Grade 4.xlsx,False,False,False,False,False,False,False
66,T,Oh Graham,Fraction as Number 5_Grade 4.xlsx,False,False,True,False,False,False,False
67,S,The orange rod,Fraction as Number 5_Grade 4.xlsx,False,False,False,False,False,False,False
68,T,Can you prove it,Fraction as Number 5_Grade 4.xlsx,False,False,False,True,False,False,False
69,S,Five red ones make up an orange rod,Fraction as Number 5_Grade 4.xlsx,False,False,False,False,False,False,False
70,T,Okay what do you think,Fraction as Number 5_Grade 4.xlsx,False,False,False,True,False,False,False
70,T,How many of you agree with that,Fraction as Number 5_Grade 4.xlsx,True,False,False,False,False,False,False
70,T,That  was a hard one,Fraction as Number 5_Grade 4.xlsx,False,False,True,False,False,False,False
70,T,If I call the red one one fifth what would I call the  orange,Fraction as Number 5_Grade 4.xlsx,False,False,False,True,False,False,False
70,T,Okay Graham you didnt let him stump you,Fraction as Number 5_Grade 4.xlsx,False,False,True,False,False,False,False
70,T,Okay Beth  has one for us,Fraction as Number 5_Grade 4.xlsx,False,False,True,False,False,False,False
70,T,You want to come up here Beth,Fraction as Number 5_Grade 4.xlsx,False,True,False,False,False,False,False
70,T,And Mark has one  right after that so why dont you come up too Mark and you can  both ask together and help each other find them,Fraction as Number 5_Grade 4.xlsx,False,False,True,False,False,False,False
71,S,If the if the green was a whole what would a blue be,Fraction as Number 5_Grade 4.xlsx,False,False,False,False,False,False,False
72,T,Did you all hear the question,Fraction as Number 5_Grade 4.xlsx,False,True,False,False,False,False,False
72,T,Okay Beth says that if she calls the  green rod one what would what number name the light green rod  one,Fraction as Number 5_Grade 4.xlsx,False,False,False,True,False,False,False
72,T,Is that alright thank you,Fraction as Number 5_Grade 4.xlsx,False,False,True,False,False,False,False
72,T,Mark says that if we call the light  green rod one what number name will we give to blue,Fraction as Number 5_Grade 4.xlsx,False,False,False,True,False,False,False
72,T,That was  the question,Fraction as Number 5_Grade 4.xlsx,False,False,True,False,False,False,False
73,S,Erik,Fraction as Number 5_Grade 4.xlsx,False,False,False,False,False,False,False
74,S,Three wholes,Fraction as Number 5_Grade 4.xlsx,False,False,False,False,False,False,False
75,T,Nice and loud Erik,Fraction as Number 5_Grade 4.xlsx,False,True,False,False,False,False,False
76,S,Three wholes,Fraction as Number 5_Grade 4.xlsx,False,False,False,False,False,False,False
77,T,Just three,Fraction as Number 5_Grade 4.xlsx,False,False,False,False,False,False,True
77,T,Give it the number name three,Fraction as Number 5_Grade 4.xlsx,False,False,True,False,False,False,False
77,T,Okay,Fraction as Number 5_Grade 4.xlsx,False,False,True,False,False,False,False
77,T,Umm can you  prove it,Fraction as Number 5_Grade 4.xlsx,False,False,False,True,False,False,False
77,T,I think we don t have enough light green,Fraction as Number 5_Grade 4.xlsx,False,False,True,False,False,False,False
78,S,Oh I have some light greens,Fraction as Number 5_Grade 4.xlsx,False,False,False,False,False,False,False
79,T,Umm you right we have to imagine it,Fraction as Number 5_Grade 4.xlsx,False,False,True,False,False,False,False
79,T,Can you imagine it,Fraction as Number 5_Grade 4.xlsx,False,True,False,False,False,False,False
80,S,Transparent,Fraction as Number 5_Grade 4.xlsx,False,False,False,False,False,False,False
81,T,And try it on your seat,Fraction as Number 5_Grade 4.xlsx,False,True,False,False,False,False,False
81,T,Yeah,Fraction as Number 5_Grade 4.xlsx,False,False,True,False,False,False,False
82,S,Transparent ones,Fraction as Number 5_Grade 4.xlsx,False,False,False,False,False,False,False
83,T,We don t have any for the overhead in light green,Fraction as Number 5_Grade 4.xlsx,False,False,True,False,False,False,False
83,T,Could you build  it on your desk and believe it,Fraction as Number 5_Grade 4.xlsx,False,True,False,False,False,False,False
83,T,Do you all believe it,Fraction as Number 5_Grade 4.xlsx,False,True,False,False,False,False,False
83,T,Laura,Fraction as Number 5_Grade 4.xlsx,False,True,False,False,False,False,False
84,S,I built it on my desk,Fraction as Number 5_Grade 4.xlsx,False,False,False,False,False,False,False
85,T,You built it on your desk,Fraction as Number 5_Grade 4.xlsx,False,True,False,False,False,False,False
85,T,Ah because Mark has another one to ask  you go ahead Mark,Fraction as Number 5_Grade 4.xlsx,False,True,False,False,False,False,False
86,S,If if the blue was one whole what would the green be considered,Fraction as Number 5_Grade 4.xlsx,False,False,False,False,False,False,False
87,T,Light green right,Fraction as Number 5_Grade 4.xlsx,False,True,False,False,False,False,False
88,S,Yes,Fraction as Number 5_Grade 4.xlsx,False,False,False,False,False,False,False
89,S,One third,Fraction as Number 5_Grade 4.xlsx,False,False,False,False,False,False,False
90,T,Why,Fraction as Number 5_Grade 4.xlsx,False,False,False,False,True,False,False
91,S,Because umm these if the if you an put them up to the side  there ll be three and you put a one and it ll be one third,Fraction as Number 5_Grade 4.xlsx,False,False,False,False,False,False,False
92,T,Okay very nice thank you Mark,Fraction as Number 5_Grade 4.xlsx,False,False,True,False,False,False,False
92,T,Who has another one,Fraction as Number 5_Grade 4.xlsx,False,True,False,False,False,False,False
92,T,A hard  one,Fraction as Number 5_Grade 4.xlsx,False,True,False,False,False,False,False
93,S,Oh I have a hard one,Fraction as Number 5_Grade 4.xlsx,False,False,False,False,False,False,False
94,T,A really really hard one,Fraction as Number 5_Grade 4.xlsx,False,False,True,False,False,False,False
94,T,I think I think Jacquelyn and Kelly have a  hard one,Fraction as Number 5_Grade 4.xlsx,False,False,True,False,False,False,False
94,T,Do you have different ones or the same one,Fraction as Number 5_Grade 4.xlsx,False,True,False,False,False,False,False
94,T,Okay why  don t you both come up,Fraction as Number 5_Grade 4.xlsx,False,True,False,False,False,False,False
94,T,Try to stump us now,Fraction as Number 5_Grade 4.xlsx,False,False,True,False,False,False,False
94,T,Uh oh a hard one,Fraction as Number 5_Grade 4.xlsx,False,False,True,False,False,False,False
95,S,If the white one was one whole what would um the orange be,Fraction as Number 5_Grade 4.xlsx,False,False,False,False,False,False,False
96,T,If we call the white rod one what number name would we give to  the orange,Fraction as Number 5_Grade 4.xlsx,False,False,False,True,False,False,False
97,S,Erik,Fraction as Number 5_Grade 4.xlsx,False,False,False,False,False,False,False
98,S,Ten wholes or ten,Fraction as Number 5_Grade 4.xlsx,False,False,False,False,False,False,False
99,T,And and how would you how would you convince me,Fraction as Number 5_Grade 4.xlsx,False,False,False,True,False,False,False
100,S,Well if you took the orange block you d and you took white ones  you d need just only ten well,Fraction as Number 5_Grade 4.xlsx,False,False,False,False,False,False,False
101,T,I have one for you,Fraction as Number 5_Grade 4.xlsx,False,False,True,False,False,False,False
101,T,If I call the orange rod one what number name  would I give to the white rod,Fraction as Number 5_Grade 4.xlsx,False,False,False,True,False,False,False
101,T,Oh Michael has his hand up,Fraction as Number 5_Grade 4.xlsx,False,False,True,False,False,False,False
101,T,Whisper it to me Michael,Fraction as Number 5_Grade 4.xlsx,False,True,False,False,False,False,False
101,T,You people have the  number names for it,Fraction as Number 5_Grade 4.xlsx,False,False,True,False,False,False,False
101,T,You understand the question if I m calling  the orange rod one what number name would I give to the white  rod,Fraction as Number 5_Grade 4.xlsx,False,False,False,True,False,False,False
102,S,Oh I know it I know it,Fraction as Number 5_Grade 4.xlsx,False,False,False,False,False,False,False
102,S,I know it I know it,Fraction as Number 5_Grade 4.xlsx,False,False,False,False,False,False,False
103,T,If you know it raise your hand,Fraction as Number 5_Grade 4.xlsx,False,True,False,False,False,False,False
103,T,Okay Jacquelyn you tell us,Fraction as Number 5_Grade 4.xlsx,False,True,False,False,False,False,False
104,S,One tenth,Fraction as Number 5_Grade 4.xlsx,False,False,False,False,False,False,False
105,T,How many think one tenth,Fraction as Number 5_Grade 4.xlsx,False,True,False,False,False,False,False
105,T,Why one tenth,Fraction as Number 5_Grade 4.xlsx,False,False,False,False,True,False,False
105,T,Jacquelyn,Fraction as Number 5_Grade 4.xlsx,False,True,False,False,False,False,False
106,S,Because if you line them up on the side and add them all up it will  be ten,Fraction as Number 5_Grade 4.xlsx,False,False,False,False,False,False,False
107,T,So if you add up one tenth up how many times would you be  adding one tenth,Fraction as Number 5_Grade 4.xlsx,False,False,False,True,False,False,False
108,S,Ten times,Fraction as Number 5_Grade 4.xlsx,False,False,False,False,False,False,False
109,T,Ten times,Fraction as Number 5_Grade 4.xlsx,False,True,False,False,False,False,False
109,T,Is that true Sarah is that what you were gonna say,Fraction as Number 5_Grade 4.xlsx,False,True,False,False,False,False,False
109,T,Okay wow what a what a smart class,Fraction as Number 5_Grade 4.xlsx,False,False,True,False,False,False,False
110,S,I have a hard one,Fraction as Number 5_Grade 4.xlsx,False,False,False,False,False,False,False
111,T,You have a real hard one Erik,Fraction as Number 5_Grade 4.xlsx,False,True,False,False,False,False,False
111,T,Lets hear from Meredith and then  well hear from you because Meredith gave me one before I said  no thatll take us probably a week,Fraction as Number 5_Grade 4.xlsx,False,True,False,False,False,False,False
111,T,We only have a few minutes,Fraction as Number 5_Grade 4.xlsx,False,False,True,False,False,False,False
112,S,If you if I called purple is this purple,Fraction as Number 5_Grade 4.xlsx,False,False,False,False,False,False,False
112,S,If I called purple a half if I  called the purple a half what would a whole be,Fraction as Number 5_Grade 4.xlsx,False,False,False,False,False,False,False
113,T,Okay if purple were one half what would one be,Fraction as Number 5_Grade 4.xlsx,False,False,False,True,False,False,False
114,S,Umm a brown,Fraction as Number 5_Grade 4.xlsx,False,False,False,False,False,False,False
115,T,What would you do to convince us,Fraction as Number 5_Grade 4.xlsx,False,False,False,True,False,False,False
115,T,Youre really getting to know  these,Fraction as Number 5_Grade 4.xlsx,False,False,True,False,False,False,False
116,S,I would take I took I tried it and I took a purple and tried to match  up all the rods up to the purple and then I took another one cause  the brown  the look the brown looked half the purple looked half  the other brown so I took another purple and it was a whole,Fraction as Number 5_Grade 4.xlsx,False,False,False,False,False,False,False
117,T,Okay that s really great,Fraction as Number 5_Grade 4.xlsx,False,False,True,False,False,False,False
117,T,Okay you are really wonderful,Fraction as Number 5_Grade 4.xlsx,False,False,True,False,False,False,False
1,T,Okay that s really great,Fraction as Number 6_Grade 4.xlsx,False,False,True,False,False,False,False
1,T,Okay you are really wonderful,Fraction as Number 6_Grade 4.xlsx,False,False,True,False,False,False,False
1,T,We have about five more minutes where we can do some  problem solving and then put these things away,Fraction as Number 6_Grade 4.xlsx,False,False,True,False,False,False,False
1,T,This is what  I would like you to do,Fraction as Number 6_Grade 4.xlsx,False,False,True,False,False,False,False
1,T,I would like you to take a turn to  make a problem that will challenge your partner,Fraction as Number 6_Grade 4.xlsx,False,False,True,False,False,False,False
2,S,I made a problem,Fraction as Number 6_Grade 4.xlsx,False,False,False,False,False,False,False
3,T,And ask your partner that problem,Fraction as Number 6_Grade 4.xlsx,False,True,False,False,False,False,False
4,S,You don t know mine,Fraction as Number 6_Grade 4.xlsx,False,False,False,False,False,False,False
5,T,And make your partner convince you and then you switch  roles then your partner has to make up a problem and ask  you right,Fraction as Number 6_Grade 4.xlsx,False,True,False,False,False,False,False
5,T,And you have to convince your partner,Fraction as Number 6_Grade 4.xlsx,False,False,True,False,False,False,False
5,T,So we  are gonna come and listen to you,Fraction as Number 6_Grade 4.xlsx,False,False,True,False,False,False,False
6,S,You just don t know the problem I just made up,Fraction as Number 6_Grade 4.xlsx,False,False,False,False,False,False,False
6,S,You don t  know the problem I made up,Fraction as Number 6_Grade 4.xlsx,False,False,False,False,False,False,False
7,T,You you can actually just do it with the rods but  you have to make up a problem for your partner and with the  rods and your partner will make one up for you and then  after you ve done that successfully I d like you to try this is  called  try to stump your partner,Fraction as Number 6_Grade 4.xlsx,False,False,True,False,False,False,False
8,S,I know what mine is,Fraction as Number 6_Grade 4.xlsx,False,False,False,False,False,False,False
9,T,This looks interesting,Fraction as Number 6_Grade 4.xlsx,False,False,True,False,False,False,False
9,T,Are you experimenting,Fraction as Number 6_Grade 4.xlsx,False,True,False,False,False,False,False
10,S,Yeah,Fraction as Number 6_Grade 4.xlsx,False,False,False,False,False,False,False
11,T,Okay let us know when you ve got a problem,Fraction as Number 6_Grade 4.xlsx,False,False,True,False,False,False,False
12,S,I have a problem already,Fraction as Number 6_Grade 4.xlsx,False,False,False,False,False,False,False
12,S,I have a problem,Fraction as Number 6_Grade 4.xlsx,False,False,False,False,False,False,False
12,S,I have a  problem remember it,Fraction as Number 6_Grade 4.xlsx,False,False,False,False,False,False,False
12,S,If a light green um no no,Fraction as Number 6_Grade 4.xlsx,False,False,False,False,False,False,False
13,S,I have one for you,Fraction as Number 6_Grade 4.xlsx,False,False,False,False,False,False,False
14,S,I have one for you too,Fraction as Number 6_Grade 4.xlsx,False,False,False,False,False,False,False
14,S,I have a  problem,Fraction as Number 6_Grade 4.xlsx,False,False,False,False,False,False,False
15,T,You going to give it to Alan,Fraction as Number 6_Grade 4.xlsx,False,True,False,False,False,False,False
16,S,I have a problem and Alan has a problem too,Fraction as Number 6_Grade 4.xlsx,False,False,False,False,False,False,False
17,T,I want to hear these,Fraction as Number 6_Grade 4.xlsx,False,False,True,False,False,False,False
18,S,If a light green was one third what would be a whole,Fraction as Number 6_Grade 4.xlsx,False,False,False,False,False,False,False
19,T,What would be what,Fraction as Number 6_Grade 4.xlsx,False,False,False,True,False,False,False
20,S,If a light green was one third what would be a whole,Fraction as Number 6_Grade 4.xlsx,False,False,False,False,False,False,False
21,T,One what would one be,Fraction as Number 6_Grade 4.xlsx,False,False,False,True,False,False,False
22,S,What would one be,Fraction as Number 6_Grade 4.xlsx,False,False,False,False,False,False,False
23,S,A blue,Fraction as Number 6_Grade 4.xlsx,False,False,False,False,False,False,False
24,S,Yep,Fraction as Number 6_Grade 4.xlsx,False,False,False,False,False,False,False
25,T,Can you show us and prove it,Fraction as Number 6_Grade 4.xlsx,False,False,False,True,False,False,False
26,T,You have to make it convincing,Fraction as Number 6_Grade 4.xlsx,False,False,True,False,False,False,False
27,T,Looks like you were doing it in your heads,Fraction as Number 6_Grade 4.xlsx,False,False,True,False,False,False,False
28,S,I could do it,Fraction as Number 6_Grade 4.xlsx,False,False,False,False,False,False,False
29,T,Doing it in your head,Fraction as Number 6_Grade 4.xlsx,False,True,False,False,False,False,False
30,S,This was the problem I was going to give out on the  overhead,Fraction as Number 6_Grade 4.xlsx,False,False,False,False,False,False,False
31,S,There  that would if you look down it would equal up to a blue,Fraction as Number 6_Grade 4.xlsx,False,False,False,False,False,False,False
32,T,Let s see,Fraction as Number 6_Grade 4.xlsx,False,False,True,False,False,False,False
33,S,Like this,Fraction as Number 6_Grade 4.xlsx,False,False,False,False,False,False,False
34,T,So it takes three of them,Fraction as Number 6_Grade 4.xlsx,False,True,False,False,False,False,False
35,S,Now I ve got one for you,Fraction as Number 6_Grade 4.xlsx,False,False,False,False,False,False,False
36,T,Let s hear Alan s,Fraction as Number 6_Grade 4.xlsx,False,True,False,False,False,False,False
37,S,If the white one was considered one fifth what would be  considered one,Fraction as Number 6_Grade 4.xlsx,False,False,False,False,False,False,False
38,S,What,Fraction as Number 6_Grade 4.xlsx,False,False,False,False,False,False,False
39,S,If this was one fifth,Fraction as Number 6_Grade 4.xlsx,False,False,False,False,False,False,False
40,T,It s a good one,Fraction as Number 6_Grade 4.xlsx,False,False,True,False,False,False,False
41,S,What would be one,Fraction as Number 6_Grade 4.xlsx,False,False,False,False,False,False,False
42,S,Yellow,Fraction as Number 6_Grade 4.xlsx,False,False,False,False,False,False,False
43,S,Right,Fraction as Number 6_Grade 4.xlsx,False,False,False,False,False,False,False
44,T,Are you going to let him get off that easily,Fraction as Number 6_Grade 4.xlsx,False,True,False,False,False,False,False
45,S,He knows it anyway,Fraction as Number 6_Grade 4.xlsx,False,False,False,False,False,False,False
46,S,One two,Fraction as Number 6_Grade 4.xlsx,False,False,False,False,False,False,False
47,T,Just in case you couldn t remember it in your head you  should always be able to go back and prove it,Fraction as Number 6_Grade 4.xlsx,False,False,True,False,False,False,False
48,S,Umm and also I did I just counted up five,Fraction as Number 6_Grade 4.xlsx,False,False,False,False,False,False,False
49,T,Oh,Fraction as Number 6_Grade 4.xlsx,False,False,True,False,False,False,False
50,S,And I know that that s half of   and I know that yellow is half of orange which is ten,Fraction as Number 6_Grade 4.xlsx,False,False,False,False,False,False,False
51,T,Clever,Fraction as Number 6_Grade 4.xlsx,False,False,True,False,False,False,False
51,T,So you re using  Oh I m sorry,Fraction as Number 6_Grade 4.xlsx,False,False,True,False,False,False,False
52,S,That s okay,Fraction as Number 6_Grade 4.xlsx,False,False,False,False,False,False,False
53,T,You re using the staircase then to help you so you don t  have to do all that,Fraction as Number 6_Grade 4.xlsx,False,False,True,False,False,False,False
53,T,That s very clever,Fraction as Number 6_Grade 4.xlsx,False,False,True,False,False,False,False
53,S,Should we think of another problem and do it,Fraction as Number 6_Grade 4.xlsx,False,False,False,False,False,False,False
54,T,Yeah why not,Fraction as Number 6_Grade 4.xlsx,False,True,False,False,False,False,False
54,S,Ok lets see,Fraction as Number 6_Grade 4.xlsx,False,False,False,False,False,False,False
55,T,I have one for you,Fraction as Number 6_Grade 4.xlsx,False,False,True,False,False,False,False
56,S,Okay,Fraction as Number 6_Grade 4.xlsx,False,False,False,False,False,False,False
57,T,Okay let me see,Fraction as Number 6_Grade 4.xlsx,False,False,True,False,False,False,False
57,T,No that s too easy let s see,Fraction as Number 6_Grade 4.xlsx,False,False,True,False,False,False,False
57,T,Okay,Fraction as Number 6_Grade 4.xlsx,False,False,True,False,False,False,False
57,T,If I call this two what would one look  like,Fraction as Number 6_Grade 4.xlsx,False,False,False,True,False,False,False
57,T,Which rod would one be,Fraction as Number 6_Grade 4.xlsx,False,False,False,True,False,False,False
58,S,That s two,Fraction as Number 6_Grade 4.xlsx,False,False,False,False,False,False,False
59,T,That s two,Fraction as Number 6_Grade 4.xlsx,False,False,False,False,False,True,False
60,S,Then one would be red,Fraction as Number 6_Grade 4.xlsx,False,False,False,False,False,False,False
61,S,Umm,Fraction as Number 6_Grade 4.xlsx,False,False,False,False,False,False,False
62,T,Okay why,Fraction as Number 6_Grade 4.xlsx,False,False,False,False,True,False,False
63,S,Well you see if that s two  this would be a half of it and half of two is one,Fraction as Number 6_Grade 4.xlsx,False,False,False,False,False,False,False
64,T,Umm,Fraction as Number 6_Grade 4.xlsx,False,False,True,False,False,False,False
65,S,And you take another one,Fraction as Number 6_Grade 4.xlsx,False,False,False,False,False,False,False
66,S,I have one  for you Alan,Fraction as Number 6_Grade 4.xlsx,False,False,False,False,False,False,False
67,T,Clever,Fraction as Number 6_Grade 4.xlsx,False,False,True,False,False,False,False
67,T,Okay go ahead,Fraction as Number 6_Grade 4.xlsx,False,True,False,False,False,False,False
68,S,If this is three  what is six,Fraction as Number 6_Grade 4.xlsx,False,False,False,False,False,False,False
68,S,If this  is three what is six,Fraction as Number 6_Grade 4.xlsx,False,False,False,False,False,False,False
69,S,If that little thing is three what is six,Fraction as Number 6_Grade 4.xlsx,False,False,False,False,False,False,False
70,S,Yeah,Fraction as Number 6_Grade 4.xlsx,False,False,False,False,False,False,False
71,S,This,Fraction as Number 6_Grade 4.xlsx,False,False,False,False,False,False,False
72,S,This,Fraction as Number 6_Grade 4.xlsx,False,False,False,False,False,False,False
72,S,No,Fraction as Number 6_Grade 4.xlsx,False,False,False,False,False,False,False
73,S,No if that if that if that,Fraction as Number 6_Grade 4.xlsx,False,False,False,False,False,False,False
74,S,If this is three what is six,Fraction as Number 6_Grade 4.xlsx,False,False,False,False,False,False,False
75,S,If that was considered,Fraction as Number 6_Grade 4.xlsx,False,False,False,False,False,False,False
76,S,Hold on I ve got to check,Fraction as Number 6_Grade 4.xlsx,False,False,False,False,False,False,False
77,S,Three of something,Fraction as Number 6_Grade 4.xlsx,False,False,False,False,False,False,False
78,S,Oh whoops you were right,Fraction as Number 6_Grade 4.xlsx,False,False,False,False,False,False,False
78,S,Sorry sorry,Fraction as Number 6_Grade 4.xlsx,False,False,False,False,False,False,False
79,S,All right now,Fraction as Number 6_Grade 4.xlsx,False,False,False,False,False,False,False
80,S,I was thinking it was that,Fraction as Number 6_Grade 4.xlsx,False,False,False,False,False,False,False
81,S,Let me bump you off with one,Fraction as Number 6_Grade 4.xlsx,False,False,False,False,False,False,False
82,S,Like you can,Fraction as Number 6_Grade 4.xlsx,False,False,False,False,False,False,False
83,S,If this  would be considered wait close  your eyes okay if this was consider one half what would be  one,Fraction as Number 6_Grade 4.xlsx,False,False,False,False,False,False,False
84,S,Probably what is that purple,Fraction as Number 6_Grade 4.xlsx,False,False,False,False,False,False,False
84,S,A brown,Fraction as Number 6_Grade 4.xlsx,False,False,False,False,False,False,False
84,S,Yep I knew it,Fraction as Number 6_Grade 4.xlsx,False,False,False,False,False,False,False
85,T,Okay alright this is very interesting but I think you  probably should start to pack up your rods because I think we  have five more minutes,Fraction as Number 6_Grade 4.xlsx,False,False,True,False,False,False,False
1,T,Anyway do you know why youre here,Gang of Four_Grade 4.xlsx,False,True,False,False,False,False,False
2,S,No,Gang of Four_Grade 4.xlsx,False,False,False,False,False,False,False
3,S,Yeah,Gang of Four_Grade 4.xlsx,False,False,False,False,False,False,False
3,S,About the towers,Gang of Four_Grade 4.xlsx,False,False,False,False,False,False,False
4,T,About the tower,Gang of Four_Grade 4.xlsx,False,False,False,False,False,False,True
4,T,Milin,Gang of Four_Grade 4.xlsx,False,True,False,False,False,False,False
5,S,Yeah about the towers,Gang of Four_Grade 4.xlsx,False,False,False,False,False,False,False
5,S,Were going to talk about this,Gang of Four_Grade 4.xlsx,False,False,False,False,False,False,False
6,T,Yeah yeah yeah,Gang of Four_Grade 4.xlsx,False,False,True,False,False,False,False
6,T,You know the tower problem,Gang of Four_Grade 4.xlsx,False,True,False,False,False,False,False
7,S,Yes I do,Gang of Four_Grade 4.xlsx,False,False,False,False,False,False,False
8,T,Yeah the last one in class you did remember what that was  about,Gang of Four_Grade 4.xlsx,False,True,False,False,False,False,False
9,S,Robin Hood,Gang of Four_Grade 4.xlsx,False,False,False,False,False,False,False
9,S,That was the last one we did,Gang of Four_Grade 4.xlsx,False,False,False,False,False,False,False
10,S,The towers of 5,Gang of Four_Grade 4.xlsx,False,False,False,False,False,False,False
11,S,The towers of 5,Gang of Four_Grade 4.xlsx,False,False,False,False,False,False,False
12,T,The towers of 5,Gang of Four_Grade 4.xlsx,False,False,False,False,False,True,False
12,T,And do you remember what you did with  those towers of 5,Gang of Four_Grade 4.xlsx,False,True,False,False,False,False,False
13,S,Yeah,Gang of Four_Grade 4.xlsx,False,False,False,False,False,False,False
15,T,And tell me about it,Gang of Four_Grade 4.xlsx,False,False,False,True,False,False,False
15,T,What was the problem,Gang of Four_Grade 4.xlsx,False,False,False,True,False,False,False
16,S,How many  to make 5,Gang of Four_Grade 4.xlsx,False,False,False,False,False,False,False
17,S,how many towers you could make,Gang of Four_Grade 4.xlsx,False,False,False,False,False,False,False
18,S,Different towers you can have,Gang of Four_Grade 4.xlsx,False,False,False,False,False,False,False
19,S,Different towers you could make from 5 blocks up,Gang of Four_Grade 4.xlsx,False,False,False,False,False,False,False
20,T,Any 5 blocks,Gang of Four_Grade 4.xlsx,False,True,False,False,False,False,False
21,S,No,Gang of Four_Grade 4.xlsx,False,False,False,False,False,False,False
22,S,It had to be 2 colors,Gang of Four_Grade 4.xlsx,False,False,False,False,False,False,False
23,T,Okay and did you figure that out,Gang of Four_Grade 4.xlsx,False,True,False,False,False,False,False
24,S,Yeah,Gang of Four_Grade 4.xlsx,False,False,False,False,False,False,False
25,T,And what is it do you remember,Gang of Four_Grade 4.xlsx,False,False,False,True,False,False,False
26,S,32,Gang of Four_Grade 4.xlsx,False,False,False,False,False,False,False
27,T,You sure of it,Gang of Four_Grade 4.xlsx,False,True,False,False,False,False,False
28,S,Yes,Gang of Four_Grade 4.xlsx,False,False,False,False,False,False,False
29,T,How could you be so sure,Gang of Four_Grade 4.xlsx,False,False,False,True,False,False,False
30,S,Because we all ready checked,Gang of Four_Grade 4.xlsx,False,False,False,False,False,False,False
31,T,How could you be so sure,Gang of Four_Grade 4.xlsx,False,False,False,True,False,False,False
32,S,Remember we did all those the the charts the thingys for   and all those different  patterns,Gang of Four_Grade 4.xlsx,False,False,False,False,False,False,False
32,S,Remember I convinced you up in the the  watchamacallit,Gang of Four_Grade 4.xlsx,False,False,False,False,False,False,False
33,T,Yes in the room,Gang of Four_Grade 4.xlsx,False,False,True,False,False,False,False
34,S,I dont feel like convincing you again,Gang of Four_Grade 4.xlsx,False,False,False,False,False,False,False
35,T,You dont feel like convincing me again okay,Gang of Four_Grade 4.xlsx,False,False,True,False,False,False,False
35,T,Okay but I  remember saying to you Jeff and I remember saying to you Michelle and to you Stephanie and Stephanie did try to  work on towers of 6 And I asked all of you,Gang of Four_Grade 4.xlsx,False,False,True,False,False,False,False
37,S,So did I,Gang of Four_Grade 4.xlsx,False,False,False,False,False,False,False
38,T,You did it,Gang of Four_Grade 4.xlsx,False,False,False,False,False,False,True
38,T,If you were building towers of 6 how many  would there be,Gang of Four_Grade 4.xlsx,False,False,False,True,False,False,False
39,S,I didnt do it,Gang of Four_Grade 4.xlsx,False,False,False,False,False,False,False
40,S,I I did some but I didnt,Gang of Four_Grade 4.xlsx,False,False,False,False,False,False,False
41,T,But do you know how many,Gang of Four_Grade 4.xlsx,False,False,False,True,False,False,False
42,S,Yeah,Gang of Four_Grade 4.xlsx,False,False,False,False,False,False,False
43,S,Probably 64,Gang of Four_Grade 4.xlsx,False,False,False,False,False,False,False
44,T,Why do you think 64,Gang of Four_Grade 4.xlsx,False,False,False,False,True,False,False
45,S,Well because there was a pattern,Gang of Four_Grade 4.xlsx,False,False,False,False,False,False,False
46,T,Whats that,Gang of Four_Grade 4.xlsx,False,True,False,False,False,False,False
47,S,You just times them by 2 and then,Gang of Four_Grade 4.xlsx,False,False,False,False,False,False,False
48,T,Times what by 2,Gang of Four_Grade 4.xlsx,False,False,False,True,False,False,False
49,S,The towers by 2 because 1 is 2 and then you figure out 2 is 2  and then I mean 4,Gang of Four_Grade 4.xlsx,False,False,False,False,False,False,False
49,S,And then,Gang of Four_Grade 4.xlsx,False,False,False,False,False,False,False
50,S,See if you only had 1 block,Gang of Four_Grade 4.xlsx,False,False,False,False,False,False,False
51,S,Youre not making much sense,Gang of Four_Grade 4.xlsx,False,False,False,False,False,False,False
52,T,See Jeff okay okay,Gang of Four_Grade 4.xlsx,False,False,True,False,False,False,False
53,S,If you have 1 block and 2 colors then you would have 2  towers and we figured out that the other day that you keep  on adding 2,Gang of Four_Grade 4.xlsx,False,False,False,False,False,False,False
55,S,You you like 2 times 2 would be 4 and then the 3,Gang of Four_Grade 4.xlsx,False,False,False,False,False,False,False
56,T,So 4 would be for what,Gang of Four_Grade 4.xlsx,False,False,False,True,False,False,False
57,S,Four for there there would be 4 towers for 2 high,Gang of Four_Grade 4.xlsx,False,False,False,False,False,False,False
58,T,Okay,Gang of Four_Grade 4.xlsx,False,False,True,False,False,False,False
59,S,Its always opposite though,Gang of Four_Grade 4.xlsx,False,False,False,False,False,False,False
60,T,Okay but let me let me hear what Michelle has to say,Gang of Four_Grade 4.xlsx,False,True,False,False,False,False,False
61,S,And then for the 3 high then you would have 8 towers,Gang of Four_Grade 4.xlsx,False,False,False,False,False,False,False
61,S,And  then for 4 high you would have 12 towers,Gang of Four_Grade 4.xlsx,False,False,False,False,False,False,False
61,S,And we kept on  doing it like that,Gang of Four_Grade 4.xlsx,False,False,False,False,False,False,False
62,T,Do you agree with that,Gang of Four_Grade 4.xlsx,True,False,False,False,False,False,False
63,S,I dont know what youre talking about,Gang of Four_Grade 4.xlsx,False,False,False,False,False,False,False
64,S,Well what it is is,Gang of Four_Grade 4.xlsx,False,False,False,False,False,False,False
65,T,Lets lets stop here,Gang of Four_Grade 4.xlsx,False,False,True,False,False,False,False
66,S,And then for 5 towers itd be 25 then,Gang of Four_Grade 4.xlsx,False,False,False,False,False,False,False
66,S,And then,Gang of Four_Grade 4.xlsx,False,False,False,False,False,False,False
67,T,Okay lets lets get a piece of paper and write down what  youre saying and see if you all agree,Gang of Four_Grade 4.xlsx,False,False,True,False,False,False,False
67,T,And I think Jeff  hasnt been with us for a while and he doesnt know what  were talking about but lets take one at a time,Gang of Four_Grade 4.xlsx,False,False,True,False,False,False,False
67,T,And lets  just agree as were moving along,Gang of Four_Grade 4.xlsx,False,False,True,False,False,False,False
67,T,Go go ahead Michelle,Gang of Four_Grade 4.xlsx,False,True,False,False,False,False,False
68,S,If you had one high saying theres red and blue,Gang of Four_Grade 4.xlsx,False,False,False,False,False,False,False
68,S,Then you  would have 2,Gang of Four_Grade 4.xlsx,False,False,False,False,False,False,False
68,S,And then if you had,Gang of Four_Grade 4.xlsx,False,False,False,False,False,False,False
69,T,Okay write that down,Gang of Four_Grade 4.xlsx,False,False,True,False,False,False,False
69,T,2,Gang of Four_Grade 4.xlsx,False,False,False,False,False,True,False
69,T,Do do you agree with that,Gang of Four_Grade 4.xlsx,True,False,False,False,False,False,False
69,T,Do you know what shes talking about,Gang of Four_Grade 4.xlsx,False,True,False,False,False,False,False
70,S,Theres one red and theres one blue,Gang of Four_Grade 4.xlsx,False,False,False,False,False,False,False
70,S,So you theres only  one way to do it so its 2,Gang of Four_Grade 4.xlsx,False,False,False,False,False,False,False
71,T,One way to do it so its 2,Gang of Four_Grade 4.xlsx,False,True,False,False,False,False,False
72,S,Yeah see if if you have to make towers of one and theres  only two colors,Gang of Four_Grade 4.xlsx,False,False,False,False,False,False,False
74,S,Itd be 2,Gang of Four_Grade 4.xlsx,False,False,False,False,False,False,False
75,S,Itd be 2,Gang of Four_Grade 4.xlsx,False,False,False,False,False,False,False
75,S,Itd be 2,Gang of Four_Grade 4.xlsx,False,False,False,False,False,False,False
76,T,All right lets go on,Gang of Four_Grade 4.xlsx,False,False,True,False,False,False,False
77,S,If you add two towers high would be 4 because you have,Gang of Four_Grade 4.xlsx,False,False,False,False,False,False,False
78,S,Yeah I agree with that,Gang of Four_Grade 4.xlsx,False,False,False,False,False,False,False
78,S,Okay,Gang of Four_Grade 4.xlsx,False,False,False,False,False,False,False
78,S,I agree,Gang of Four_Grade 4.xlsx,False,False,False,False,False,False,False
79,T,Okay but hold on,Gang of Four_Grade 4.xlsx,False,False,True,False,False,False,False
80,S,See but you times that,Gang of Four_Grade 4.xlsx,False,False,False,False,False,False,False
80,S,Two times 2,Gang of Four_Grade 4.xlsx,False,False,False,False,False,False,False
81,T,All right,Gang of Four_Grade 4.xlsx,False,False,True,False,False,False,False
81,T,Write the 4 down,Gang of Four_Grade 4.xlsx,False,False,True,False,False,False,False
81,T,But I dont can you explain to  me  why from 2 you get to 4,Gang of Four_Grade 4.xlsx,False,False,False,False,True,False,False
81,T,Milin tell me  why,Gang of Four_Grade 4.xlsx,False,False,False,False,True,False,False
82,S,Because you for each one of them you could add 1 no 2  more or on because theres a black I mean a blue and red,Gang of Four_Grade 4.xlsx,False,False,False,False,False,False,False
83,S,Yeah but what shes doing,Gang of Four_Grade 4.xlsx,False,False,False,False,False,False,False
84,T,Shh,Gang of Four_Grade 4.xlsx,False,False,True,False,False,False,False
84,T,Let her finish,Gang of Four_Grade 4.xlsx,False,True,False,False,False,False,False
84,T,Okay,Gang of Four_Grade 4.xlsx,False,False,True,False,False,False,False
85,S,See for that you just put one more for red you put a black on  top and a red on top I mean a blue on top instead of a black,Gang of Four_Grade 4.xlsx,False,False,False,False,False,False,False
85,S,And on blue you put a blue on top and a red on top,Gang of Four_Grade 4.xlsx,False,False,False,False,False,False,False
85,S,You  keep on doing that,Gang of Four_Grade 4.xlsx,False,False,False,False,False,False,False
86,T,Do you understand what hes talking about,Gang of Four_Grade 4.xlsx,False,True,False,False,False,False,False
86,T,You all understand what hes talking about,Gang of Four_Grade 4.xlsx,False,True,False,False,False,False,False
86,T,All right so so we agree 4,Gang of Four_Grade 4.xlsx,False,False,True,False,False,False,False
86,T,What happens if  youre building towers 3 high,Gang of Four_Grade 4.xlsx,False,False,False,True,False,False,False
86,T,What did you say it would  be,Gang of Four_Grade 4.xlsx,False,False,False,True,False,False,False
88,S,It would be 8,Gang of Four_Grade 4.xlsx,False,False,False,False,False,False,False
89,T,Write 8 down,Gang of Four_Grade 4.xlsx,False,False,False,False,False,False,True
89,T,Can can you give me an argument you dont  have to do it why we jump from 4 to 8,Gang of Four_Grade 4.xlsx,False,False,False,False,True,False,False
90,S,Thats what I want to know,Gang of Four_Grade 4.xlsx,False,False,False,False,False,False,False
91,T,Thats what Jeff wants to know,Gang of Four_Grade 4.xlsx,False,False,False,False,False,False,True
91,T,So shh,Gang of Four_Grade 4.xlsx,False,False,True,False,False,False,False
91,T,Go slowly,Gang of Four_Grade 4.xlsx,False,False,True,False,False,False,False
91,T,Its Jeff  youre convincing,Gang of Four_Grade 4.xlsx,False,False,True,False,False,False,False
91,T,Not me,Gang of Four_Grade 4.xlsx,False,False,True,False,False,False,False
91,T,Jeff,Gang of Four_Grade 4.xlsx,False,False,True,False,False,False,False
92,S,See see theres theres theres 2 blue,Gang of Four_Grade 4.xlsx,False,False,False,False,False,False,False
92,S,Theres 2 here,Gang of Four_Grade 4.xlsx,False,False,False,False,False,False,False
93,S,I know that,Gang of Four_Grade 4.xlsx,False,False,False,False,False,False,False
94,S,And we went to 4 so it would have to be times 22,Gang of Four_Grade 4.xlsx,False,False,False,False,False,False,False
94,S,And  then 42 would equal 8,Gang of Four_Grade 4.xlsx,False,False,False,False,False,False,False
95,T,That doesnt help Jeff understand,Gang of Four_Grade 4.xlsx,False,False,True,False,False,False,False
95,T,I know,Gang of Four_Grade 4.xlsx,False,False,True,False,False,False,False
95,T,Okay,Gang of Four_Grade 4.xlsx,False,False,True,False,False,False,False
95,T,One at  a time,Gang of Four_Grade 4.xlsx,False,False,True,False,False,False,False
96,S,If this was like a pattern it would go 246 in between,Gang of Four_Grade 4.xlsx,False,False,False,False,False,False,False
97,T,Yeah thats what hes saying,Gang of Four_Grade 4.xlsx,False,False,True,False,False,False,False
98,S,No no no,Gang of Four_Grade 4.xlsx,False,False,False,False,False,False,False
99,S,No but  thats not the pattern that  were working on,Gang of Four_Grade 4.xlsx,False,False,False,False,False,False,False
100,T,Okay go ahead Stephanie,Gang of Four_Grade 4.xlsx,False,True,False,False,False,False,False
101,S,The pattern we saw was this for 1 block at a time we found  2,Gang of Four_Grade 4.xlsx,False,False,False,False,False,False,False
102,S,We all ready got 2 and 4 though,Gang of Four_Grade 4.xlsx,False,False,False,False,False,False,False
103,S,I know,Gang of Four_Grade 4.xlsx,False,False,False,False,False,False,False
104,S,246,Gang of Four_Grade 4.xlsx,False,False,False,False,False,False,False
105,S,And then 8,Gang of Four_Grade 4.xlsx,False,False,False,False,False,False,False
105,S,8 right,Gang of Four_Grade 4.xlsx,False,False,False,False,False,False,False
105,S,Two4then 8,Gang of Four_Grade 4.xlsx,False,False,False,False,False,False,False
106,T,But why 8,Gang of Four_Grade 4.xlsx,False,False,False,False,True,False,False
106,T,Jeff wants to know,Gang of Four_Grade 4.xlsx,False,False,True,False,False,False,False
106,T,Go ahead  let let Milin persuade Jeff,Gang of Four_Grade 4.xlsx,False,True,False,False,False,False,False
107,S,If you do that you just have to add for each one of those  you have to add one,Gang of Four_Grade 4.xlsx,False,False,False,False,False,False,False
108,T,Which one of what,Gang of Four_Grade 4.xlsx,False,False,False,True,False,False,False
108,T,These 4,Gang of Four_Grade 4.xlsx,False,True,False,False,False,False,False
109,S,Yeah,Gang of Four_Grade 4.xlsx,False,False,False,False,False,False,False
109,S,You have to add one more color per,Gang of Four_Grade 4.xlsx,False,False,False,False,False,False,False
110,T,Which way are you adding it,Gang of Four_Grade 4.xlsx,False,False,False,True,False,False,False
110,T,Where are you putting that  one more color Milin,Gang of Four_Grade 4.xlsx,False,False,False,True,False,False,False
111,S,Two more colors for each one,Gang of Four_Grade 4.xlsx,False,False,False,False,False,False,False
111,S,See,Gang of Four_Grade 4.xlsx,False,False,False,False,False,False,False
112,T,So this one with red on the bottom and blue on the top,Gang of Four_Grade 4.xlsx,False,False,False,True,False,False,False
113,S,You could put another blue or another red,Gang of Four_Grade 4.xlsx,False,False,False,False,False,False,False
114,T,Do you agree with that you could put a blue or red on top  and that would be,Gang of Four_Grade 4.xlsx,True,False,False,False,False,False,False
115,S,So that will be 2 and then on this you could do put another  read or a blue on top,Gang of Four_Grade 4.xlsx,False,False,False,False,False,False,False
115,S,That would be 4,Gang of Four_Grade 4.xlsx,False,False,False,False,False,False,False
116,S,Thats the same right there,Gang of Four_Grade 4.xlsx,False,False,False,False,False,False,False
117,T,No this is bluered,Gang of Four_Grade 4.xlsx,False,False,True,False,False,False,False
118,S,No her look,Gang of Four_Grade 4.xlsx,False,False,False,False,False,False,False
118,S,Look its,Gang of Four_Grade 4.xlsx,False,False,False,False,False,False,False
118,S,Okay okay I see it,Gang of Four_Grade 4.xlsx,False,False,False,False,False,False,False
119,S,See,Gang of Four_Grade 4.xlsx,False,False,False,False,False,False,False
119,S,Now you see it,Gang of Four_Grade 4.xlsx,False,False,False,False,False,False,False
120,T,Do you find what Milin is saying,Gang of Four_Grade 4.xlsx,False,True,False,False,False,False,False
120,T,And down  here you could put,Gang of Four_Grade 4.xlsx,False,False,False,True,False,False,False
121,S,A red or a blue and the same thing with here,Gang of Four_Grade 4.xlsx,False,False,False,False,False,False,False
122,T,Do you understand that,Gang of Four_Grade 4.xlsx,False,True,False,False,False,False,False
122,T,So do you see how  you get 8,Gang of Four_Grade 4.xlsx,False,True,False,False,False,False,False
122,T,Do you agree with that,Gang of Four_Grade 4.xlsx,True,False,False,False,False,False,False
123,S,Yeah because  cause theres 2 here and then 2 more,Gang of Four_Grade 4.xlsx,False,False,False,False,False,False,False
124,S,No but if youre  bound to get a different  thing,Gang of Four_Grade 4.xlsx,False,False,False,False,False,False,False
124,S,If you use two colors youre bound to get a different  thing,Gang of Four_Grade 4.xlsx,False,False,False,False,False,False,False
124,S,Do do another one for blue and shell all ready have  it,Gang of Four_Grade 4.xlsx,False,False,False,False,False,False,False
124,S,She will,Gang of Four_Grade 4.xlsx,False,False,False,False,False,False,False
124,S,Do it,Gang of Four_Grade 4.xlsx,False,False,False,False,False,False,False
125,S,Do 4,Gang of Four_Grade 4.xlsx,False,False,False,False,False,False,False
125,S,Four that would be 16,Gang of Four_Grade 4.xlsx,False,False,False,False,False,False,False
126,S,No,Gang of Four_Grade 4.xlsx,False,False,False,False,False,False,False
126,S,Look she,Gang of Four_Grade 4.xlsx,False,False,False,False,False,False,False
127,T,Lets get another piece of paper,Gang of Four_Grade 4.xlsx,False,False,True,False,False,False,False
127,T,Would you give me another  piece of paper please,Gang of Four_Grade 4.xlsx,False,False,True,False,False,False,False
127,T,Go ahead Jeff show me what,Gang of Four_Grade 4.xlsx,False,False,False,True,False,False,False
128,S,She she has 8 blocks with still only 2 colors,Gang of Four_Grade 4.xlsx,False,False,False,False,False,False,False
129,T,Eight blocks with 2 colors,Gang of Four_Grade 4.xlsx,False,False,False,False,False,True,False
129,T,Okay what lets see this,Gang of Four_Grade 4.xlsx,False,False,True,False,False,False,False
130,S,She has like this red and she kept on alternating,Gang of Four_Grade 4.xlsx,False,False,False,False,False,False,False
130,S,Bluered bluered and she bluered until she got 8,Gang of Four_Grade 4.xlsx,False,False,False,False,False,False,False
130,S,And then blue,Gang of Four_Grade 4.xlsx,False,False,False,False,False,False,False
130,S,And then she did the same thing up here,Gang of Four_Grade 4.xlsx,False,False,False,False,False,False,False
131,S,I didnt do the same thing on top,Gang of Four_Grade 4.xlsx,False,False,False,False,False,False,False
132,S,Yeah you kept on alternating,Gang of Four_Grade 4.xlsx,False,False,False,False,False,False,False
133,T,Why dont you do that,Gang of Four_Grade 4.xlsx,False,False,False,True,False,False,False
133,T,See what happens,Gang of Four_Grade 4.xlsx,False,False,True,False,False,False,False
133,T,Its what he  thought he saw you do but thats interesting maybe you  didnt know you were doing that Michelle,Gang of Four_Grade 4.xlsx,False,False,True,False,False,False,False
133,T,But look blue redblueredblueredbluered,Gang of Four_Grade 4.xlsx,False,False,True,False,False,False,False
133,T,He saw you alternating them  on the bottom,Gang of Four_Grade 4.xlsx,False,False,True,False,False,False,False
134,S,Now look you got red and blue,Gang of Four_Grade 4.xlsx,False,False,False,False,False,False,False
135,T,So so youre saying that all of these are alternating and  these are opposite alternating,Gang of Four_Grade 4.xlsx,False,True,False,False,False,False,False
135,T,Look this is blueredblue redblueredbluered,Gang of Four_Grade 4.xlsx,False,False,True,False,False,False,False
136,S,This is the same thing up here,Gang of Four_Grade 4.xlsx,False,False,False,False,False,False,False
136,S,Red and blue,Gang of Four_Grade 4.xlsx,False,False,False,False,False,False,False
136,S,Red  and blue,Gang of Four_Grade 4.xlsx,False,False,False,False,False,False,False
136,S,See you have to cross off this one,Gang of Four_Grade 4.xlsx,False,False,False,False,False,False,False
136,S,And now red  and blue red and blue,Gang of Four_Grade 4.xlsx,False,False,False,False,False,False,False
136,S,Its a different way,Gang of Four_Grade 4.xlsx,False,False,False,False,False,False,False
136,S,You have to  cross off that one because theres another one all ready  there,Gang of Four_Grade 4.xlsx,False,False,False,False,False,False,False
136,S,And then over here you have that right there,Gang of Four_Grade 4.xlsx,False,False,False,False,False,False,False
137,S,But Jeff Jeff Jeff,Gang of Four_Grade 4.xlsx,False,False,False,False,False,False,False
138,S,But the thing is thats exactly,Gang of Four_Grade 4.xlsx,False,False,False,False,False,False,False
139,T,Listen to Milin,Gang of Four_Grade 4.xlsx,False,True,False,False,False,False,False
140,S,But that this is for 3,Gang of Four_Grade 4.xlsx,False,False,False,False,False,False,False
140,S,So you could add 2 for each one of the  3,Gang of Four_Grade 4.xlsx,False,False,False,False,False,False,False
141,S,You didnt say that,Gang of Four_Grade 4.xlsx,False,False,False,False,False,False,False
141,S,She was only doing,Gang of Four_Grade 4.xlsx,False,False,False,False,False,False,False
142,S,It was supposed to be 3 high,Gang of Four_Grade 4.xlsx,False,False,False,False,False,False,False
143,S,Yeah she was doing the bottom ones first,Gang of Four_Grade 4.xlsx,False,False,False,False,False,False,False
143,S,Thats why,Gang of Four_Grade 4.xlsx,False,False,False,False,False,False,False
144,T,She wasnt finished,Gang of Four_Grade 4.xlsx,False,False,True,False,False,False,False
144,T,She wasnt crossing them out yet  because she hadnt finished the tops,Gang of Four_Grade 4.xlsx,False,False,True,False,False,False,False
144,T,Is that right Michelle,Gang of Four_Grade 4.xlsx,False,True,False,False,False,False,False
145,S,Its 3 high not 2,Gang of Four_Grade 4.xlsx,False,False,False,False,False,False,False
145,S,See,Gang of Four_Grade 4.xlsx,False,False,False,False,False,False,False
145,S,See how you got 8,Gang of Four_Grade 4.xlsx,False,False,False,False,False,False,False
145,S,There would be 3  high so there would be,Gang of Four_Grade 4.xlsx,False,False,False,False,False,False,False
146,T,Can you tell me a little bit about how you would get the 8  now from here,Gang of Four_Grade 4.xlsx,False,False,False,True,False,False,False
146,T,Mil I like Milin was was helping me a  minute ago or someone was helping,Gang of Four_Grade 4.xlsx,False,False,True,False,False,False,False
146,T,I even forget who it  was,Gang of Four_Grade 4.xlsx,False,False,True,False,False,False,False
147,S,You have to keep on putting 2 for this,Gang of Four_Grade 4.xlsx,False,False,False,False,False,False,False
147,S,Two for this,Gang of Four_Grade 4.xlsx,False,False,False,False,False,False,False
147,S,Two for  this,Gang of Four_Grade 4.xlsx,False,False,False,False,False,False,False
147,S,And two for this,Gang of Four_Grade 4.xlsx,False,False,False,False,False,False,False
147,S,And itll work out,Gang of Four_Grade 4.xlsx,False,False,False,False,False,False,False
148,T,Do you agree with that Jeff,Gang of Four_Grade 4.xlsx,True,False,False,False,False,False,False
149,S,Yes,Gang of Four_Grade 4.xlsx,False,False,False,False,False,False,False
150,T,Okay,Gang of Four_Grade 4.xlsx,False,False,True,False,False,False,False
150,T,So,Gang of Four_Grade 4.xlsx,False,False,True,False,False,False,False
151,S,Because you cant,Gang of Four_Grade 4.xlsx,False,False,False,False,False,False,False
151,S,Theres only two colors,Gang of Four_Grade 4.xlsx,False,False,False,False,False,False,False
151,S,You cant put  anymore on them,Gang of Four_Grade 4.xlsx,False,False,False,False,False,False,False
152,T,Okay now imagine we have our 8,Gang of Four_Grade 4.xlsx,False,False,True,False,False,False,False
152,T,Where where do we go  from 8,Gang of Four_Grade 4.xlsx,False,False,False,True,False,False,False
152,T,Because I heard Michelle say 12,Gang of Four_Grade 4.xlsx,False,False,True,False,False,False,False
153,S,Sixteen,Gang of Four_Grade 4.xlsx,False,False,False,False,False,False,False
154,T,Well what is it,Gang of Four_Grade 4.xlsx,False,False,False,True,False,False,False
154,T,Stephanie,Gang of Four_Grade 4.xlsx,False,True,False,False,False,False,False
155,S,I I still want to see you build 3 up and then see if theres  any,Gang of Four_Grade 4.xlsx,False,False,False,False,False,False,False
156,T,Okay Jeff isnt convinced you have the 8 here so you were  going to fast,Gang of Four_Grade 4.xlsx,False,False,True,False,False,False,False
157,S,Using Unifix cubes you could still,Gang of Four_Grade 4.xlsx,False,False,False,False,False,False,False
158,S,It doesnt matter,Gang of Four_Grade 4.xlsx,False,False,False,False,False,False,False
158,S,Its just easier to draw it,Gang of Four_Grade 4.xlsx,False,False,False,False,False,False,False
159,S,I know,Gang of Four_Grade 4.xlsx,False,False,False,False,False,False,False
160,S,T,Gang of Four_Grade 4.xlsx,False,False,False,False,False,False,False
161,S,why dont you draw what you think,Gang of Four_Grade 4.xlsx,False,False,False,False,False,False,False
162,S,Okay,Gang of Four_Grade 4.xlsx,False,False,False,False,False,False,False
163,S,You got that and thats the same as that,Gang of Four_Grade 4.xlsx,False,False,False,False,False,False,False
163,S,Bluebluered,Gang of Four_Grade 4.xlsx,False,False,False,False,False,False,False
163,S,Blueblue,Gang of Four_Grade 4.xlsx,False,False,False,False,False,False,False
163,S,No thats red,Gang of Four_Grade 4.xlsx,False,False,False,False,False,False,False
164,T,Redbluered,Gang of Four_Grade 4.xlsx,False,False,False,False,False,False,True
165,S,Yeah,Gang of Four_Grade 4.xlsx,False,False,False,False,False,False,False
166,T,Any ideas Stephanie how to show from 4 to 8,Gang of Four_Grade 4.xlsx,False,False,False,True,False,False,False
167,S,I do,Gang of Four_Grade 4.xlsx,False,False,False,False,False,False,False
167,S,All right,Gang of Four_Grade 4.xlsx,False,False,False,False,False,False,False
168,T,How about you Jeff,Gang of Four_Grade 4.xlsx,False,False,False,True,False,False,False
168,T,Before Milin said you understood  when he got 4,Gang of Four_Grade 4.xlsx,False,False,True,False,False,False,False
169,S,I understand that but,Gang of Four_Grade 4.xlsx,False,False,False,False,False,False,False
170,T,Okay now if this is what he got for 4 and if you understood  what he just talked about can you write down these 4 and  use his idea to see if you could build 8,Gang of Four_Grade 4.xlsx,False,True,False,False,False,False,False
170,T,Why dont you write  these down what he has here,Gang of Four_Grade 4.xlsx,False,False,True,False,False,False,False
170,T,These 4,Gang of Four_Grade 4.xlsx,False,False,True,False,False,False,False
170,T,Start with these 4  because thats what Milin said to start with,Gang of Four_Grade 4.xlsx,False,False,True,False,False,False,False
170,T,These 4,Gang of Four_Grade 4.xlsx,False,False,True,False,False,False,False
171,S,And then,Gang of Four_Grade 4.xlsx,False,False,False,False,False,False,False
172,T,Youre going to run out of space if youre going to build  them up,Gang of Four_Grade 4.xlsx,False,False,True,False,False,False,False
173,S,Ill go down,Gang of Four_Grade 4.xlsx,False,False,False,False,False,False,False
174,T,Okay thats fine,Gang of Four_Grade 4.xlsx,False,False,True,False,False,False,False
174,T,Does it matter,Gang of Four_Grade 4.xlsx,False,True,False,False,False,False,False
175,S,No,Gang of Four_Grade 4.xlsx,False,False,False,False,False,False,False
176,T,Okay now what was his idea,Gang of Four_Grade 4.xlsx,False,False,False,True,False,False,False
177,S,I put too many things of red,Gang of Four_Grade 4.xlsx,False,False,False,False,False,False,False
177,S,Youve got 2 reds,Gang of Four_Grade 4.xlsx,False,False,False,False,False,False,False
177,S,Two blues  and the opposite,Gang of Four_Grade 4.xlsx,False,False,False,False,False,False,False
177,S,Then youre adding onto one to make this  blue,Gang of Four_Grade 4.xlsx,False,False,False,False,False,False,False
177,S,And then you have to,Gang of Four_Grade 4.xlsx,False,False,False,False,False,False,False
178,T,But hold on,Gang of Four_Grade 4.xlsx,False,False,True,False,False,False,False
178,T,He said,Gang of Four_Grade 4.xlsx,False,False,True,False,False,False,False
178,T,Thats not what Milin said,Gang of Four_Grade 4.xlsx,False,False,True,False,False,False,False
179,S,What did he say,Gang of Four_Grade 4.xlsx,False,False,False,False,False,False,False
180,T,Lets wait  til hes finished thinking a minute and ask him  because I think thats the key to it to know what Milin said  and to see if that makes sense,Gang of Four_Grade 4.xlsx,False,False,True,False,False,False,False
181,S,The thing is that you have to keep on adding 2,Gang of Four_Grade 4.xlsx,False,False,False,False,False,False,False
182,T,Okay Milin lets talk about this one,Gang of Four_Grade 4.xlsx,False,False,True,False,False,False,False
182,T,He had this right,Gang of Four_Grade 4.xlsx,False,True,False,False,False,False,False
183,S,Okay then you just,Gang of Four_Grade 4.xlsx,False,False,False,False,False,False,False
184,T,Now he said from here add a blue,Gang of Four_Grade 4.xlsx,False,False,True,False,False,False,False
184,T,Is that what you said,Gang of Four_Grade 4.xlsx,False,True,False,False,False,False,False
185,S,Yeah you have to keep on adding to the top,Gang of Four_Grade 4.xlsx,False,False,False,False,False,False,False
186,S,It doesnt matter,Gang of Four_Grade 4.xlsx,False,False,False,False,False,False,False
187,T,No he wants to add on the bottom,Gang of Four_Grade 4.xlsx,False,False,True,False,False,False,False
188,S,You see for this see you have have to have the bottom  down here because you cant put the top otherwise itll be  different,Gang of Four_Grade 4.xlsx,False,False,False,False,False,False,False
189,T,Okay,Gang of Four_Grade 4.xlsx,False,False,True,False,False,False,False
189,T,But he put a bottom  B  here,Gang of Four_Grade 4.xlsx,False,False,True,False,False,False,False
190,S,It would be the same,Gang of Four_Grade 4.xlsx,False,False,False,False,False,False,False
190,S,See if you put a  b  up there itd be  the same just as if you put on there,Gang of Four_Grade 4.xlsx,False,False,False,False,False,False,False
190,S,Itd be bluebluered,Gang of Four_Grade 4.xlsx,False,False,False,False,False,False,False
190,S,And then if you crossed that off itd be put a  b  up there  itd be bluebluered,Gang of Four_Grade 4.xlsx,False,False,False,False,False,False,False
190,S,Just like before,Gang of Four_Grade 4.xlsx,False,False,False,False,False,False,False
191,S,Yeah but Jeff Jeff,Gang of Four_Grade 4.xlsx,False,False,False,False,False,False,False
192,T,Okay but Hold on,Gang of Four_Grade 4.xlsx,False,False,True,False,False,False,False
193,S,If you look at this you have it,Gang of Four_Grade 4.xlsx,False,False,False,False,False,False,False
194,T,Time out for a minute,Gang of Four_Grade 4.xlsx,False,False,True,False,False,False,False
194,T,Im getting very confused because all  of you are talking and you have all different ideas and I  think it would help me if we got one idea on the table at a  time,Gang of Four_Grade 4.xlsx,False,False,True,False,False,False,False
194,T,Now the one idea that we have on the table that I wish  we would explore before we hear all the new ideas is this  one here,Gang of Four_Grade 4.xlsx,False,False,True,False,False,False,False
194,T,Now I would like all of you to consider what Milin said here,Gang of Four_Grade 4.xlsx,False,False,True,False,False,False,False
195,T,Do you all see that,Gang of Four_Grade 4.xlsx,False,True,False,False,False,False,False
195,T,Get another piece of  paper and write this down,Gang of Four_Grade 4.xlsx,False,False,True,False,False,False,False
195,T,Maybe write in the middle so we  could build them both ways and see if theres a difference,Gang of Four_Grade 4.xlsx,False,False,True,False,False,False,False
195,T,You dont have to cross off what you did,Gang of Four_Grade 4.xlsx,False,False,True,False,False,False,False
195,T,Now what you  have here in this space is on the bottom redblueredblue,Gang of Four_Grade 4.xlsx,False,False,True,False,False,False,False
195,T,And on the top you have blueredredblue,Gang of Four_Grade 4.xlsx,False,False,True,False,False,False,False
196,T,See if you put this right,Gang of Four_Grade 4.xlsx,False,False,True,False,False,False,False
197,T,But hold on a minute,Gang of Four_Grade 4.xlsx,False,False,True,False,False,False,False
197,T,Let everyone get this down,Gang of Four_Grade 4.xlsx,False,False,True,False,False,False,False
197,T,You  might want to separate them too,Gang of Four_Grade 4.xlsx,False,False,True,False,False,False,False
197,T,Might be a good idea to do  it just the way Milin or Michelle wrote it,Gang of Four_Grade 4.xlsx,False,False,True,False,False,False,False
197,T,I only want to see  4 down there because were looking at Milins strategy,Gang of Four_Grade 4.xlsx,False,False,True,False,False,False,False
197,T,Thats not what Milin did,Gang of Four_Grade 4.xlsx,False,False,True,False,False,False,False
197,T,You made a chart,Gang of Four_Grade 4.xlsx,False,False,True,False,False,False,False
197,T,Milin didnt  do that,Gang of Four_Grade 4.xlsx,False,False,True,False,False,False,False
197,T,Im interested in,Gang of Four_Grade 4.xlsx,False,False,True,False,False,False,False
197,T,Okay,Gang of Four_Grade 4.xlsx,False,False,True,False,False,False,False
197,T,Milin  actually drew pictures or Michelle drew these pictures,Gang of Four_Grade 4.xlsx,False,False,True,False,False,False,False
197,T,Right,Gang of Four_Grade 4.xlsx,False,False,True,False,False,False,False
197,T,Did you draw this Michelle or Milin,Gang of Four_Grade 4.xlsx,False,True,False,False,False,False,False
197,T,You draw  pictures of what these towers are going to look like,Gang of Four_Grade 4.xlsx,False,False,True,False,False,False,False
197,T,And see  thats not really quite the same,Gang of Four_Grade 4.xlsx,False,False,True,False,False,False,False
197,T,Thats interesting,Gang of Four_Grade 4.xlsx,False,False,True,False,False,False,False
198,S,But thats what we did,Gang of Four_Grade 4.xlsx,False,False,False,False,False,False,False
198,S,Thats what she did,Gang of Four_Grade 4.xlsx,False,False,False,False,False,False,False
198,S,She did,Gang of Four_Grade 4.xlsx,False,False,False,False,False,False,False
199,S,So you could do it anyway but see theyre just put together,Gang of Four_Grade 4.xlsx,False,False,False,False,False,False,False
200,T,Now what I think Milin is asking us all to do is is to  imagine in front of us can you all see in front of you the  towers of 2 that are these colors,Gang of Four_Grade 4.xlsx,False,True,False,False,False,False,False
200,T,Can you all imagine that in  your mind,Gang of Four_Grade 4.xlsx,False,True,False,False,False,False,False
200,T,Can you see the first one,Gang of Four_Grade 4.xlsx,False,True,False,False,False,False,False
200,T,Red on the bottom,Gang of Four_Grade 4.xlsx,False,True,False,False,False,False,False
200,T,Blue on top,Gang of Four_Grade 4.xlsx,False,True,False,False,False,False,False
200,T,Do you see that in your mind in the middle of  the table there,Gang of Four_Grade 4.xlsx,False,True,False,False,False,False,False
200,T,Can you see it,Gang of Four_Grade 4.xlsx,False,True,False,False,False,False,False
200,T,The other one blue on the  bottom red on the top,Gang of Four_Grade 4.xlsx,False,False,True,False,False,False,False
200,T,I see these 4 towers,Gang of Four_Grade 4.xlsx,False,False,True,False,False,False,False
200,T,Now Milin is  calling our attention to this first tower,Gang of Four_Grade 4.xlsx,False,False,True,False,False,False,False
200,T,Right,Gang of Four_Grade 4.xlsx,False,False,True,False,False,False,False
200,T,Red on the  bottom and blue on the top,Gang of Four_Grade 4.xlsx,False,False,True,False,False,False,False
200,T,And what is he asking us to do  with it,Gang of Four_Grade 4.xlsx,False,False,False,True,False,False,False
202,T,Right put another blue,Gang of Four_Grade 4.xlsx,False,False,False,False,False,False,True
202,T,Now can you draw a picture of  what that tower will looks like of 3,Gang of Four_Grade 4.xlsx,False,False,True,False,False,False,False
202,T,This is a tower of 3,Gang of Four_Grade 4.xlsx,False,False,True,False,False,False,False
202,T,Hes putting another blue,Gang of Four_Grade 4.xlsx,False,False,True,False,False,False,False
202,T,Now he chooses to put it on the  top or bottom Milin,Gang of Four_Grade 4.xlsx,False,False,False,True,False,False,False
202,T,Next question well ask of you,Gang of Four_Grade 4.xlsx,False,False,True,False,False,False,False
203,S,See you put a blue here or  you could put a red there and this one  you could put this way,Gang of Four_Grade 4.xlsx,False,False,False,False,False,False,False
203,S,You could put a red instead of the  blue,Gang of Four_Grade 4.xlsx,False,False,False,False,False,False,False
204,T,Okay Milin can you show us in the middle here what you  just did with that one tower,Gang of Four_Grade 4.xlsx,False,False,False,True,False,False,False
204,T,Thank you,Gang of Four_Grade 4.xlsx,False,False,True,False,False,False,False
205,S,See from this towers right,Gang of Four_Grade 4.xlsx,False,False,False,False,False,False,False
206,T,From from this one tower,Gang of Four_Grade 4.xlsx,False,True,False,False,False,False,False
207,S,See so I put the blue here the red here on top of it so its  like this,Gang of Four_Grade 4.xlsx,False,False,False,False,False,False,False
207,S,And then I added one more,Gang of Four_Grade 4.xlsx,False,False,False,False,False,False,False
207,S,That would be red,Gang of Four_Grade 4.xlsx,False,False,False,False,False,False,False
207,S,But  then I did like this blue,Gang of Four_Grade 4.xlsx,False,False,False,False,False,False,False
207,S,Then I put the red back on top of it,Gang of Four_Grade 4.xlsx,False,False,False,False,False,False,False
207,S,Then I put a blue because theres only 2 colors and I all  ready,Gang of Four_Grade 4.xlsx,False,False,False,False,False,False,False
208,T,So what youre what youre telling me here if I could if I  could make my picture if I were doing what Milin asked me  to do where we had a blue and red what hes telling me to  do is hes saying from this tower Im going to put a blue on  the top,Gang of Four_Grade 4.xlsx,False,False,False,False,False,False,True
209,S,Or red,Gang of Four_Grade 4.xlsx,False,False,False,False,False,False,False
210,T,Or from this tower Im going to put a red on the top,Gang of Four_Grade 4.xlsx,False,False,False,False,False,False,True
210,T,Is that what youre telling me to do,Gang of Four_Grade 4.xlsx,False,True,False,False,False,False,False
210,T,So from this  tower we get these two,Gang of Four_Grade 4.xlsx,False,True,False,False,False,False,False
210,T,Is that what,Gang of Four_Grade 4.xlsx,False,False,True,False,False,False,False
211,S,Yeah and for each one you keep on doing that and for 6 you  get 64,Gang of Four_Grade 4.xlsx,False,False,False,False,False,False,False
212,T,Does that make any sense,Gang of Four_Grade 4.xlsx,False,True,False,False,False,False,False
213,S,It followed a pattern to 5 why cant it  follow a pattern to 6,Gang of Four_Grade 4.xlsx,False,False,False,False,False,False,False
214,T,I guess what what Im confused about Jeff is you took this  one with blue and red and you only put a blue on the top,Gang of Four_Grade 4.xlsx,False,False,True,False,False,False,False
214,T,And youve only done youve only made this one,Gang of Four_Grade 4.xlsx,False,False,True,False,False,False,False
214,T,Milin is  telling you could also make this one,Gang of Four_Grade 4.xlsx,False,False,True,False,False,False,False
214,T,That you couldve  put,Gang of Four_Grade 4.xlsx,False,False,True,False,False,False,False
215,S,But I made that,Gang of Four_Grade 4.xlsx,False,False,False,False,False,False,False
216,T,Where is that,Gang of Four_Grade 4.xlsx,False,False,False,True,False,False,False
216,T,Red on the bottom blue,Gang of Four_Grade 4.xlsx,False,False,True,False,False,False,False
217,S,Red,Gang of Four_Grade 4.xlsx,False,False,False,False,False,False,False
218,T,From this one you couldve put two things on the top,Gang of Four_Grade 4.xlsx,False,False,True,False,False,False,False
218,T,You  only put one,Gang of Four_Grade 4.xlsx,False,False,True,False,False,False,False
218,T,From this one you could,Gang of Four_Grade 4.xlsx,False,False,True,False,False,False,False
219,S,Okay I understand,Gang of Four_Grade 4.xlsx,False,False,False,False,False,False,False
220,T,Does that make sense what hes talking about,Gang of Four_Grade 4.xlsx,False,True,False,False,False,False,False
220,T,And hes  saying so from these 4,Gang of Four_Grade 4.xlsx,False,False,True,False,False,False,False
221,S,You could make 8,Gang of Four_Grade 4.xlsx,False,False,False,False,False,False,False
222,T,So tell me now convince Jeff why its going to be 8   why  its going to be double,Gang of Four_Grade 4.xlsx,False,False,False,False,True,False,False
223,S,Convinced,Gang of Four_Grade 4.xlsx,False,False,False,False,False,False,False
224,S,I all ready figured it out with this,Gang of Four_Grade 4.xlsx,False,False,False,False,False,False,False
225,T,And whats different about the way you did it Michelle,Gang of Four_Grade 4.xlsx,False,False,False,True,False,False,False
226,S,I just I just I didnt do it the way Milin did it,Gang of Four_Grade 4.xlsx,False,False,False,False,False,False,False
226,S,I just made  them out and I didnt find any that werent the same,Gang of Four_Grade 4.xlsx,False,False,False,False,False,False,False
227,T,Thats not what Milin did,Gang of Four_Grade 4.xlsx,False,False,True,False,False,False,False
227,T,He did something very different,Gang of Four_Grade 4.xlsx,False,False,True,False,False,False,False
227,T,How about you Steph,Gang of Four_Grade 4.xlsx,False,False,False,True,False,False,False
228,S,I found it like this,Gang of Four_Grade 4.xlsx,False,False,False,False,False,False,False
228,S,I drew my lines,Gang of Four_Grade 4.xlsx,False,False,False,False,False,False,False
228,S,And then I went redred red blueblueblue blueredblue redblueblue blueblue red redredblue redbluered blueredred,Gang of Four_Grade 4.xlsx,False,False,False,False,False,False,False
229,T,Is yours different than the way Milin did it,Gang of Four_Grade 4.xlsx,False,True,False,False,False,False,False
230,S,Yes,Gang of Four_Grade 4.xlsx,False,False,False,False,False,False,False
231,S,Well yes,Gang of Four_Grade 4.xlsx,False,False,False,False,False,False,False
232,T,In what way,Gang of Four_Grade 4.xlsx,False,False,False,True,False,False,False
233,S,He built his towers up like this,Gang of Four_Grade 4.xlsx,False,False,False,False,False,False,False
233,S,He went red blue red blue  red blue and so on,Gang of Four_Grade 4.xlsx,False,False,False,False,False,False,False
234,T,I didnt see him do that,Gang of Four_Grade 4.xlsx,False,False,True,False,False,False,False
235,S,Michelle did it like that,Gang of Four_Grade 4.xlsx,False,False,False,False,False,False,False
236,T,Thats not what he did,Gang of Four_Grade 4.xlsx,False,False,True,False,False,False,False
236,T,He started with red and blue,Gang of Four_Grade 4.xlsx,False,False,True,False,False,False,False
236,T,Right,Gang of Four_Grade 4.xlsx,False,False,True,False,False,False,False
236,T,And from this red,Gang of Four_Grade 4.xlsx,False,False,True,False,False,False,False
237,S,I put a red,Gang of Four_Grade 4.xlsx,False,False,False,False,False,False,False
238,S,He put like,Gang of Four_Grade 4.xlsx,False,False,False,False,False,False,False
239,T,He put a red on top,Gang of Four_Grade 4.xlsx,False,False,True,False,False,False,False
240,S,And a blue one thats like,Gang of Four_Grade 4.xlsx,False,False,False,False,False,False,False
241,T,You put a red on top,Gang of Four_Grade 4.xlsx,False,False,True,False,False,False,False
241,T,And a blue on top,Gang of Four_Grade 4.xlsx,False,False,False,False,False,False,True
241,T,So weve got blue  red red red,Gang of Four_Grade 4.xlsx,False,False,True,False,False,False,False
241,T,And from the blue,Gang of Four_Grade 4.xlsx,False,False,True,False,False,False,False
242,S,I did the same thing,Gang of Four_Grade 4.xlsx,False,False,False,False,False,False,False
243,T,A red on top,Gang of Four_Grade 4.xlsx,False,False,True,False,False,False,False
243,T,Thats how he got his redblue,Gang of Four_Grade 4.xlsx,False,False,True,False,False,False,False
243,T,And then he  put a blue on top and got blueblue,Gang of Four_Grade 4.xlsx,False,False,True,False,False,False,False
244,S,But thats like what hes like thats whats different from  mine,Gang of Four_Grade 4.xlsx,False,False,False,False,False,False,False
244,S,I just like took the things and went like I just took one  and went,Gang of Four_Grade 4.xlsx,False,False,False,False,False,False,False
245,S,And kept on going,Gang of Four_Grade 4.xlsx,False,False,False,False,False,False,False
246,S,Heres one redredred blueblueblue,Gang of Four_Grade 4.xlsx,False,False,False,False,False,False,False
246,S,And then Id go like  redblueblue brb,Gang of Four_Grade 4.xlsx,False,False,False,False,False,False,False
247,T,So what Im hearing you say is that youre just you  believe this 8 but you say guessing,Gang of Four_Grade 4.xlsx,False,False,True,False,False,False,False
247,T,Why does  that sound like guessing,Gang of Four_Grade 4.xlsx,False,False,False,False,True,False,False
248,S,Because what if you could make more,Gang of Four_Grade 4.xlsx,False,False,False,False,False,False,False
249,S,Okay this is the 3 high right,Gang of Four_Grade 4.xlsx,False,False,False,False,False,False,False
249,S,And youre convinced you  could make 8,Gang of Four_Grade 4.xlsx,False,False,False,False,False,False,False
249,S,Im convinced I could make 8,Gang of Four_Grade 4.xlsx,False,False,False,False,False,False,False
250,T,Yeah but you havent hes proved to me from the 4 you  could only make 8,Gang of Four_Grade 4.xlsx,False,False,True,False,False,False,False
250,T,You could get two from this one and  two from this one and two from this one and two from this  one,Gang of Four_Grade 4.xlsx,False,False,True,False,False,False,False
251,S,But could you convince her,Gang of Four_Grade 4.xlsx,False,False,False,False,False,False,False
252,S,Michelle,Gang of Four_Grade 4.xlsx,False,False,False,False,False,False,False
252,S,Him,Gang of Four_Grade 4.xlsx,False,False,False,False,False,False,False
253,S,No her,Gang of Four_Grade 4.xlsx,False,False,False,False,False,False,False
254,S,Her,Gang of Four_Grade 4.xlsx,False,False,False,False,False,False,False
255,S,Yeah,Gang of Four_Grade 4.xlsx,False,False,False,False,False,False,False
256,S,All right,Gang of Four_Grade 4.xlsx,False,False,False,False,False,False,False
256,S,Ive done this before,Gang of Four_Grade 4.xlsx,False,False,False,False,False,False,False
256,S,Okay,Gang of Four_Grade 4.xlsx,False,False,False,False,False,False,False
257,T,Take another piece of paper if you want to because it sounds  like your approach is a little different,Gang of Four_Grade 4.xlsx,False,False,True,False,False,False,False
258,S,Okay,Gang of Four_Grade 4.xlsx,False,False,False,False,False,False,False
259,T,You gotta convince me there are 8 and only 8,Gang of Four_Grade 4.xlsx,False,False,True,False,False,False,False
259,T,No more or  fewer,Gang of Four_Grade 4.xlsx,False,False,True,False,False,False,False
260,S,Whoa,Gang of Four_Grade 4.xlsx,False,False,False,False,False,False,False
260,S,You do draw big,Gang of Four_Grade 4.xlsx,False,False,False,False,False,False,False
261,T,Now now Jeff this is this might be a little different here,Gang of Four_Grade 4.xlsx,False,False,True,False,False,False,False
261,T,Lets see whats going on here,Gang of Four_Grade 4.xlsx,False,False,True,False,False,False,False
262,S,Okay first you have without any blue,Gang of Four_Grade 4.xlsx,False,False,False,False,False,False,False
262,S,With just red,Gang of Four_Grade 4.xlsx,False,False,False,False,False,False,False
262,S,RRR,Gang of Four_Grade 4.xlsx,False,False,False,False,False,False,False
263,T,Okay no blues,Gang of Four_Grade 4.xlsx,False,False,True,False,False,False,False
264,S,Then you have with one blue,Gang of Four_Grade 4.xlsx,False,False,False,False,False,False,False
265,T,Okay,Gang of Four_Grade 4.xlsx,False,False,True,False,False,False,False
266,S,BRR Or RBR Or RRB,Gang of Four_Grade 4.xlsx,False,False,False,False,False,False,False
267,T,Anything else,Gang of Four_Grade 4.xlsx,False,False,False,True,False,False,False
268,S,And you would do the same pattern for everything else,Gang of Four_Grade 4.xlsx,False,False,False,False,False,False,False
269,S,No not with the blue,Gang of Four_Grade 4.xlsx,False,False,False,False,False,False,False
269,S,Not with one blue,Gang of Four_Grade 4.xlsx,False,False,False,False,False,False,False
270,S,You would you would do it with the one red and two  blues,Gang of Four_Grade 4.xlsx,False,False,False,False,False,False,False
271,S,You would alternate like,Gang of Four_Grade 4.xlsx,False,False,False,False,False,False,False
272,S,You would do it the other way around,Gang of Four_Grade 4.xlsx,False,False,False,False,False,False,False
273,T,Thats not what she said,Gang of Four_Grade 4.xlsx,False,False,True,False,False,False,False
273,T,Let her finish,Gang of Four_Grade 4.xlsx,False,True,False,False,False,False,False
273,T,Thats what you  would do,Gang of Four_Grade 4.xlsx,False,False,True,False,False,False,False
273,T,Lets hear what Stephanie does,Gang of Four_Grade 4.xlsx,False,True,False,False,False,False,False
273,T,Maybe shes not  the same,Gang of Four_Grade 4.xlsx,False,False,True,False,False,False,False
274,S,Well theres no more of these because if you had to go  down the other one youd have to have another,Gang of Four_Grade 4.xlsx,False,False,False,False,False,False,False
274,S,But okay,Gang of Four_Grade 4.xlsx,False,False,False,False,False,False,False
275,T,You buy that,Gang of Four_Grade 4.xlsx,True,False,False,False,False,False,False
275,T,Thats all there is of those,Gang of Four_Grade 4.xlsx,False,True,False,False,False,False,False
275,T,Okay,Gang of Four_Grade 4.xlsx,False,False,True,False,False,False,False
276,S,Then you have with 3 blues,Gang of Four_Grade 4.xlsx,False,False,False,False,False,False,False
276,S,Well no not with 3 blues,Gang of Four_Grade 4.xlsx,False,False,False,False,False,False,False
276,S,Ill  go like that,Gang of Four_Grade 4.xlsx,False,False,False,False,False,False,False
277,T,You have no blues and now you have exactly one blue,Gang of Four_Grade 4.xlsx,False,False,True,False,False,False,False
278,S,Okay,Gang of Four_Grade 4.xlsx,False,False,False,False,False,False,False
278,S,Now you have exactly 2 blues,Gang of Four_Grade 4.xlsx,False,False,False,False,False,False,False
278,S,Wait wait actually  yeah thats what I did last time because I did it back with 2  things,Gang of Four_Grade 4.xlsx,False,False,False,False,False,False,False
279,T,Okay lets see that,Gang of Four_Grade 4.xlsx,False,False,True,False,False,False,False
280,S,Then with 3 blues,Gang of Four_Grade 4.xlsx,False,False,False,False,False,False,False
281,S,Which is,Gang of Four_Grade 4.xlsx,False,False,False,False,False,False,False
282,S,Then you get every single one,Gang of Four_Grade 4.xlsx,False,False,False,False,False,False,False
283,S,You could put BBR You could put RBB,Gang of Four_Grade 4.xlsx,False,False,False,False,False,False,False
284,S,You could put BRB,Gang of Four_Grade 4.xlsx,False,False,False,False,False,False,False
284,S,You could put,Gang of Four_Grade 4.xlsx,False,False,False,False,False,False,False
285,S,Yeah but thats not what Im doing,Gang of Four_Grade 4.xlsx,False,False,False,False,False,False,False
285,S,Im doing it so that  theyre stuck together,Gang of Four_Grade 4.xlsx,False,False,False,False,False,False,False
286,S,There should be one with one red,Gang of Four_Grade 4.xlsx,False,False,False,False,False,False,False
286,S,Then you could make it  up and then theres one with two reds and theres one with 3  reds,Gang of Four_Grade 4.xlsx,False,False,False,False,False,False,False
287,S,Ahh but see you did the same thing but theres blue,Gang of Four_Grade 4.xlsx,False,False,False,False,False,False,False
288,S,Theres all reds,Gang of Four_Grade 4.xlsx,False,False,False,False,False,False,False
288,S,And then theres 3 reds 2 reds,Gang of Four_Grade 4.xlsx,False,False,False,False,False,False,False
288,S,There  should be one with one red,Gang of Four_Grade 4.xlsx,False,False,False,False,False,False,False
288,S,And then you change it to blue,Gang of Four_Grade 4.xlsx,False,False,False,False,False,False,False
289,S,Well thats not how I do it,Gang of Four_Grade 4.xlsx,False,False,False,False,False,False,False
290,T,Lets hear how how Steph well hear well hear that other  way,Gang of Four_Grade 4.xlsx,False,True,False,False,False,False,False
290,T,Thats interesting,Gang of Four_Grade 4.xlsx,False,False,True,False,False,False,False
290,T,Okay now so what youve done so  far is,Gang of Four_Grade 4.xlsx,False,False,False,True,False,False,False
291,S,One blue,Gang of Four_Grade 4.xlsx,False,False,False,False,False,False,False
291,S,Two blue,Gang of Four_Grade 4.xlsx,False,False,False,False,False,False,False
292,T,Okay,Gang of Four_Grade 4.xlsx,False,False,True,False,False,False,False
292,T,No blues,Gang of Four_Grade 4.xlsx,False,False,True,False,False,False,False
293,S,One blue,Gang of Four_Grade 4.xlsx,False,False,False,False,False,False,False
293,S,Two blue,Gang of Four_Grade 4.xlsx,False,False,False,False,False,False,False
294,T,One blue and two blues,Gang of Four_Grade 4.xlsx,False,False,False,False,False,False,True
294,T,But Milin just said you dont have  all two blues and you said thats why is that,Gang of Four_Grade 4.xlsx,False,False,False,False,True,False,False
295,S,Okay show me another 2 blue,Gang of Four_Grade 4.xlsx,False,False,False,False,False,False,False
295,S,With  them stuck together because thats what Im doing it,Gang of Four_Grade 4.xlsx,False,False,False,False,False,False,False
296,S,In that case,Gang of Four_Grade 4.xlsx,False,False,False,False,False,False,False
297,T,Okay now what are you doing Stephanie,Gang of Four_Grade 4.xlsx,False,False,False,True,False,False,False
298,S,But but if you just had 2 blues and they werent stuck  together you could,Gang of Four_Grade 4.xlsx,False,False,False,False,False,False,False
299,S,But thats what Im doing Im doing the blues stuck  together,Gang of Four_Grade 4.xlsx,False,False,False,False,False,False,False
300,T,Okay,Gang of Four_Grade 4.xlsx,False,False,True,False,False,False,False
301,S,Then we had 3 blues that you could only make one of,Gang of Four_Grade 4.xlsx,False,False,False,False,False,False,False
301,S,Then   you want 2 blues stuck apart not stuck apart took apart,Gang of Four_Grade 4.xlsx,False,False,False,False,False,False,False
302,T,Separated,Gang of Four_Grade 4.xlsx,False,True,False,False,False,False,False
303,S,Yeah separated,Gang of Four_Grade 4.xlsx,False,False,False,False,False,False,False
303,S,And you can go blue red red  do I have  that,Gang of Four_Grade 4.xlsx,False,False,False,False,False,False,False
303,S,No,Gang of Four_Grade 4.xlsx,False,False,False,False,False,False,False
303,S,Blue,Gang of Four_Grade 4.xlsx,False,False,False,False,False,False,False
304,T,Okay so Milin wanted to stick that in earlier I thought and Michelle right,Gang of Four_Grade 4.xlsx,False,True,False,False,False,False,False
305,S,When you were doing 2 blues,Gang of Four_Grade 4.xlsx,False,False,False,False,False,False,False
305,S,You wanted  that stuck,Gang of Four_Grade 4.xlsx,False,False,False,False,False,False,False
306,S,Because see look at this,Gang of Four_Grade 4.xlsx,False,False,False,False,False,False,False
306,S,For 2 reds and one blue,Gang of Four_Grade 4.xlsx,False,False,False,False,False,False,False
306,S,Two  reds,Gang of Four_Grade 4.xlsx,False,False,False,False,False,False,False
307,S,And thats stuck together here for 2 reds,Gang of Four_Grade 4.xlsx,False,False,False,False,False,False,False
308,S,Yeah so youre following no pattern,Gang of Four_Grade 4.xlsx,False,False,False,False,False,False,False
309,S,And you have more stuck together here,Gang of Four_Grade 4.xlsx,False,False,False,False,False,False,False
310,S,Well youre following your pattern,Gang of Four_Grade 4.xlsx,False,False,False,False,False,False,False
310,S,But my pattern goes no  red one red,Gang of Four_Grade 4.xlsx,False,False,False,False,False,False,False
310,S,This was not meant to be like that,Gang of Four_Grade 4.xlsx,False,False,False,False,False,False,False
310,S,Thats not,Gang of Four_Grade 4.xlsx,False,False,False,False,False,False,False
310,S,Its in the category of one blue,Gang of Four_Grade 4.xlsx,False,False,False,False,False,False,False
310,S,That,Gang of Four_Grade 4.xlsx,False,False,False,False,False,False,False
310,S,I could stick that some  place in another category,Gang of Four_Grade 4.xlsx,False,False,False,False,False,False,False
310,S,But I want this to be in the  category of one blue,Gang of Four_Grade 4.xlsx,False,False,False,False,False,False,False
310,S,Not in the category of the opposite of  this one,Gang of Four_Grade 4.xlsx,False,False,False,False,False,False,False
310,S,And then I have this one the redredblue,Gang of Four_Grade 4.xlsx,False,False,False,False,False,False,False
310,S,So to  you that you might put that way at the end of the line,Gang of Four_Grade 4.xlsx,False,False,False,False,False,False,False
310,S,But I  put it right here,Gang of Four_Grade 4.xlsx,False,False,False,False,False,False,False
311,S,I have a question,Gang of Four_Grade 4.xlsx,False,False,False,False,False,False,False
311,S,Do you have to make a pattern,Gang of Four_Grade 4.xlsx,False,False,False,False,False,False,False
313,S,No,Gang of Four_Grade 4.xlsx,False,False,False,False,False,False,False
314,S,Well then why is everybody going by a pattern,Gang of Four_Grade 4.xlsx,False,False,False,False,False,False,False
315,S,Because we liked it,Gang of Four_Grade 4.xlsx,False,False,False,False,False,False,False
316,S,Yeah its easier,Gang of Four_Grade 4.xlsx,False,False,False,False,False,False,False
317,S,Its easier,Gang of Four_Grade 4.xlsx,False,False,False,False,False,False,False
318,S,Because its easier than just going oohooh,Gang of Four_Grade 4.xlsx,False,False,False,False,False,False,False
319,S,Because if you because if you because if you just keep on  guessing like that youre not sure if theres going to be  more,Gang of Four_Grade 4.xlsx,False,False,False,False,False,False,False
320,S,Stephanie Its easier maybe like Shelly and Milins pattern was to go  put this in a different category,Gang of Four_Grade 4.xlsx,False,False,False,False,False,False,False
321,S,I know their patterns,Gang of Four_Grade 4.xlsx,False,False,False,False,False,False,False
322,S,Okay but what Im saying is that its that its just easier to  work with a pattern,Gang of Four_Grade 4.xlsx,False,False,False,False,False,False,False
323,S,Oh heres another one,Gang of Four_Grade 4.xlsx,False,False,False,False,False,False,False
323,S,Lets see,Gang of Four_Grade 4.xlsx,False,False,False,False,False,False,False
324,S,Yeah Ill put that in,Gang of Four_Grade 4.xlsx,False,False,False,False,False,False,False
325,S,Because you might have a duplicate,Gang of Four_Grade 4.xlsx,False,False,False,False,False,False,False
325,S,And and you may not  know,Gang of Four_Grade 4.xlsx,False,False,False,False,False,False,False
326,S,Its harder to check,Gang of Four_Grade 4.xlsx,False,False,False,False,False,False,False
326,S,Its harder to check just having them  like come up from out of the blue,Gang of Four_Grade 4.xlsx,False,False,False,False,False,False,False
327,S,Then just going like this and getting 2 from,Gang of Four_Grade 4.xlsx,False,False,False,False,False,False,False
328,S,How do you know theres different things in the pattern,Gang of Four_Grade 4.xlsx,False,False,False,False,False,False,False
329,S,Since see look at this,Gang of Four_Grade 4.xlsx,False,False,False,False,False,False,False
329,S,These are all different right,Gang of Four_Grade 4.xlsx,False,False,False,False,False,False,False
330,S,I see that,Gang of Four_Grade 4.xlsx,False,False,False,False,False,False,False
330,S,Yeah,Gang of Four_Grade 4.xlsx,False,False,False,False,False,False,False
331,S,Yeah see,Gang of Four_Grade 4.xlsx,False,False,False,False,False,False,False
331,S,From this right you can make two more so  because here theres a bluered and then a blue red,Gang of Four_Grade 4.xlsx,False,False,False,False,False,False,False
332,S,Because because theres only 2 colors more so you know  you cant make more,Gang of Four_Grade 4.xlsx,False,False,False,False,False,False,False
332,S,Yeah so,Gang of Four_Grade 4.xlsx,False,False,False,False,False,False,False
333,S,And then theres red I mean blueredred,Gang of Four_Grade 4.xlsx,False,False,False,False,False,False,False
333,S,And you cant  make anymore on this one so you go onto the next one,Gang of Four_Grade 4.xlsx,False,False,False,False,False,False,False
334,S,All right and then,Gang of Four_Grade 4.xlsx,False,False,False,False,False,False,False
335,S,How do you know you cant make any more from that,Gang of Four_Grade 4.xlsx,False,False,False,False,False,False,False
336,S,Because,Gang of Four_Grade 4.xlsx,False,False,False,False,False,False,False
337,S,Because theres not any more color,Gang of Four_Grade 4.xlsx,False,False,False,False,False,False,False
338,S,Look,Gang of Four_Grade 4.xlsx,False,False,False,False,False,False,False
338,S,Okay,Gang of Four_Grade 4.xlsx,False,False,False,False,False,False,False
338,S,Start here,Gang of Four_Grade 4.xlsx,False,False,False,False,False,False,False
338,S,Start here,Gang of Four_Grade 4.xlsx,False,False,False,False,False,False,False
338,S,Okay,Gang of Four_Grade 4.xlsx,False,False,False,False,False,False,False
338,S,You have the 3  together,Gang of Four_Grade 4.xlsx,False,False,False,False,False,False,False
338,S,The one 1 blue,Gang of Four_Grade 4.xlsx,False,False,False,False,False,False,False
338,S,You have the 1 blue,Gang of Four_Grade 4.xlsx,False,False,False,False,False,False,False
338,S,How could I  build another one blue,Gang of Four_Grade 4.xlsx,False,False,False,False,False,False,False
339,S,You you cant,Gang of Four_Grade 4.xlsx,False,False,False,False,False,False,False
340,S,All right,Gang of Four_Grade 4.xlsx,False,False,False,False,False,False,False
340,S,So Ive convinced you that theres no more 1 blue,Gang of Four_Grade 4.xlsx,False,False,False,False,False,False,False
341,S,right,Gang of Four_Grade 4.xlsx,False,False,False,False,False,False,False
342,S,But if you didnt have that pattern it would be harder to  convince you,Gang of Four_Grade 4.xlsx,False,False,False,False,False,False,False
343,S,If I went Ill put this one blue over here,Gang of Four_Grade 4.xlsx,False,False,False,False,False,False,False
343,S,And that blue will  itll be on another piece of paper,Gang of Four_Grade 4.xlsx,False,False,False,False,False,False,False
343,S,However that goes,Gang of Four_Grade 4.xlsx,False,False,False,False,False,False,False
344,S,Yeah but you can make a blue different what if you go  like this,Gang of Four_Grade 4.xlsx,False,False,False,False,False,False,False
345,S,Thats if you have 4,Gang of Four_Grade 4.xlsx,False,False,False,False,False,False,False
346,S,If you go like this,Gang of Four_Grade 4.xlsx,False,False,False,False,False,False,False
346,S,You can go rrb or you can go brr  Red,Gang of Four_Grade 4.xlsx,False,False,False,False,False,False,False
347,S,Thats what I have,Gang of Four_Grade 4.xlsx,False,False,False,False,False,False,False
347,S,No,Gang of Four_Grade 4.xlsx,False,False,False,False,False,False,False
348,S,No,Gang of Four_Grade 4.xlsx,False,False,False,False,False,False,False
348,S,Theyre all theyre all different,Gang of Four_Grade 4.xlsx,False,False,False,False,False,False,False
348,S,You can do,Gang of Four_Grade 4.xlsx,False,False,False,False,False,False,False
349,S,What Im saying is this is 1 blue,Gang of Four_Grade 4.xlsx,False,False,False,False,False,False,False
349,S,This is one blue,Gang of Four_Grade 4.xlsx,False,False,False,False,False,False,False
350,S,Yeah but theres 2 more different with one blue,Gang of Four_Grade 4.xlsx,False,False,False,False,False,False,False
351,S,Yeah,Gang of Four_Grade 4.xlsx,False,False,False,False,False,False,False
351,S,There is,Gang of Four_Grade 4.xlsx,False,False,False,False,False,False,False
352,S,No but only on the bottom,Gang of Four_Grade 4.xlsx,False,False,False,False,False,False,False
353,S,Look but I have those three,Gang of Four_Grade 4.xlsx,False,False,False,False,False,False,False
353,S,Look,Gang of Four_Grade 4.xlsx,False,False,False,False,False,False,False
353,S,Brr rbr rrb but  then how am I supposed to make another one once that blue  got down to my last block,Gang of Four_Grade 4.xlsx,False,False,False,False,False,False,False
354,S,Okay,Gang of Four_Grade 4.xlsx,False,False,False,False,False,False,False
355,S,Okay,Gang of Four_Grade 4.xlsx,False,False,False,False,False,False,False
355,S,So Ive convinced you theres no more 1 blue,Gang of Four_Grade 4.xlsx,False,False,False,False,False,False,False
,S,Yeah,Gang of Four_Grade 4.xlsx,False,False,False,False,False,False,False
355,S,All right now,Gang of Four_Grade 4.xlsx,False,False,False,False,False,False,False
356,S,Then you have to go to 2 blue,Gang of Four_Grade 4.xlsx,False,False,False,False,False,False,False
357,S,Two blue,Gang of Four_Grade 4.xlsx,False,False,False,False,False,False,False
357,S,Heres one right,Gang of Four_Grade 4.xlsx,False,False,False,False,False,False,False
357,S,2 blue,Gang of Four_Grade 4.xlsx,False,False,False,False,False,False,False
357,S,We have one bbr  then we have rbb,Gang of Four_Grade 4.xlsx,False,False,False,False,False,False,False
357,S,How am I supposed to make another  one,Gang of Four_Grade 4.xlsx,False,False,False,False,False,False,False
358,S,Brb,Gang of Four_Grade 4.xlsx,False,False,False,False,False,False,False
359,S,No this is the other,Gang of Four_Grade 4.xlsx,False,False,False,False,False,False,False
359,S,Milin gave me that same argument,Gang of Four_Grade 4.xlsx,False,False,False,False,False,False,False
360,S,She means she means together,Gang of Four_Grade 4.xlsx,False,False,False,False,False,False,False
361,S,But the thing is it doesnt matter,Gang of Four_Grade 4.xlsx,False,False,False,False,False,False,False
362,S,I dont,Gang of Four_Grade 4.xlsx,False,False,False,False,False,False,False
363,S,No she means stuck together,Gang of Four_Grade 4.xlsx,False,False,False,False,False,False,False
364,S,Stuck together that means like okay I took,Gang of Four_Grade 4.xlsx,False,False,False,False,False,False,False
365,S,I know,Gang of Four_Grade 4.xlsx,False,False,False,False,False,False,False
366,S,Okay so can I make any more of that kind,Gang of Four_Grade 4.xlsx,False,False,False,False,False,False,False
367,S,Then you have to move to three which you can only make  1,Gang of Four_Grade 4.xlsx,False,False,False,False,False,False,False
368,S,Yeah you can only make 1 and then you could make the 3  without blue and where theres 3 red,Gang of Four_Grade 4.xlsx,False,False,False,False,False,False,False
369,S,Then you can make 2 split apart,Gang of Four_Grade 4.xlsx,False,False,False,False,False,False,False
370,S,Two split apart which you can only make 1 of,Gang of Four_Grade 4.xlsx,False,False,False,False,False,False,False
370,S,And then  you could make you could find the opposites right in the  same group,Gang of Four_Grade 4.xlsx,False,False,False,False,False,False,False
370,S,All right so then Ive convinced  you that theres only 8,Gang of Four_Grade 4.xlsx,False,False,False,False,False,False,False
371,S,Yeah,Gang of Four_Grade 4.xlsx,False,False,False,False,False,False,False
371,S,Yes,Gang of Four_Grade 4.xlsx,False,False,False,False,False,False,False
372,T,How many if youre making towers of 4,Gang of Four_Grade 4.xlsx,False,False,False,True,False,False,False
375,S,16,Gang of Four_Grade 4.xlsx,False,False,False,False,False,False,False
376,T,You agree Jeff,Gang of Four_Grade 4.xlsx,True,False,False,False,False,False,False
377,S,Yeah,Gang of Four_Grade 4.xlsx,False,False,False,False,False,False,False
378,S,Because you have,Gang of Four_Grade 4.xlsx,False,False,False,False,False,False,False
379,T,Jeff why do you agree,Gang of Four_Grade 4.xlsx,True,False,False,False,False,False,False
379,T,Dont let them go by so easily,Gang of Four_Grade 4.xlsx,False,False,True,False,False,False,False
379,T,This  could be pressure here,Gang of Four_Grade 4.xlsx,False,False,True,False,False,False,False
380,S,See look its because say you add a red or a blue you can  add a red or blue here,Gang of Four_Grade 4.xlsx,False,False,False,False,False,False,False
381,T,Make a drawing for your sentence showing it,Gang of Four_Grade 4.xlsx,False,False,True,False,False,False,False
382,S,I understand because you can only you could put,Gang of Four_Grade 4.xlsx,False,False,False,False,False,False,False
383,S,Put 2 colors here you could put 2 colors there,Gang of Four_Grade 4.xlsx,False,False,False,False,False,False,False
383,S,You can keep on going,Gang of Four_Grade 4.xlsx,False,False,False,False,False,False,False
384,S,You can keep doing 2 colors for each one and thats,Gang of Four_Grade 4.xlsx,False,False,False,False,False,False,False
385,S,246810121416,Gang of Four_Grade 4.xlsx,False,False,False,False,False,False,False
386,T,And so thats for towers of,Gang of Four_Grade 4.xlsx,False,False,False,True,False,False,False
387,S,4,Gang of Four_Grade 4.xlsx,False,False,False,False,False,False,False
388,S,My guess is 16 but,Gang of Four_Grade 4.xlsx,False,False,False,False,False,False,False
389,S,We all ready got 16,Gang of Four_Grade 4.xlsx,False,False,False,False,False,False,False
390,S,Why why did she say in the beginning of the whole thing  that 12,Gang of Four_Grade 4.xlsx,False,False,False,False,False,False,False
391,S,This,Gang of Four_Grade 4.xlsx,False,False,False,False,False,False,False
392,S,Its its like its like,Gang of Four_Grade 4.xlsx,False,False,False,False,False,False,False
393,T,Why did you say 12 Michelle,Gang of Four_Grade 4.xlsx,False,False,False,False,True,False,False
394,S,Listen you could do a red or a blue,Gang of Four_Grade 4.xlsx,False,False,False,False,False,False,False
394,S,You could do either a  red or a blue,Gang of Four_Grade 4.xlsx,False,False,False,False,False,False,False
394,S,A red or a blue,Gang of Four_Grade 4.xlsx,False,False,False,False,False,False,False
395,S,Jeff Jeff Jeff,Gang of Four_Grade 4.xlsx,False,False,False,False,False,False,False
395,S,I know that  But I want to  know why she said 12 before,Gang of Four_Grade 4.xlsx,False,False,False,False,False,False,False
396,S,Yeah Michelle why did you,Gang of Four_Grade 4.xlsx,False,False,False,False,False,False,False
397,S,Because she was guessing not making patterns,Gang of Four_Grade 4.xlsx,False,False,False,False,False,False,False
398,T,Is that true Michelle,Gang of Four_Grade 4.xlsx,False,True,False,False,False,False,False
398,T,Poor Michelle its okay,Gang of Four_Grade 4.xlsx,False,False,True,False,False,False,False
398,T,You think  12 or 16 Michelle,Gang of Four_Grade 4.xlsx,False,False,False,True,False,False,False
399,S,16,Gang of Four_Grade 4.xlsx,False,False,False,False,False,False,False
400,T,Michelle thinks 16,Gang of Four_Grade 4.xlsx,False,False,False,False,False,False,True
400,T,Now now you made towers of 5 in  class and what did you get,Gang of Four_Grade 4.xlsx,False,False,False,True,False,False,False
403,S,32,Gang of Four_Grade 4.xlsx,False,False,False,False,False,False,False
404,T,Does that work the same way,Gang of Four_Grade 4.xlsx,False,True,False,False,False,False,False
407,S,Yeah,Gang of Four_Grade 4.xlsx,False,False,False,False,False,False,False
408,S,If you get towers of 4,Gang of Four_Grade 4.xlsx,False,False,False,False,False,False,False
409,S,Theyre multiples of 2,Gang of Four_Grade 4.xlsx,False,False,False,False,False,False,False
410,S,The hard part is making patterns,Gang of Four_Grade 4.xlsx,False,False,False,False,False,False,False
410,S,Like you from now we  know how to just oh you could give us a problem like how  many in 10 and wed know,Gang of Four_Grade 4.xlsx,False,False,False,False,False,False,False
411,T,Okay how many in 10,Gang of Four_Grade 4.xlsx,False,False,False,True,False,False,False
411,T,You know the answer,Gang of Four_Grade 4.xlsx,False,True,False,False,False,False,False
412,S,I know the answer,Gang of Four_Grade 4.xlsx,False,False,False,False,False,False,False
412,S,I figured it out,Gang of Four_Grade 4.xlsx,False,False,False,False,False,False,False
412,S,Its 1024,Gang of Four_Grade 4.xlsx,False,False,False,False,False,False,False
413,T,102400,Gang of Four_Grade 4.xlsx,False,False,False,False,False,True,False
414,T,Are you sure,Gang of Four_Grade 4.xlsx,False,True,False,False,False,False,False
415,S,Uhhuh,Gang of Four_Grade 4.xlsx,False,False,False,False,False,False,False
416,S,Dont try to convince me,Gang of Four_Grade 4.xlsx,False,False,False,False,False,False,False
417,T,Try to convince him,Gang of Four_Grade 4.xlsx,False,False,False,True,False,False,False
419,S,No,Gang of Four_Grade 4.xlsx,False,False,False,False,False,False,False
419,S,No,Gang of Four_Grade 4.xlsx,False,False,False,False,False,False,False
420,S,Okay okay okay,Gang of Four_Grade 4.xlsx,False,False,False,False,False,False,False
421,S,I think we have 1000 units,Gang of Four_Grade 4.xlsx,False,False,False,False,False,False,False
422,T,You could do that later,Gang of Four_Grade 4.xlsx,False,False,True,False,False,False,False
422,T,However you were saying you  know the answer but,Gang of Four_Grade 4.xlsx,False,False,True,False,False,False,False
423,S,But the problem is the hard part is you could just give us a  problem and we could go like well well go 222,Gang of Four_Grade 4.xlsx,False,False,False,False,False,False,False
424,S,See for how were doing you keep on adding what you have  all ready,Gang of Four_Grade 4.xlsx,False,False,False,False,False,False,False
424,S,For here you add 2 more,Gang of Four_Grade 4.xlsx,False,False,False,False,False,False,False
424,S,For here you add  another 4 so for here and for the 16,Gang of Four_Grade 4.xlsx,False,False,False,False,False,False,False
425,S,You sure its 1000,Gang of Four_Grade 4.xlsx,False,False,False,False,False,False,False
425,S,You sure,Gang of Four_Grade 4.xlsx,False,False,False,False,False,False,False
426,S,Yeah,Gang of Four_Grade 4.xlsx,False,False,False,False,False,False,False
427,S,Because look you have,Gang of Four_Grade 4.xlsx,False,False,False,False,False,False,False
428,S,Now see youre dividing the,Gang of Four_Grade 4.xlsx,False,False,False,False,False,False,False
429,S,Im not dividing,Gang of Four_Grade 4.xlsx,False,False,False,False,False,False,False
430,S,The problem,Gang of Four_Grade 4.xlsx,False,False,False,False,False,False,False
430,S,Youre timesing no you dont times it,Gang of Four_Grade 4.xlsx,False,False,False,False,False,False,False
430,S,Its the  same thing I did,Gang of Four_Grade 4.xlsx,False,False,False,False,False,False,False
430,S,I counted ahead,Gang of Four_Grade 4.xlsx,False,False,False,False,False,False,False
430,S,I just counted ahead 5 or  6 and I said oh I could just multiply it by that and thatll  give me the same answer but it didnt work,Gang of Four_Grade 4.xlsx,False,False,False,False,False,False,False
431,S,Okay,Gang of Four_Grade 4.xlsx,False,False,False,False,False,False,False
431,S,It didnt work,Gang of Four_Grade 4.xlsx,False,False,False,False,False,False,False
432,S,Okay,Gang of Four_Grade 4.xlsx,False,False,False,False,False,False,False
432,S,You have to figure out whats in between that,Gang of Four_Grade 4.xlsx,False,False,False,False,False,False,False
433,T,What did you find then,Gang of Four_Grade 4.xlsx,False,False,False,True,False,False,False
434,T,What do you mean,Gang of Four_Grade 4.xlsx,False,False,False,True,False,False,False
435,S,In between okay,Gang of Four_Grade 4.xlsx,False,False,False,False,False,False,False
436,T,Show me a little bit,Gang of Four_Grade 4.xlsx,False,False,False,True,False,False,False
437,S,Do you want me to figure out 10 right,Gang of Four_Grade 4.xlsx,False,False,False,False,False,False,False
437,S,But in order to  figure out 10 I was only up to 5,Gang of Four_Grade 4.xlsx,False,False,False,False,False,False,False
437,S,So what I had to do was I  had to go and I had to say well whats 6 whats 7 whats  8 and whats 9 and times that times the last number I had,Gang of Four_Grade 4.xlsx,False,False,False,False,False,False,False
438,T,Well lets lets take a look at what you had here,Gang of Four_Grade 4.xlsx,False,False,True,False,False,False,False
438,T,This this  is what Stephanie had guys,Gang of Four_Grade 4.xlsx,False,False,True,False,False,False,False
438,T,If you want to do it yourself for  a minute,Gang of Four_Grade 4.xlsx,False,False,True,False,False,False,False
438,T,When I asked Stephanie how many for towers of  10 what Stephanie why dont you say what you did to get  1024 and then lets talk about this,Gang of Four_Grade 4.xlsx,False,False,True,False,False,False,False
439,S,Yup shes right,Gang of Four_Grade 4.xlsx,False,False,False,False,False,False,False
441,S,I was up to 5 so I took the 6,Gang of Four_Grade 4.xlsx,False,False,False,False,False,False,False
441,S,I was up to 6,Gang of Four_Grade 4.xlsx,False,False,False,False,False,False,False
442,T,64 is Why dont you write that,Gang of Four_Grade 4.xlsx,False,False,True,False,False,False,False
442,T,Okay,Gang of Four_Grade 4.xlsx,False,False,True,False,False,False,False
442,T,Towers of 6,Gang of Four_Grade 4.xlsx,False,False,True,False,False,False,False
443,S,Okay now I was up to 6,Gang of Four_Grade 4.xlsx,False,False,False,False,False,False,False
444,T,You agree with that,Gang of Four_Grade 4.xlsx,True,False,False,False,False,False,False
445,S,Yeah,Gang of Four_Grade 4.xlsx,False,False,False,False,False,False,False
446,S,So I multiplied I tried first of all I tried multiplying it times  8 because I figured well all I have to do was 64 times 2  thats 8 so 64 times 8,Gang of Four_Grade 4.xlsx,False,False,False,False,False,False,False
447,S,What are you saying,Gang of Four_Grade 4.xlsx,False,False,False,False,False,False,False
448,S,She did it wrong,Gang of Four_Grade 4.xlsx,False,False,False,False,False,False,False
449,T,No no no lets hear what shes saying,Gang of Four_Grade 4.xlsx,False,True,False,False,False,False,False
449,T,Lets hear her  thinking,Gang of Four_Grade 4.xlsx,False,True,False,False,False,False,False
450,S,First I thought well I dont want to go ahead and I dont  want to have to multiply 7 8 9 and 10,Gang of Four_Grade 4.xlsx,False,False,False,False,False,False,False
450,S,7 8 9 before I get  10,Gang of Four_Grade 4.xlsx,False,False,False,False,False,False,False
450,S,So I figured 64 equals 10,Gang of Four_Grade 4.xlsx,False,False,False,False,False,False,False
450,S,And since Im timesing  times 2 Ill multiply 42 to get 8 and then just multiply  648,Gang of Four_Grade 4.xlsx,False,False,False,False,False,False,False
451,S,But she was wrong,Gang of Four_Grade 4.xlsx,False,False,False,False,False,False,False
452,S,Yeah,Gang of Four_Grade 4.xlsx,False,False,False,False,False,False,False
453,S,And then and then no she was right here,Gang of Four_Grade 4.xlsx,False,False,False,False,False,False,False
453,S,She only timesed  it by 2 so she was right,Gang of Four_Grade 4.xlsx,False,False,False,False,False,False,False
454,S,Then I did,Gang of Four_Grade 4.xlsx,False,False,False,False,False,False,False
455,S,You keep timesing it by 2,Gang of Four_Grade 4.xlsx,False,False,False,False,False,False,False
456,S,Then I did 1282,Gang of Four_Grade 4.xlsx,False,False,False,False,False,False,False
456,S,256 512 and then,Gang of Four_Grade 4.xlsx,False,False,False,False,False,False,False
457,S,You get your answer,Gang of Four_Grade 4.xlsx,False,False,False,False,False,False,False
458,T,Except that this is where Im very very interested what she  did,Gang of Four_Grade 4.xlsx,False,False,True,False,False,False,False
458,T,How come she got something she got 512,Gang of Four_Grade 4.xlsx,False,False,False,False,True,False,False
459,S,And you all ready got 512 over there,Gang of Four_Grade 4.xlsx,False,False,False,False,False,False,False
460,T,So Is that so very wrong,Gang of Four_Grade 4.xlsx,True,False,False,False,False,False,False
461,S,And then you couldve timesed this by 2,Gang of Four_Grade 4.xlsx,False,False,False,False,False,False,False
462,S,No thats the same thing,Gang of Four_Grade 4.xlsx,False,False,False,False,False,False,False
463,S,But you couldve just timesed this by 2 and you wouldve  had it a lot easier than going times times times,Gang of Four_Grade 4.xlsx,False,False,False,False,False,False,False
464,T,So in other words could this have worked thats my  question,Gang of Four_Grade 4.xlsx,False,True,False,False,False,False,False
464,T,Now when would this work,Gang of Four_Grade 4.xlsx,False,False,False,True,False,False,False
464,T,Why didnt the 8  work,Gang of Four_Grade 4.xlsx,False,False,False,False,True,False,False
464,T,Why did you have to keep,Gang of Four_Grade 4.xlsx,False,False,False,False,True,False,False
465,S,Ahh I just thought of something,Gang of Four_Grade 4.xlsx,False,False,False,False,False,False,False
465,S,Im wondering if this will  work,Gang of Four_Grade 4.xlsx,False,False,False,False,False,False,False
465,S,This 8 is 8 okay,Gang of Four_Grade 4.xlsx,False,False,False,False,False,False,False
465,S,This is 8 right,Gang of Four_Grade 4.xlsx,False,False,False,False,False,False,False
465,S,This is the  answer to 8,Gang of Four_Grade 4.xlsx,False,False,False,False,False,False,False
466,S,You had it right you just didnt follow a pattern you just  took a guess,Gang of Four_Grade 4.xlsx,False,False,False,False,False,False,False
466,S,And then if you filled it out exactly,Gang of Four_Grade 4.xlsx,False,False,False,False,False,False,False
467,T,Okay,Gang of Four_Grade 4.xlsx,False,False,True,False,False,False,False
467,T,So what youre suggesting is multiplying by 8 didnt  work,Gang of Four_Grade 4.xlsx,False,False,True,False,False,False,False
467,T,It gave you 512 which was,Gang of Four_Grade 4.xlsx,False,False,False,True,False,False,False
468,S,Which gave you to 8,Gang of Four_Grade 4.xlsx,False,False,False,False,False,False,False
469,T,To 9 to 8,Gang of Four_Grade 4.xlsx,False,False,False,True,False,False,False
469,T,Or to 9,Gang of Four_Grade 4.xlsx,False,True,False,False,False,False,False
470,S,So if you,Gang of Four_Grade 4.xlsx,False,False,False,False,False,False,False
471,S,This pattern works here,Gang of Four_Grade 4.xlsx,False,False,False,False,False,False,False
472,T,If I plugged in 8 or 9,Gang of Four_Grade 4.xlsx,False,False,False,True,False,False,False
473,S,It wouldve worked her pattern wouldve,Gang of Four_Grade 4.xlsx,False,False,False,False,False,False,False
474,T,Lets get another piece of paper and see what happened here  because this is just a mess,Gang of Four_Grade 4.xlsx,False,False,True,False,False,False,False
475,S,It wouldve worked where but then she has to,Gang of Four_Grade 4.xlsx,False,False,False,False,False,False,False
,T,Get me another piece of paper,Gang of Four_Grade 4.xlsx,False,False,True,False,False,False,False
,T,Lets start again,Gang of Four_Grade 4.xlsx,False,False,True,False,False,False,False
475,S,to times it by 2  after she gets her number,Gang of Four_Grade 4.xlsx,False,False,False,False,False,False,False
475,S,She has to times it by 2 after she  gets her number,Gang of Four_Grade 4.xlsx,False,False,False,False,False,False,False
476,T,But you know what Im thinking Im thinking maybe what  we should do is I want you to I dont want to throw away,Gang of Four_Grade 4.xlsx,False,False,True,False,False,False,False
477,S,s idea here okay because what Stephanie has  here in her idea once she got to towers of 9 right she said  there were 512,Gang of Four_Grade 4.xlsx,False,False,False,False,False,False,False
477,S,Thats by each time multiplying it by 2,Gang of Four_Grade 4.xlsx,False,False,False,False,False,False,False
478,S,And then you have to move,Gang of Four_Grade 4.xlsx,False,False,False,False,False,False,False
,S,This would work if you multiply it times 2,Gang of Four_Grade 4.xlsx,False,False,False,False,False,False,False
478,S,You still get 1024 like over here,Gang of Four_Grade 4.xlsx,False,False,False,False,False,False,False
479,T,Right but why why didnt multiplying by 8 work when she  had towers of 6,Gang of Four_Grade 4.xlsx,True,False,False,False,False,False,False
480,S,Because because she wasnt so sure about going like this,Gang of Four_Grade 4.xlsx,False,False,False,False,False,False,False
481,T,Okay but why how could she be sure,Gang of Four_Grade 4.xlsx,True,False,False,False,False,False,False
481,T,In other words if 8  didnt work do you understand my my challenge to you,Gang of Four_Grade 4.xlsx,False,False,False,True,False,False,False
481,T,All you mathematicians here,Gang of Four_Grade 4.xlsx,False,False,True,False,False,False,False
481,T,My challenge to you is  I dont want to throw out this idea because you know  because if Stephanie has something here shell save you a  lot of work in the future right,Gang of Four_Grade 4.xlsx,True,False,False,False,False,False,False
481,T,If she has a good idea here,Gang of Four_Grade 4.xlsx,True,False,False,False,False,False,False
481,T,Do you understand the problem here,Gang of Four_Grade 4.xlsx,False,True,False,False,False,False,False
481,T,And I think what well  do I want to be sure,Gang of Four_Grade 4.xlsx,False,False,True,False,False,False,False
481,T,I dont know if Mrs Barnes is gone,Gang of Four_Grade 4.xlsx,False,False,True,False,False,False,False
481,T,I  want to be sure your T understands whats going on  here so to sort of push you to think about this so that next  time I come maybe you could invent another way,Gang of Four_Grade 4.xlsx,False,False,True,False,False,False,False
481,T,If I said  towers of,Gang of Four_Grade 4.xlsx,False,False,True,False,False,False,False
482,S,80,Gang of Four_Grade 4.xlsx,False,False,False,False,False,False,False
483,T,80,Gang of Four_Grade 4.xlsx,False,False,False,False,False,True,False
483,T,Now and I said Ill give you a calculator but you have  to know what to do with your calculator right,Gang of Four_Grade 4.xlsx,False,True,False,False,False,False,False
484,S,Theres a problem because you have to go all the way from  10 to 80,Gang of Four_Grade 4.xlsx,False,False,False,False,False,False,False
485,T,Well my question is lets not worry about that big problem  for a moment,Gang of Four_Grade 4.xlsx,False,False,True,False,False,False,False
485,T,Lets try to do it with a simple problem,Gang of Four_Grade 4.xlsx,False,False,True,False,False,False,False
485,T,Suppose you didnt know towers of 6 were 64 and towers of  7 were what did you say that was,Gang of Four_Grade 4.xlsx,False,False,False,True,False,False,False
485,T,What do you have there,Gang of Four_Grade 4.xlsx,False,False,False,True,False,False,False
486,S,Towers of 7,Gang of Four_Grade 4.xlsx,False,False,False,False,False,False,False
487,T,128,Gang of Four_Grade 4.xlsx,False,True,False,False,False,False,False
487,T,Is that what you have Milin,Gang of Four_Grade 4.xlsx,False,True,False,False,False,False,False
488,S,Yeah I think,Gang of Four_Grade 4.xlsx,False,False,False,False,False,False,False
489,T,And so,Gang of Four_Grade 4.xlsx,False,False,True,False,False,False,False
489,T,Suppose you didnt know that,Gang of Four_Grade 4.xlsx,False,False,True,False,False,False,False
489,T,How could you jump  from towers of 6 to towers of 10 without going through all  those steps and why,Gang of Four_Grade 4.xlsx,False,False,False,False,True,False,False
490,S,Get out,Gang of Four_Grade 4.xlsx,False,False,False,False,False,False,False
491,T,But isnt that a nice challenging question,Gang of Four_Grade 4.xlsx,False,True,False,False,False,False,False
491,T,I have one more  question to get to,Gang of Four_Grade 4.xlsx,False,False,True,False,False,False,False
491,T,Im going to put this one aside for a  minute because thats going to take some time,Gang of Four_Grade 4.xlsx,False,False,True,False,False,False,False
491,T,When we  come back then well talk about it,Gang of Four_Grade 4.xlsx,False,False,True,False,False,False,False
491,T,You could bring your  calculator Jeff,Gang of Four_Grade 4.xlsx,False,False,True,False,False,False,False
491,T,Fair enough,Gang of Four_Grade 4.xlsx,False,True,False,False,False,False,False
491,T,Okay now look,Gang of Four_Grade 4.xlsx,False,False,True,False,False,False,False
491,T,You said this  was like shirts and pants and I would like for you to say if  you agree its like shirts and pants,Gang of Four_Grade 4.xlsx,True,False,False,False,False,False,False
492,S,I agree,Gang of Four_Grade 4.xlsx,False,False,False,False,False,False,False
493,T,But why,Gang of Four_Grade 4.xlsx,False,False,False,False,True,False,False
494,S,But if you kept on going up you would have to add,Gang of Four_Grade 4.xlsx,False,False,False,False,False,False,False
495,T,Okay one at a time,Gang of Four_Grade 4.xlsx,False,False,True,False,False,False,False
495,T,Lets hear Jeff,Gang of Four_Grade 4.xlsx,False,True,False,False,False,False,False
496,S,You have the same pattern same pattern,Gang of Four_Grade 4.xlsx,False,False,False,False,False,False,False
497,T,In what way,Gang of Four_Grade 4.xlsx,False,False,False,True,False,False,False
498,S,Because with shirts you have to keep on alternating the  shirts with the pants,Gang of Four_Grade 4.xlsx,False,False,False,False,False,False,False
498,S,And keep on alternating pants with the  shirts,Gang of Four_Grade 4.xlsx,False,False,False,False,False,False,False
499,T,Im not so sure I follow what youre saying,Gang of Four_Grade 4.xlsx,False,False,True,False,False,False,False
500,S,Neither do I,Gang of Four_Grade 4.xlsx,False,False,False,False,False,False,False
501,T,Stephanie is working on the towers of 10,Gang of Four_Grade 4.xlsx,False,False,True,False,False,False,False
502,S,I might have it here,Gang of Four_Grade 4.xlsx,False,False,False,False,False,False,False
502,S,Im thinking if I multiply the last  number I got which was 1024 times 80 that I got   81120 but  Im not sure if Im right or not,Gang of Four_Grade 4.xlsx,False,False,False,False,False,False,False
502,S,You know Id have to go  through all that,Gang of Four_Grade 4.xlsx,False,False,False,False,False,False,False
503,S,Nuhuh,Gang of Four_Grade 4.xlsx,False,False,False,False,False,False,False
504,S,Nuhuh,Gang of Four_Grade 4.xlsx,False,False,False,False,False,False,False
505,S,Or maybe you would multiply it by 70 because you all ready  go 10,Gang of Four_Grade 4.xlsx,False,False,False,False,False,False,False
506,S,No but times it by 8   because you have to have 8 more,Gang of Four_Grade 4.xlsx,False,False,False,False,False,False,False
507,T,Me too Im lost too,Gang of Four_Grade 4.xlsx,False,False,True,False,False,False,False
508,S,You wouldnt times it by 8 because we timesed it by 8 when  we were on 8,Gang of Four_Grade 4.xlsx,False,False,False,False,False,False,False
508,S,We times it by 80 when were on 80,Gang of Four_Grade 4.xlsx,False,False,False,False,False,False,False
509,S,True,Gang of Four_Grade 4.xlsx,False,False,False,False,False,False,False
510,T,But when I dont understand,Gang of Four_Grade 4.xlsx,False,False,True,False,False,False,False
510,T,Hold on,Gang of Four_Grade 4.xlsx,False,False,True,False,False,False,False
511,S,Nuhuh,Gang of Four_Grade 4.xlsx,False,False,False,False,False,False,False
511,S,Did you times it by 80 when you were on 80,Gang of Four_Grade 4.xlsx,False,False,False,False,False,False,False
512,S,I went I said well there was,Gang of Four_Grade 4.xlsx,False,False,False,False,False,False,False
513,S,88,Gang of Four_Grade 4.xlsx,False,False,False,False,False,False,False
513,S,64,Gang of Four_Grade 4.xlsx,False,False,False,False,False,False,False
513,S,How could that be,Gang of Four_Grade 4.xlsx,False,False,False,False,False,False,False
514,S,Actually you would multiply it by 1600,Gang of Four_Grade 4.xlsx,False,False,False,False,False,False,False
515,T,Can can we call time out for a minute,Gang of Four_Grade 4.xlsx,False,True,False,False,False,False,False
516,S,What are you guys talking about,Gang of Four_Grade 4.xlsx,False,False,False,False,False,False,False
517,T,Yeah Im a little lost and Jeff is lost,Gang of Four_Grade 4.xlsx,False,False,True,False,False,False,False
517,T,And I dont know how Michelle is doing here,Gang of Four_Grade 4.xlsx,False,False,True,False,False,False,False
518,T,And you two can continue this when  we leave and work this out,Gang of Four_Grade 4.xlsx,False,False,True,False,False,False,False
518,T,However,Gang of Four_Grade 4.xlsx,False,False,True,False,False,False,False
519,T,Finish your fight,Gang of Four_Grade 4.xlsx,False,False,True,False,False,False,False
520,T,I dont really want you to really solve the problem for  towers of 80,Gang of Four_Grade 4.xlsx,False,False,True,False,False,False,False
520,T,I want you to solve the problem of towers of  10,Gang of Four_Grade 4.xlsx,False,False,True,False,False,False,False
521,S,We did that,Gang of Four_Grade 4.xlsx,False,False,False,False,False,False,False
522,T,But hold on you have to pretend you only know the answer  for towers of 6,Gang of Four_Grade 4.xlsx,False,False,True,False,False,False,False
523,S,Just keep on building,Gang of Four_Grade 4.xlsx,False,False,False,False,False,False,False
524,T,Thats one way,Gang of Four_Grade 4.xlsx,False,False,True,False,False,False,False
525,S,I all ready did that,Gang of Four_Grade 4.xlsx,False,False,False,False,False,False,False
525,S,I all ready did that,Gang of Four_Grade 4.xlsx,False,False,False,False,False,False,False
526,S,You want us to try and figure it out the way I tried to figure  it out the first time,Gang of Four_Grade 4.xlsx,False,False,False,False,False,False,False
527,T,Right with only multiplying by 1 number,Gang of Four_Grade 4.xlsx,False,False,True,False,False,False,False
527,T,And convince me  that that number makes sense to multiply by,Gang of Four_Grade 4.xlsx,False,False,True,False,False,False,False
527,T,Does that make  sense,Gang of Four_Grade 4.xlsx,False,True,False,False,False,False,False
527,T,Do you understand,Gang of Four_Grade 4.xlsx,False,True,False,False,False,False,False
528,S,This,Gang of Four_Grade 4.xlsx,False,False,False,False,False,False,False
529,S,But all you did,Gang of Four_Grade 4.xlsx,False,False,False,False,False,False,False
530,T,Okay,Gang of Four_Grade 4.xlsx,False,False,True,False,False,False,False
530,T,Hold on,Gang of Four_Grade 4.xlsx,False,False,True,False,False,False,False
530,T,Time out,Gang of Four_Grade 4.xlsx,False,False,True,False,False,False,False
531,S,You didnt know times 2 times 2 would help you,Gang of Four_Grade 4.xlsx,False,False,False,False,False,False,False
532,S,I did,Gang of Four_Grade 4.xlsx,False,False,False,False,False,False,False
533,T,Well you sort of know it,Gang of Four_Grade 4.xlsx,False,False,True,False,False,False,False
533,T,But I want to save all those  intermediate steps because if you had to go to to build  towers of 80 lets see when you had to build towers of 2 of  2 how many times of 3 high how many times did you  multiply by 2,Gang of Four_Grade 4.xlsx,False,False,False,True,False,False,False
534,S,Shes right Jeff,Gang of Four_Grade 4.xlsx,False,False,False,False,False,False,False
534,S,You should really multiply by 8,Gang of Four_Grade 4.xlsx,False,False,False,False,False,False,False
535,T,When you had to build towers of 3 how many times did you  need to multiply by 2,Gang of Four_Grade 4.xlsx,False,False,False,True,False,False,False
536,S,Times 3,Gang of Four_Grade 4.xlsx,False,False,False,False,False,False,False
536,S,4 times 2,Gang of Four_Grade 4.xlsx,False,False,False,False,False,False,False
537,T,I said by 2,Gang of Four_Grade 4.xlsx,False,False,True,False,False,False,False
538,S,Oh,Gang of Four_Grade 4.xlsx,False,False,False,False,False,False,False
538,S,4,Gang of Four_Grade 4.xlsx,False,False,False,False,False,False,False
538,S,Same thing,Gang of Four_Grade 4.xlsx,False,False,False,False,False,False,False
539,T,Okay 22,Gang of Four_Grade 4.xlsx,False,False,True,False,False,False,False
539,T,Thats one time you multiply it by 2,Gang of Four_Grade 4.xlsx,False,False,True,False,False,False,False
539,T,You got 4,Gang of Four_Grade 4.xlsx,False,False,True,False,False,False,False
539,T,Then you multiply by 2 again,Gang of Four_Grade 4.xlsx,False,False,False,True,False,False,False
540,S,8,Gang of Four_Grade 4.xlsx,False,False,False,False,False,False,False
541,T,And that gave you 8,Gang of Four_Grade 4.xlsx,False,False,False,False,False,False,True
541,T,So how many times did you multiply  by 2,Gang of Four_Grade 4.xlsx,False,False,False,True,False,False,False
542,S,You multiplied the amount of times you,Gang of Four_Grade 4.xlsx,False,False,False,False,False,False,False
543,T,Well twice,Gang of Four_Grade 4.xlsx,False,False,True,False,False,False,False
543,T,You multiplied it once,Gang of Four_Grade 4.xlsx,False,False,True,False,False,False,False
543,T,This is 22 once right,Gang of Four_Grade 4.xlsx,False,True,False,False,False,False,False
543,T,And then you multiplied it by 2 again right,Gang of Four_Grade 4.xlsx,False,True,False,False,False,False,False
543,T,22 let me  write this,Gang of Four_Grade 4.xlsx,False,False,True,False,False,False,False
543,T,22 gave you 4,Gang of Four_Grade 4.xlsx,False,False,True,False,False,False,False
543,T,That was one time,Gang of Four_Grade 4.xlsx,False,False,True,False,False,False,False
543,T,Then you  multiplied it by 2 again another time and you got 8,Gang of Four_Grade 4.xlsx,False,False,True,False,False,False,False
543,T,So you  multiplied it twice to build towers of 3 is that right,Gang of Four_Grade 4.xlsx,False,True,False,False,False,False,False
544,S,Yeah,Gang of Four_Grade 4.xlsx,False,False,False,False,False,False,False
545,S,No,Gang of Four_Grade 4.xlsx,False,False,False,False,False,False,False
546,T,No,Gang of Four_Grade 4.xlsx,False,True,False,False,False,False,False
547,S,Because to get towers of 2 then it will be much easier,Gang of Four_Grade 4.xlsx,False,False,False,False,False,False,False
548,S,Yeah but the thing is its right its easier,Gang of Four_Grade 4.xlsx,False,False,False,False,False,False,False
549,T,I think weve run out of time,Gang of Four_Grade 4.xlsx,False,False,True,False,False,False,False
550,S,Yeah we did,Gang of Four_Grade 4.xlsx,False,False,False,False,False,False,False
551,T,Will you come back,Gang of Four_Grade 4.xlsx,False,True,False,False,False,False,False
552,S,Yeah okay,Gang of Four_Grade 4.xlsx,False,False,False,False,False,False,False
553,T,Okay,Gang of Four_Grade 4.xlsx,False,False,True,False,False,False,False
553,T,Would you come back,Gang of Four_Grade 4.xlsx,False,True,False,False,False,False,False
553,T,Would you come back  another time,Gang of Four_Grade 4.xlsx,False,True,False,False,False,False,False
553,T,Can we come back another time,Gang of Four_Grade 4.xlsx,False,True,False,False,False,False,False
553,T,Okay next question is I want to know what this has to do  with shirts and pants,Gang of Four_Grade 4.xlsx,False,False,True,False,False,False,False
554,S,Shirts and pants,Gang of Four_Grade 4.xlsx,False,False,False,False,False,False,False
555,S,No,Gang of Four_Grade 4.xlsx,False,False,False,False,False,False,False
556,S,Oh no,Gang of Four_Grade 4.xlsx,False,False,False,False,False,False,False
556,S,I have no idea,Gang of Four_Grade 4.xlsx,False,False,False,False,False,False,False
556,S,I didnt think of it,Gang of Four_Grade 4.xlsx,False,False,False,False,False,False,False
557,T,You can talk about it before and share it,Gang of Four_Grade 4.xlsx,False,False,True,False,False,False,False
558,S,Can I tell you what I told you last time I was here about  shirts and pants,Gang of Four_Grade 4.xlsx,False,False,False,False,False,False,False
559,T,What what,Gang of Four_Grade 4.xlsx,False,True,False,False,False,False,False
560,S,Because remember it was the problem with the shirts the  pants,Gang of Four_Grade 4.xlsx,False,False,False,False,False,False,False
560,S,You had to match up Stevens pants with the shirts to  make like a tower,Gang of Four_Grade 4.xlsx,False,False,False,False,False,False,False
561,T,Yeah,Gang of Four_Grade 4.xlsx,False,False,True,False,False,False,False
562,S,Remember,Gang of Four_Grade 4.xlsx,False,False,False,False,False,False,False
563,S,He has to have at least big hands,Gang of Four_Grade 4.xlsx,False,False,False,False,False,False,False
564,T,Well thank you,Gang of Four_Grade 4.xlsx,False,False,True,False,False,False,False
564,T,This was great,Gang of Four_Grade 4.xlsx,False,False,True,False,False,False,False
564,T,Well thank you so very  much,Gang of Four_Grade 4.xlsx,False,False,True,False,False,False,False
564,T,This was fun,Gang of Four_Grade 4.xlsx,False,False,True,False,False,False,False
564,T,I love coming to talk to you about  math,Gang of Four_Grade 4.xlsx,False,False,True,False,False,False,False
565,S,Thank you,Gang of Four_Grade 4.xlsx,False,False,False,False,False,False,False
566,T,My budding mathematicians here,Gang of Four_Grade 4.xlsx,False,False,True,False,False,False,False
