turn,speaker,sentence,transcript,label_getting_students_to_relate,label_keeping_everyone_together,label_not_a_talk_move,label_press_for_accuracy,label_press_for_reasoning,label_restating,label_revoicing
1,T,My names Ms Villarin I dont know if Ms Ferrant told you about me but I planned with Ms Ferrant last Friday  and I also have a seventh eighth grade math class,7th grade math.xlsx,False,False,True,False,False,False,False
1,T,So today her and I will be teaching a lesson together again my names Ms Villarin and thatll be on the board,7th grade math.xlsx,False,False,True,False,False,False,False
1,T,So you can treat me the way you treat her if you ask questions and you have something that you dont understand you can ask me,7th grade math.xlsx,False,False,True,False,False,False,False
1,T,Okay,7th grade math.xlsx,False,False,True,False,False,False,False
1,T,So today were going to be doing a really cool lesson,7th grade math.xlsx,False,False,True,False,False,False,False
1,T,We have a lot of people in the classroom I dont want you to be nervous at all,7th grade math.xlsx,False,False,True,False,False,False,False
1,T,If people stand by you its just  cause they want to know what youre thinking,7th grade math.xlsx,False,False,True,False,False,False,False
1,T,Okay,7th grade math.xlsx,False,False,True,False,False,False,False
1,T,All theyre doing is listening to what youre thinking and looking at what youre recording,7th grade math.xlsx,False,False,True,False,False,False,False
1,T,Okay,7th grade math.xlsx,False,False,True,False,False,False,False
1,T,So make sure you speak loud enough so that they can hear you and then just pretend like the cameras arent here,7th grade math.xlsx,False,False,True,False,False,False,False
1,T,Okay,7th grade math.xlsx,False,False,True,False,False,False,False
1,T,So what were going to be doing today is  about two weeks ago I think you guys did a problem called  Pizza Crusts  Ms Ferrant gave you a problem she had you do it by yourself,7th grade math.xlsx,False,False,True,False,False,False,False
1,T,Do you all remember it,7th grade math.xlsx,False,True,False,False,False,False,False
1,T,Yeah,7th grade math.xlsx,False,True,False,False,False,False,False
1,T,What was it about,7th grade math.xlsx,False,False,False,True,False,False,False
1,T,Can anyone tell me what it was about,7th grade math.xlsx,False,False,False,True,False,False,False
1,T,And I have a seating chart here so if I dont know your name I apologize Ill be looking at this,7th grade math.xlsx,False,False,True,False,False,False,False
1,T,Is it Cassie,7th grade math.xlsx,False,True,False,False,False,False,False
3,T,Okay so the circumference of areas I mean the area and perimeters of rectangles and then you had circumference and you were looking at pizzas,7th grade math.xlsx,False,True,False,False,False,False,False
3,T,Okay,7th grade math.xlsx,False,False,True,False,False,False,False
3,T,Do you guys remember that problem,7th grade math.xlsx,False,True,False,False,False,False,False
3,T,What else  does anybody else remember what else it was about,7th grade math.xlsx,False,False,False,True,False,False,False
3,T,No,7th grade math.xlsx,False,True,False,False,False,False,False
3,T,Okay,7th grade math.xlsx,False,False,True,False,False,False,False
3,T,So anyway were gonna were gonna talk about that today,7th grade math.xlsx,False,False,True,False,False,False,False
3,T,Okay,7th grade math.xlsx,False,False,True,False,False,False,False
3,T,And this is a lesson that Ms Ferrant and I planned And we want to see what you what you know about it,7th grade math.xlsx,False,False,True,False,False,False,False
3,T,Okay,7th grade math.xlsx,False,False,True,False,False,False,False
3,T,So our first activity that were gonna do shes gonna pass out paper,7th grade math.xlsx,False,False,True,False,False,False,False
3,T,And we just want you to think about it,7th grade math.xlsx,False,False,True,False,False,False,False
3,T,You dont have to write anything down,7th grade math.xlsx,False,False,True,False,False,False,False
3,T,And well be doing a lot of thinking privately by ourselves and then sharing with a partner and then sharing out loud,7th grade math.xlsx,False,False,True,False,False,False,False
3,T,Okay,7th grade math.xlsx,False,False,True,False,False,False,False
3,T,I know thats a common thing you guys do in your class,7th grade math.xlsx,False,False,True,False,False,False,False
3,T,But the first thing that we want you to do is Robby is confused,7th grade math.xlsx,False,False,True,False,False,False,False
3,T,Hes a student and hes confused about area and perimeter,7th grade math.xlsx,False,False,True,False,False,False,False
3,T,He thinks theyre the same,7th grade math.xlsx,False,False,True,False,False,False,False
3,T,He thinks theres no difference between the two,7th grade math.xlsx,False,False,True,False,False,False,False
3,T,And we want you to help him,7th grade math.xlsx,False,False,True,False,False,False,False
3,T,Okay,7th grade math.xlsx,False,False,True,False,False,False,False
3,T,So right now think what you would say to him if you wanted to tell him the difference between area and perimeter,7th grade math.xlsx,False,False,True,False,False,False,False
3,T,Think privately to yourself,7th grade math.xlsx,False,False,True,False,False,False,False
3,T,Okay and when youre ready share with your partner what you would tell Robby,7th grade math.xlsx,False,False,False,True,False,False,False
4,T,Okay did everyone have a chance to talk about it,7th grade math.xlsx,False,True,False,False,False,False,False
4,T,Yeah,7th grade math.xlsx,False,True,False,False,False,False,False
4,T,Okay,7th grade math.xlsx,False,False,True,False,False,False,False
4,T,Who would like to explain what you would say to Robby if you wanted to tell him the difference between area and perimeter,7th grade math.xlsx,False,False,False,True,False,False,False
4,T,What would you say okay,7th grade math.xlsx,False,False,False,True,False,False,False
4,T,Um is it Connie,7th grade math.xlsx,False,True,False,False,False,False,False
4,T,Angelique,7th grade math.xlsx,False,True,False,False,False,False,False
6,T,Okay,7th grade math.xlsx,False,False,True,False,False,False,False
8,T,Ah,7th grade math.xlsx,False,False,True,False,False,False,False
8,T,Okay,7th grade math.xlsx,False,False,True,False,False,False,False
8,T,Youre telling me how to get it so youre saying well what shape are you talking about,7th grade math.xlsx,False,False,False,True,False,False,False
10,T,The rectangle,7th grade math.xlsx,False,True,False,False,False,False,False
10,T,So youre saying for area itd be length times width and then for perimeter itd be lengths plus widths,7th grade math.xlsx,False,False,True,False,False,False,False
10,T,Okay,7th grade math.xlsx,False,False,True,False,False,False,False
10,T,Is there anybody else whod like to add to what Angelique said,7th grade math.xlsx,True,False,False,False,False,False,False
10,T,How  bout  is it Alex,7th grade math.xlsx,False,True,False,False,False,False,False
10,T,Alexander,7th grade math.xlsx,False,True,False,False,False,False,False
12,T,Okay so the area is whats inside and the perimeter is whats outside,7th grade math.xlsx,False,True,False,False,False,False,False
12,T,Okay,7th grade math.xlsx,False,False,True,False,False,False,False
12,T,Alex do you want to come up and color in one of those for me,7th grade math.xlsx,False,True,False,False,False,False,False
12,T,I want us to color in on these shapes  red whats area and green what the perimeter is,7th grade math.xlsx,False,False,True,False,False,False,False
12,T,So choose the one that you want to do,7th grade math.xlsx,False,False,True,False,False,False,False
13,T,you can choose whichever shape you want and you can shade it in,7th grade math.xlsx,False,False,True,False,False,False,False
13,T,Now lets move this,7th grade math.xlsx,False,False,True,False,False,False,False
13,T,Oops,7th grade math.xlsx,False,False,True,False,False,False,False
13,T,Okay,7th grade math.xlsx,False,False,True,False,False,False,False
13,T,Now,7th grade math.xlsx,False,False,True,False,False,False,False
13,T,Can you guys see what Alex is doing,7th grade math.xlsx,False,True,False,False,False,False,False
15,T,Yeah,7th grade math.xlsx,False,False,True,False,False,False,False
15,T,Okay,7th grade math.xlsx,False,False,True,False,False,False,False
15,T,Lets try to fill in all of it so its all along the sides,7th grade math.xlsx,False,False,True,False,False,False,False
15,T,Okay,7th grade math.xlsx,False,False,True,False,False,False,False
15,T,Does anyone want to come up and color in what the perimeter would be,7th grade math.xlsx,False,False,False,True,False,False,False
15,T,In green,7th grade math.xlsx,False,False,True,False,False,False,False
15,T,In green,7th grade math.xlsx,False,False,True,False,False,False,False
15,T,how about is Brandon,7th grade math.xlsx,False,True,False,False,False,False,False
15,T,Are you Brandon,7th grade math.xlsx,False,True,False,False,False,False,False
15,T,No,7th grade math.xlsx,False,False,True,False,False,False,False
15,T,Yamlen,7th grade math.xlsx,False,True,False,False,False,False,False
15,T,Whats your name,7th grade math.xlsx,False,True,False,False,False,False,False
17,T,Joey,7th grade math.xlsx,False,True,False,False,False,False,False
17,T,Okay,7th grade math.xlsx,False,False,True,False,False,False,False
17,T,So Alex colored in the square and he colored in the area,7th grade math.xlsx,False,False,True,False,False,False,False
17,T,Okay,7th grade math.xlsx,False,False,True,False,False,False,False
17,T,Thank you,7th grade math.xlsx,False,False,True,False,False,False,False
18,T,Tell your partner really quickly what is it Julian,7th grade math.xlsx,False,True,False,False,False,False,False
18,T,What Julian is doing,7th grade math.xlsx,False,False,False,True,False,False,False
20,T,What did Alex do,7th grade math.xlsx,True,False,False,False,False,False,False
22,T,And whats area,7th grade math.xlsx,False,False,False,True,False,False,False
22,T,What do you think area is,7th grade math.xlsx,False,False,False,True,False,False,False
23,T,I would like  raise your hand and tell me what Julian did,7th grade math.xlsx,True,False,False,False,False,False,False
23,T,What did he do,7th grade math.xlsx,True,False,False,False,False,False,False
23,T,Um is it Jessica,7th grade math.xlsx,False,True,False,False,False,False,False
23,T,Stacey,7th grade math.xlsx,False,True,False,False,False,False,False
25,T,He outlined the circle which is the perimeter,7th grade math.xlsx,False,True,False,False,False,False,False
25,T,Okay can anyone come in and color the area,7th grade math.xlsx,False,False,False,True,False,False,False
25,T,Of this,7th grade math.xlsx,False,False,False,True,False,False,False
25,T,Come up and color the area of it,7th grade math.xlsx,False,False,False,True,False,False,False
25,T,How about Shira,7th grade math.xlsx,False,True,False,False,False,False,False
25,T,Shira,7th grade math.xlsx,False,True,False,False,False,False,False
25,T,And Ms Ferrant has the red one and I have the green one,7th grade math.xlsx,False,False,True,False,False,False,False
26,T,Yeah thats good,7th grade math.xlsx,False,False,True,False,False,False,False
26,T,Okay,7th grade math.xlsx,False,False,True,False,False,False,False
26,T,Do you guys agree with Shira,7th grade math.xlsx,True,False,False,False,False,False,False
26,T,Yeah,7th grade math.xlsx,False,True,False,False,False,False,False
28,T,Okay good thank you Shira,7th grade math.xlsx,False,False,True,False,False,False,False
28,T,Can someone come up and color in in green the perimeter,7th grade math.xlsx,False,False,False,True,False,False,False
28,T,Of this square that Alex colored in,7th grade math.xlsx,False,False,False,True,False,False,False
28,T,Desiree,7th grade math.xlsx,False,True,False,False,False,False,False
28,T,Yes,7th grade math.xlsx,False,False,True,False,False,False,False
29,T,Okay thank you Desiree,7th grade math.xlsx,False,False,True,False,False,False,False
29,T,So she colored the green around it,7th grade math.xlsx,False,False,True,False,False,False,False
29,T,And thats the perimeter,7th grade math.xlsx,False,False,True,False,False,False,False
29,T,And our very last shape the rectangle,7th grade math.xlsx,False,False,True,False,False,False,False
29,T,Okay,7th grade math.xlsx,False,False,True,False,False,False,False
29,T,Is there somebody that wants to come up and color the area of the rectangle,7th grade math.xlsx,False,False,False,True,False,False,False
29,T,Erica,7th grade math.xlsx,False,True,False,False,False,False,False
29,T,and then maybe while shes doing that in green does someone want to come up and color alongside of her the perimeter in green,7th grade math.xlsx,False,False,False,True,False,False,False
29,T,Brandon,7th grade math.xlsx,False,True,False,False,False,False,False
29,T,Yeah,7th grade math.xlsx,False,False,True,False,False,False,False
30,T,And I know it takes a while to color so you can just kind of shade it in really quickly,7th grade math.xlsx,False,False,True,False,False,False,False
30,T,Youre welcome,7th grade math.xlsx,False,False,True,False,False,False,False
30,T,So looking at what you guys just did it seems like you know a lot about area and perimeter,7th grade math.xlsx,False,False,True,False,False,False,False
30,T,Areas on the inside and perimeter is the distance  or area is the space on the inside and perimeters the distance around it,7th grade math.xlsx,False,False,True,False,False,False,False
30,T,Okay,7th grade math.xlsx,False,False,True,False,False,False,False
1,T,Good morning,Boats and Fish 1_Grade 4.xlsx,False,False,True,False,False,False,False
1,T,Are you all as awake as I am,Boats and Fish 1_Grade 4.xlsx,False,False,True,False,False,False,False
3,T,I dont know if that is good or bad Meredith,Boats and Fish 1_Grade 4.xlsx,False,False,True,False,False,False,False
3,T,Let me shut this  off,Boats and Fish 1_Grade 4.xlsx,False,False,True,False,False,False,False
3,T,I was thinking when I was looking at Marks model and I  noticed many of you made models also for projects for another  class,Boats and Fish 1_Grade 4.xlsx,False,False,True,False,False,False,False
3,T,I was thinking about this model because we were talking about  models the other day werent we,Boats and Fish 1_Grade 4.xlsx,False,True,False,False,False,False,False
3,T,Remember that,Boats and Fish 1_Grade 4.xlsx,False,True,False,False,False,False,False
3,T,But also we were  talking about models in general,Boats and Fish 1_Grade 4.xlsx,False,False,True,False,False,False,False
3,T,We asked ourselves some questions  about models,Boats and Fish 1_Grade 4.xlsx,False,False,True,False,False,False,False
3,T,Did you all build the same model,Boats and Fish 1_Grade 4.xlsx,True,False,False,False,False,False,False
5,T,To answer that question,Boats and Fish 1_Grade 4.xlsx,True,False,False,False,False,False,False
7,T,Some of you built different models,Boats and Fish 1_Grade 4.xlsx,False,False,True,False,False,False,False
7,T,Erik,Boats and Fish 1_Grade 4.xlsx,False,True,False,False,False,False,False
9,T,Some of you built different models and I asked you a question about  that,Boats and Fish 1_Grade 4.xlsx,False,False,True,False,False,False,False
9,T,Do you remember,Boats and Fish 1_Grade 4.xlsx,False,True,False,False,False,False,False
11,T,Erik,Boats and Fish 1_Grade 4.xlsx,False,True,False,False,False,False,False
15,T,Yeah can you get different answers right Michael and Erik,Boats and Fish 1_Grade 4.xlsx,False,True,False,False,False,False,False
15,T,if you  use different models,Boats and Fish 1_Grade 4.xlsx,False,True,False,False,False,False,False
15,T,What did you think,Boats and Fish 1_Grade 4.xlsx,False,False,False,True,False,False,False
15,T,How many of you thought  you shouldn t get different answers,Boats and Fish 1_Grade 4.xlsx,False,True,False,False,False,False,False
15,T,How  many of you are not sure,Boats and Fish 1_Grade 4.xlsx,False,True,False,False,False,False,False
15,T,Its okay not  to be sure,Boats and Fish 1_Grade 4.xlsx,False,False,True,False,False,False,False
15,T,Have you been thinking about that at all since then,Boats and Fish 1_Grade 4.xlsx,False,True,False,False,False,False,False
15,T,Maybe not huh Michael have you been thinking about that a little  bit,Boats and Fish 1_Grade 4.xlsx,False,True,False,False,False,False,False
20,T,What do you think about that,Boats and Fish 1_Grade 4.xlsx,True,False,False,False,False,False,False
20,T,There are a lot of good ideas in what  you are saying,Boats and Fish 1_Grade 4.xlsx,False,False,True,False,False,False,False
20,T,I was thinking that  maybe it would help you it sort of helped me to look at Marks  model,Boats and Fish 1_Grade 4.xlsx,False,False,True,False,False,False,False
20,T,Sometimes it helps to look at a model thats a little different,Boats and Fish 1_Grade 4.xlsx,False,False,True,False,False,False,False
20,T,Maybe this is a model that doesnt use the Cuisenaire rods but in a  sense its a model,Boats and Fish 1_Grade 4.xlsx,False,False,True,False,False,False,False
20,T,Um I found out a little bit from Mark about a  book he read he was telling me,Boats and Fish 1_Grade 4.xlsx,False,False,True,False,False,False,False
20,T,This was  supposed to be a sea monster and this was supposed to be two friends,Boats and Fish 1_Grade 4.xlsx,False,False,True,False,False,False,False
20,T,And I looked at I looked at  what he built here to represent some of the  story and I thought by looking at this model that I couldnt really tell  of the boy and the girl who was taller by looking at them I wasnt  really sure and I didnt know really if Mark cared about that,Boats and Fish 1_Grade 4.xlsx,False,False,True,False,False,False,False
20,T,But I  looked at the sea monster okay and I looked at the boat okay and I  was thinking about their sizes a little bit right,Boats and Fish 1_Grade 4.xlsx,False,True,False,False,False,False,False
20,T,What are you why  are you smiling about Mark,Boats and Fish 1_Grade 4.xlsx,False,True,False,False,False,False,False
22,T,Did you want the sea monster to be bigger than the boat,Boats and Fish 1_Grade 4.xlsx,False,True,False,False,False,False,False
24,T,You really didnt,Boats and Fish 1_Grade 4.xlsx,False,False,False,False,False,False,True
24,T,What about the boat and the children,Boats and Fish 1_Grade 4.xlsx,False,False,False,True,False,False,False
26,T,The children are bigger than the boat,Boats and Fish 1_Grade 4.xlsx,False,False,False,False,False,False,True
26,T,Did you want that,Boats and Fish 1_Grade 4.xlsx,False,True,False,False,False,False,False
26,T,No,Boats and Fish 1_Grade 4.xlsx,False,False,True,False,False,False,False
29,T,I I,Boats and Fish 1_Grade 4.xlsx,False,False,True,False,False,False,False
31,T,Yeah,Boats and Fish 1_Grade 4.xlsx,False,False,True,False,False,False,False
33,T,Maybe the boat wasn t intended to be so close but that he could  make it you know the dock not as far out as those things,Boats and Fish 1_Grade 4.xlsx,False,False,True,False,False,False,False
33,T,Or maybe  he didnt think about it all those things,Boats and Fish 1_Grade 4.xlsx,False,False,True,False,False,False,False
33,T,That wasn t what he was  focusing on but I think suppose changed this suppose we took this  story and made it a math problem,Boats and Fish 1_Grade 4.xlsx,False,False,True,False,False,False,False
33,T,Suppose we changed it for a  different purpose,Boats and Fish 1_Grade 4.xlsx,False,False,True,False,False,False,False
33,T,And I said to all of you I want you to go and  make me a model of two children right and theyre sitting at a dock  and theyre fishing and they just caught a fish right,Boats and Fish 1_Grade 4.xlsx,False,True,False,False,False,False,False
33,T,Lets not make  it a sea monster and lets change it a little bit theyre fishing and then  their boat is docked somewhere do you understand,Boats and Fish 1_Grade 4.xlsx,False,True,False,False,False,False,False
33,T,If I asked you  to do that and it mattered now what sizes they were,Boats and Fish 1_Grade 4.xlsx,False,False,True,False,False,False,False
33,T,What would you  expect to be the largest object and the next and the next,Boats and Fish 1_Grade 4.xlsx,False,False,False,True,False,False,False
33,T,What  would you expect if you were really worrying about the size you  had two children at a dock and you have a boat and you have a fish  now we re not going to go with sea monsters,Boats and Fish 1_Grade 4.xlsx,False,False,True,False,False,False,False
33,T,Mark,Boats and Fish 1_Grade 4.xlsx,False,True,False,False,False,False,False
35,T,The boats the biggest,Boats and Fish 1_Grade 4.xlsx,False,False,False,False,False,True,False
35,T,Do you agree,Boats and Fish 1_Grade 4.xlsx,True,False,False,False,False,False,False
37,T,You think the boats the biggest,Boats and Fish 1_Grade 4.xlsx,False,False,True,False,False,False,False
37,T,okay,Boats and Fish 1_Grade 4.xlsx,False,False,True,False,False,False,False
39,T,Would be the smallest,Boats and Fish 1_Grade 4.xlsx,False,False,True,False,False,False,False
39,T,You all agree with that,Boats and Fish 1_Grade 4.xlsx,True,False,False,False,False,False,False
40,T,You agree with that that there are certain things that all  of you would have in your model,Boats and Fish 1_Grade 4.xlsx,True,False,False,False,False,False,False
40,T,You have these four principal  players right or things,Boats and Fish 1_Grade 4.xlsx,False,False,True,False,False,False,False
40,T,The boat two children and you have the fish,Boats and Fish 1_Grade 4.xlsx,False,False,True,False,False,False,False
40,T,And howwhat size will you make them will that necessarily be the  same,Boats and Fish 1_Grade 4.xlsx,False,False,False,True,False,False,False
40,T,Meredith,Boats and Fish 1_Grade 4.xlsx,False,True,False,False,False,False,False
42,T,Yeah,Boats and Fish 1_Grade 4.xlsx,False,False,True,False,False,False,False
42,T,You make your children,Boats and Fish 1_Grade 4.xlsx,False,False,True,False,False,False,False
42,T,some of you might use little dolls or  something right or bigger dolls or,Boats and Fish 1_Grade 4.xlsx,False,False,True,False,False,False,False
44,T,You wouldnt measure them the same,Boats and Fish 1_Grade 4.xlsx,False,False,False,False,False,False,True
44,T,But one thing that would be  the same is the relative one thing you have to be careful each of you  in your own models would be the sizes in relation to the other sizes  right,Boats and Fish 1_Grade 4.xlsx,False,True,False,False,False,False,False
44,T,And if somebody came in now with a fish bigger than the boy   that would have missed the point right,Boats and Fish 1_Grade 4.xlsx,False,True,False,False,False,False,False
46,T,Thats true ok thats true,Boats and Fish 1_Grade 4.xlsx,False,False,True,False,False,False,False
46,T,But we really mean two children fishing at  a little dock not out in the ocean somewhere where we expect the  fish to be smaller but youre right youre absolutely right Michael it  could be,Boats and Fish 1_Grade 4.xlsx,False,False,True,False,False,False,False
46,T,But we d have to agree on some things on some  constraints here,Boats and Fish 1_Grade 4.xlsx,False,False,True,False,False,False,False
46,T,Obviously if we changed it that we were maybe  deep sea fishing right and we could be catching some whales or  whatever,Boats and Fish 1_Grade 4.xlsx,False,False,True,False,False,False,False
46,T,Or even some very very big fish,Boats and Fish 1_Grade 4.xlsx,False,False,True,False,False,False,False
46,T,Okay that would  change,Boats and Fish 1_Grade 4.xlsx,False,False,True,False,False,False,False
46,T,Now what does that have to do with the models you made  and some of the comments that Michael and Erik made about the  models you made,Boats and Fish 1_Grade 4.xlsx,False,False,False,True,False,False,False
46,T,What does that have to say about it,Boats and Fish 1_Grade 4.xlsx,False,False,False,True,False,False,False
46,T,Would you  expect one model to come up with something different than the  other,Boats and Fish 1_Grade 4.xlsx,False,True,False,False,False,False,False
46,T,Would it look different,Boats and Fish 1_Grade 4.xlsx,False,True,False,False,False,False,False
48,T,Maybe,Boats and Fish 1_Grade 4.xlsx,False,False,True,False,False,False,False
48,T,Would the relationships that youre suppose to show change,Boats and Fish 1_Grade 4.xlsx,False,True,False,False,False,False,False
50,T,No,Boats and Fish 1_Grade 4.xlsx,False,False,False,False,False,True,False
50,T,And thats the important thing to remember,Boats and Fish 1_Grade 4.xlsx,False,False,True,False,False,False,False
50,T,That your model  that you make should not be changing right your argument,Boats and Fish 1_Grade 4.xlsx,False,False,True,False,False,False,False
50,T,But  suppose Mark had his model and suppose Danielle made a model  ok,Boats and Fish 1_Grade 4.xlsx,False,True,False,False,False,False,False
50,T,And Danielle decided to make a very little model okay a little  tiny model,Boats and Fish 1_Grade 4.xlsx,False,True,False,False,False,False,False
50,T,She doesnt like to carry big things to school,Boats and Fish 1_Grade 4.xlsx,False,False,True,False,False,False,False
50,T,And lets  suppose that Audra made a big model right,Boats and Fish 1_Grade 4.xlsx,False,True,False,False,False,False,False
50,T,She got some help,Boats and Fish 1_Grade 4.xlsx,False,False,True,False,False,False,False
50,T,Could I take the fish in Danielles model and swap it for the fish the  little fish in Danielle s model or lets take Audras big fish can I put  it in Danielles little box,Boats and Fish 1_Grade 4.xlsx,False,False,True,False,False,False,False
50,T,No,Boats and Fish 1_Grade 4.xlsx,False,False,True,False,False,False,False
50,T,Well it depends on how big the fish is,Boats and Fish 1_Grade 4.xlsx,False,False,True,False,False,False,False
51,T,Danielles little box is really a little box so its um you know  about this size  and Audras is like that and so Audras fish is maybe about this big and  Danielles fish is about this big,Boats and Fish 1_Grade 4.xlsx,False,False,True,False,False,False,False
51,T,Would it be okay to put Audras fish  in Danielles box,Boats and Fish 1_Grade 4.xlsx,False,True,False,False,False,False,False
51,T,No,Boats and Fish 1_Grade 4.xlsx,False,False,True,False,False,False,False
53,T,It would look like a shrimp,Boats and Fish 1_Grade 4.xlsx,False,False,False,False,False,True,False
53,T,Why wouldnt it be okay,Boats and Fish 1_Grade 4.xlsx,False,False,False,False,True,False,False
53,T,What would  probably happen if you did that,Boats and Fish 1_Grade 4.xlsx,False,False,False,True,False,False,False
53,T,Graham,Boats and Fish 1_Grade 4.xlsx,False,True,False,False,False,False,False
55,T,It wouldnt fit in it,Boats and Fish 1_Grade 4.xlsx,False,False,False,False,False,False,True
55,T,Thats exactly right it probably wouldnt even fit  in,Boats and Fish 1_Grade 4.xlsx,False,False,True,False,False,False,False
55,T,Maybe it would but it might not right,Boats and Fish 1_Grade 4.xlsx,False,True,False,False,False,False,False
55,T,And what would happen  Meredith,Boats and Fish 1_Grade 4.xlsx,False,False,False,True,False,False,False
57,T,It could be a shrimp,Boats and Fish 1_Grade 4.xlsx,False,False,True,False,False,False,False
59,T,Ok it raises some interesting questions doesnt it,Boats and Fish 1_Grade 4.xlsx,False,True,False,False,False,False,False
59,T,Were sort of you  know making up some hypothetical things and imagining some  things,Boats and Fish 1_Grade 4.xlsx,False,False,True,False,False,False,False
59,T,But do you get the idea,Boats and Fish 1_Grade 4.xlsx,False,True,False,False,False,False,False
59,T,That once youve built your model  and you decide what you are going to call one right,Boats and Fish 1_Grade 4.xlsx,False,True,False,False,False,False,False
59,T,Youve chosen  to make your other principal players in relationship to that one  right,Boats and Fish 1_Grade 4.xlsx,False,True,False,False,False,False,False
59,T,So in this case if if your one is going to be the size of this  little stage if you like  your players are made the boy the  girl the fish the boat in relationship to this stage isnt it,Boats and Fish 1_Grade 4.xlsx,False,True,False,False,False,False,False
61,T,But if youve made your one a much bigger stage if you  like your  players are going to be in relationship to that stage isnt that right,Boats and Fish 1_Grade 4.xlsx,False,True,False,False,False,False,False
61,T,And as long as you stay within your stage right you show your  relationships and if they may or may not work when you switch  stages right,Boats and Fish 1_Grade 4.xlsx,False,True,False,False,False,False,False
61,T,And that s like switching candy bars right,Boats and Fish 1_Grade 4.xlsx,False,True,False,False,False,False,False
61,T,Isnt that  right,Boats and Fish 1_Grade 4.xlsx,False,True,False,False,False,False,False
63,T,So I want you to think about that for models,Boats and Fish 1_Grade 4.xlsx,False,False,True,False,False,False,False
63,T,Would you expect if  you were building a brand new model that what you showed to be  true with your first model should it still work,Boats and Fish 1_Grade 4.xlsx,False,True,False,False,False,False,False
63,T,Should it still work  with the new model the relationships you showed with your old  model,Boats and Fish 1_Grade 4.xlsx,False,True,False,False,False,False,False
63,T,Would you expect it to work if your,Boats and Fish 1_Grade 4.xlsx,False,True,False,False,False,False,False
65,T,Michael  changed his mind he doesnt expect it to work Before he said it  should work and now he saying it may not work,Boats and Fish 1_Grade 4.xlsx,False,False,True,False,False,False,False
65,T,So tell me what  you re thinking,Boats and Fish 1_Grade 4.xlsx,False,False,False,True,False,False,False
67,T,Okay but thats not my question now,Boats and Fish 1_Grade 4.xlsx,False,False,True,False,False,False,False
67,T,Suppose in your little stage  you showed the people and the boat and the fish right,Boats and Fish 1_Grade 4.xlsx,False,True,False,False,False,False,False
67,T,And you  showed the fish were smaller than the people who were smaller than  the boat,Boats and Fish 1_Grade 4.xlsx,False,False,True,False,False,False,False
67,T,Right,Boats and Fish 1_Grade 4.xlsx,False,False,True,False,False,False,False
68,T,Would you expect lets say in Audras model which is a different  model that her fish was smaller than the people and smaller than the  boat,Boats and Fish 1_Grade 4.xlsx,False,True,False,False,False,False,False
70,T,But should those relationships hold,Boats and Fish 1_Grade 4.xlsx,False,True,False,False,False,False,False
73,T,Yeah is that right,Boats and Fish 1_Grade 4.xlsx,False,True,False,False,False,False,False
75,T,Or if we had sort of a medium size model like Marks and he were  trying to make these fit would you expect the fish to be smaller than  the people than the boat,Boats and Fish 1_Grade 4.xlsx,False,True,False,False,False,False,False
77,T,So in each of your models would have those relationships holding  right,Boats and Fish 1_Grade 4.xlsx,False,True,False,False,False,False,False
79,T,But they wouldnt all be built the same way and they wouldnt all be  the same size,Boats and Fish 1_Grade 4.xlsx,False,False,True,False,False,False,False
81,T,Right,Boats and Fish 1_Grade 4.xlsx,False,False,True,False,False,False,False
81,T,Is that like what youre doing when you make models to  compare fractions,Boats and Fish 1_Grade 4.xlsx,False,True,False,False,False,False,False
83,T,In what way is it the same or different,Boats and Fish 1_Grade 4.xlsx,False,False,False,True,False,False,False
83,T,Meredith,Boats and Fish 1_Grade 4.xlsx,False,True,False,False,False,False,False
85,T,What do the rest of you think,Boats and Fish 1_Grade 4.xlsx,True,False,False,False,False,False,False
85,T,How many of you agree with what  Meredith said,Boats and Fish 1_Grade 4.xlsx,True,False,False,False,False,False,False
85,T,How many of you disagree,Boats and Fish 1_Grade 4.xlsx,True,False,False,False,False,False,False
85,T,How many  of you are still not sure,Boats and Fish 1_Grade 4.xlsx,True,False,False,False,False,False,False
85,T,You know we have  to help the people who are not sure to understand,Boats and Fish 1_Grade 4.xlsx,False,False,True,False,False,False,False
85,T,they dont  disagree but theyre still not following,Boats and Fish 1_Grade 4.xlsx,False,False,True,False,False,False,False
85,T,Can someone help,Boats and Fish 1_Grade 4.xlsx,False,True,False,False,False,False,False
85,T,Let s  talk about this a little bit more to help them,Boats and Fish 1_Grade 4.xlsx,False,True,False,False,False,False,False
85,T,Who wants to give it a  try,Boats and Fish 1_Grade 4.xlsx,False,True,False,False,False,False,False
85,T,Or the people who arent sure want to  tell us what they are confused about,Boats and Fish 1_Grade 4.xlsx,False,True,False,False,False,False,False
85,T,Do you want to talk a little bit,Boats and Fish 1_Grade 4.xlsx,False,True,False,False,False,False,False
85,T,Audra,Boats and Fish 1_Grade 4.xlsx,False,True,False,False,False,False,False
85,T,Jackie,Boats and Fish 1_Grade 4.xlsx,False,True,False,False,False,False,False
85,T,What bothers you and then maybe the people here  will try to help ok,Boats and Fish 1_Grade 4.xlsx,False,True,False,False,False,False,False
86,T,Michael do you want to add to that,Boats and Fish 1_Grade 4.xlsx,True,False,False,False,False,False,False
88,T,Does that help Laura Audra or would you like to ask Michael a  question,Boats and Fish 1_Grade 4.xlsx,False,True,False,False,False,False,False
88,T,Does anybody want to add to that,Boats and Fish 1_Grade 4.xlsx,True,False,False,False,False,False,False
88,T,Weve heard from  Michael and weve heard from Erik,Boats and Fish 1_Grade 4.xlsx,False,False,True,False,False,False,False
88,T,Meredith you were going to say  something earlier,Boats and Fish 1_Grade 4.xlsx,False,True,False,False,False,False,False
88,T,Oh it was said already,Boats and Fish 1_Grade 4.xlsx,False,True,False,False,False,False,False
90,T,Does anybody want to add to that,Boats and Fish 1_Grade 4.xlsx,True,False,False,False,False,False,False
90,T,Sarah Beth okay well its    something to think about isnt it as we make uh different models,Boats and Fish 1_Grade 4.xlsx,False,False,True,False,False,False,False
1,T,Im wondering which is bigger one half or two thirds,Boats and Fish 2_Grade 4.xlsx,False,False,True,False,False,False,False
1,T,Now  before you model it you might think in your head before you begin  to model it what you is bigger and if so if one is bigger by how  much,Boats and Fish 2_Grade 4.xlsx,False,False,True,False,False,False,False
1,T,Why don t you work with your partner and see what you can  do,Boats and Fish 2_Grade 4.xlsx,False,False,True,False,False,False,False
15,T,Now take six of the ones,Boats and Fish 2_Grade 4.xlsx,False,False,True,False,False,False,False
15,T,Which is bigger,Boats and Fish 2_Grade 4.xlsx,False,False,False,True,False,False,False
,T,Yes David and Meredith,Boats and Fish 2_Grade 4.xlsx,False,True,False,False,False,False,False
20,T,You both agree,Boats and Fish 2_Grade 4.xlsx,True,False,False,False,False,False,False
24,T,I m sorry what s the number name for dark green,Boats and Fish 2_Grade 4.xlsx,False,False,True,False,False,False,False
25,T,Ok,Boats and Fish 2_Grade 4.xlsx,False,False,True,False,False,False,False
27,T,Hold on I m a little confused,Boats and Fish 2_Grade 4.xlsx,False,False,True,False,False,False,False
27,T,Tell me again,Boats and Fish 2_Grade 4.xlsx,False,True,False,False,False,False,False
27,T,Six ones,Boats and Fish 2_Grade 4.xlsx,False,True,False,False,False,False,False
27,T,You called  this one,Boats and Fish 2_Grade 4.xlsx,False,True,False,False,False,False,False
27,T,What are you calling these,Boats and Fish 2_Grade 4.xlsx,False,False,False,True,False,False,False
29,T,One sixth,Boats and Fish 2_Grade 4.xlsx,False,False,False,False,False,True,False
32,T,Ok,Boats and Fish 2_Grade 4.xlsx,False,False,True,False,False,False,False
35,T,Do you both agree with that,Boats and Fish 2_Grade 4.xlsx,True,False,False,False,False,False,False
37,T,Ok could you write that up,Boats and Fish 2_Grade 4.xlsx,False,False,True,False,False,False,False
37,T,Uh let me get you some paper I want  you to write that up,Boats and Fish 2_Grade 4.xlsx,False,False,True,False,False,False,False
37,T,And see if you can make me  if it works for  other models because some students don t believe that it works for  other models and I think you two believe that it works for other  models,Boats and Fish 2_Grade 4.xlsx,False,False,True,False,False,False,False
39,T,So can you try to find some so that you can try to convince them that  it should work for other models and come up with a way of  explaining it to the class ok,Boats and Fish 2_Grade 4.xlsx,False,True,False,False,False,False,False
39,T,That if it works if you really believe it  that if it works for one it works for others and then write this up let  me get you some paper,Boats and Fish 2_Grade 4.xlsx,False,False,True,False,False,False,False
41,T,Ok I see you had your hands up  over here,Boats and Fish 2_Grade 4.xlsx,False,True,False,False,False,False,False
43,T,Let me come around and see what you re doing,Boats and Fish 2_Grade 4.xlsx,False,False,True,False,False,False,False
46,T,You have two solutions three,Boats and Fish 2_Grade 4.xlsx,False,False,True,False,False,False,False
46,T,Ok let me hear about one of these  models,Boats and Fish 2_Grade 4.xlsx,False,False,True,False,False,False,False
46,T,Here which one do you want to tell me about,Boats and Fish 2_Grade 4.xlsx,False,True,False,False,False,False,False
48,T,Yeah thats an interesting looking one tell me about it,Boats and Fish 2_Grade 4.xlsx,False,False,False,True,False,False,False
50,T,The orange and red together,Boats and Fish 2_Grade 4.xlsx,False,True,False,False,False,False,False
52,T,Can we go back to that one again,Boats and Fish 2_Grade 4.xlsx,False,True,False,False,False,False,False
54,T,How does that work,Boats and Fish 2_Grade 4.xlsx,False,False,False,True,False,False,False
54,T,Im confused about that,Boats and Fish 2_Grade 4.xlsx,False,False,True,False,False,False,False
54,T,I m confused about  the little white rods I am following you right up to that point,Boats and Fish 2_Grade 4.xlsx,False,False,True,False,False,False,False
56,T,All right okay,Boats and Fish 2_Grade 4.xlsx,False,False,True,False,False,False,False
58,T,By two twelfths okay,Boats and Fish 2_Grade 4.xlsx,False,False,True,False,False,False,False
60,T,Uh hmm,Boats and Fish 2_Grade 4.xlsx,False,False,True,False,False,False,False
62,T,Uh hmm,Boats and Fish 2_Grade 4.xlsx,False,False,True,False,False,False,False
64,T,Okay so here it was bigger by two twelfths and here it was bigger  by one sixth,Boats and Fish 2_Grade 4.xlsx,False,False,True,False,False,False,False
66,T,Thats interesting,Boats and Fish 2_Grade 4.xlsx,False,False,True,False,False,False,False
66,T,Could we call the difference between the two  thirds and the one half in this model another number name besides two twelfths,Boats and Fish 2_Grade 4.xlsx,False,False,False,True,False,False,False
68,T,You said two of those little white ones were two twelfths right,Boats and Fish 2_Grade 4.xlsx,False,True,False,False,False,False,False
70,T,Oh thats interesting thats kind of interesting then so if you then  used the reds to describe the difference you could call this one sixth  the difference,Boats and Fish 2_Grade 4.xlsx,False,False,True,False,False,False,False
72,T,And over here,Boats and Fish 2_Grade 4.xlsx,False,False,True,False,False,False,False
72,T,one of the whites you say is one sixth,Boats and Fish 2_Grade 4.xlsx,False,True,False,False,False,False,False
74,T,Oh that s interesting two different models,Boats and Fish 2_Grade 4.xlsx,False,False,True,False,False,False,False
74,T,Okay,Boats and Fish 2_Grade 4.xlsx,False,False,True,False,False,False,False
1,T,Im wondering which is bigger one half or two thirds,Boats and Fish 3_Grade 4.xlsx,False,False,True,False,False,False,False
1,T,Now  before you model it you might think in your head before you begin  to model it what you is bigger and if so if one is bigger by how  much,Boats and Fish 3_Grade 4.xlsx,False,False,True,False,False,False,False
1,T,Why don t you work with your partner and see if you can  figure it out,Boats and Fish 3_Grade 4.xlsx,False,True,False,False,False,False,False
3,T,And what we supposed to figure out after we did that,Boats and Fish 3_Grade 4.xlsx,False,False,False,True,False,False,False
5,T,Oh I want to know,Boats and Fish 3_Grade 4.xlsx,False,False,True,False,False,False,False
5,T,Is it still the same or does it change when your  model changes,Boats and Fish 3_Grade 4.xlsx,False,False,False,True,False,False,False
7,T,How much,Boats and Fish 3_Grade 4.xlsx,False,False,False,True,False,False,False
7,T,Let s line  em  up,Boats and Fish 3_Grade 4.xlsx,False,False,True,False,False,False,False
7,T,Two thirds is bigger but now I want to know by how much,Boats and Fish 3_Grade 4.xlsx,False,False,False,True,False,False,False
7,T,Can  you figure that,Boats and Fish 3_Grade 4.xlsx,False,False,False,True,False,False,False
7,T,You need some more whites,Boats and Fish 3_Grade 4.xlsx,False,False,True,False,False,False,False
7,T,Uh how many  more do you think you need,Boats and Fish 3_Grade 4.xlsx,False,False,False,True,False,False,False
7,T,A bunch,Boats and Fish 3_Grade 4.xlsx,False,True,False,False,False,False,False
7,T,Takes a lot doesn t it,Boats and Fish 3_Grade 4.xlsx,False,True,False,False,False,False,False
7,T,How  many do you think,Boats and Fish 3_Grade 4.xlsx,False,False,False,True,False,False,False
9,T,Hmm,Boats and Fish 3_Grade 4.xlsx,False,False,True,False,False,False,False
9,T,So how much larger,Boats and Fish 3_Grade 4.xlsx,False,False,False,True,False,False,False
12,T,You can use some more of these if you want  Danielle It s bigger by three eighteenths,Boats and Fish 3_Grade 4.xlsx,False,False,True,False,False,False,False
13,T,My goodness tell me help me remember what it was over there,Boats and Fish 3_Grade 4.xlsx,False,False,False,True,False,False,False
15,T,Ok so does that mean we have a different answer,Boats and Fish 3_Grade 4.xlsx,False,True,False,False,False,False,False
15,T,No,Boats and Fish 3_Grade 4.xlsx,False,True,False,False,False,False,False
15,T,This is  different from the other one or the same,Boats and Fish 3_Grade 4.xlsx,False,False,False,True,False,False,False
17,T,How s it different and how s it the same,Boats and Fish 3_Grade 4.xlsx,False,False,False,True,False,False,False
19,T,You mean yeah the two thirds are bigger by three eighteenths,Boats and Fish 3_Grade 4.xlsx,False,False,False,False,False,False,True
21,T,Mmm hmm,Boats and Fish 3_Grade 4.xlsx,False,False,True,False,False,False,False
21,T,And so you think that you get a different answer if you  have different models,Boats and Fish 3_Grade 4.xlsx,False,True,False,False,False,False,False
21,T,As to how much bigger,Boats and Fish 3_Grade 4.xlsx,False,True,False,False,False,False,False
21,T,I agree with you  you re saying that two thirds is still bigger but it it bigger by a  different thing,Boats and Fish 3_Grade 4.xlsx,False,False,False,True,False,False,False
23,T,You re still looking for another way to do it,Boats and Fish 3_Grade 4.xlsx,False,True,False,False,False,False,False
23,T,That  doesn t quite work does it,Boats and Fish 3_Grade 4.xlsx,False,True,False,False,False,False,False
23,T,We found one way over here we found  this way it seems to me  there ought to be something in between is  that what you re thinking,Boats and Fish 3_Grade 4.xlsx,False,True,False,False,False,False,False
23,T,Hmm I wonder if there s another way,Boats and Fish 3_Grade 4.xlsx,False,False,True,False,False,False,False
23,T,Hmm she used the orange and the brown is there something smaller  than the brown that you could put together that would work no add  onto the orange,Boats and Fish 3_Grade 4.xlsx,False,False,False,True,False,False,False
23,T,She added the brown to the end of the orange and  that got hers to work,Boats and Fish 3_Grade 4.xlsx,False,False,True,False,False,False,False
23,T,This is there something smaller than this  brown that would work attached to this,Boats and Fish 3_Grade 4.xlsx,False,False,False,True,False,False,False
23,T,You tried that one it didn t  work,Boats and Fish 3_Grade 4.xlsx,False,False,True,False,False,False,False
23,T,Let s try this one and see if it can work,Boats and Fish 3_Grade 4.xlsx,False,False,True,False,False,False,False
23,T,Why don t you try the  orange and the red,Boats and Fish 3_Grade 4.xlsx,False,False,True,False,False,False,False
23,T,I m still concerned about about  whether the three eighteenths is a different answer from the one  sixth,Boats and Fish 3_Grade 4.xlsx,False,False,True,False,False,False,False
23,T,You said here that if you have two thirds and a half oh there  you said over here now you have to see if you can do it  with thirds is that right,Boats and Fish 3_Grade 4.xlsx,False,True,False,False,False,False,False
23,T,Hmm,Boats and Fish 3_Grade 4.xlsx,False,False,True,False,False,False,False
23,T,Look we have a  different model over here even,Boats and Fish 3_Grade 4.xlsx,False,False,True,False,False,False,False
23,T,So now we have three,Boats and Fish 3_Grade 4.xlsx,False,False,True,False,False,False,False
23,T,I wonder if  it s going to be the same as yours or if it s going to be the same as  this one,Boats and Fish 3_Grade 4.xlsx,False,False,True,False,False,False,False
23,T,Is two thirds still bigger Greg is two thirds still bigger than  a half on this model too or did it change,Boats and Fish 3_Grade 4.xlsx,False,False,False,True,False,False,False
23,T,Ok Danielle what do you think about this time,Boats and Fish 3_Grade 4.xlsx,False,False,False,True,False,False,False
25,T,What is two thirds,Boats and Fish 3_Grade 4.xlsx,False,False,False,True,False,False,False
25,T,Can you build a two thirds and a one half for  him separate so we can then compare,Boats and Fish 3_Grade 4.xlsx,False,False,False,True,False,False,False
27,T,What s the difference,Boats and Fish 3_Grade 4.xlsx,False,False,False,True,False,False,False
29,T,Oh so is he getting a different answer from that too or are they the  same,Boats and Fish 3_Grade 4.xlsx,True,False,False,False,False,False,False
29,T,How are the answers I don t understand what do you think  about this,Boats and Fish 3_Grade 4.xlsx,False,False,False,True,False,False,False
31,T,Over here it was how much,Boats and Fish 3_Grade 4.xlsx,False,False,False,True,False,False,False
33,T,And this one,Boats and Fish 3_Grade 4.xlsx,False,False,False,True,False,False,False
36,T,And your original one was,Boats and Fish 3_Grade 4.xlsx,False,False,False,True,False,False,False
38,T,Oh so what do you think,Boats and Fish 3_Grade 4.xlsx,False,False,False,True,False,False,False
40,T,The two thirds are always bigger than the half,Boats and Fish 3_Grade 4.xlsx,False,True,False,False,False,False,False
44,T,Mmm hmm,Boats and Fish 3_Grade 4.xlsx,False,False,True,False,False,False,False
44,T,Is there any other way that you could show that  difference here than with the whites,Boats and Fish 3_Grade 4.xlsx,False,False,False,True,False,False,False
44,T,It s the only way you could  show it there isn t it,Boats and Fish 3_Grade 4.xlsx,False,True,False,False,False,False,False
44,T,I don t mean for you to change your model I  mean is there any other way that you could show me what that  difference looks like without using the whites,Boats and Fish 3_Grade 4.xlsx,False,False,False,True,False,False,False
44,T,Or this difference  here,Boats and Fish 3_Grade 4.xlsx,False,False,False,True,False,False,False
46,T,What would that be,Boats and Fish 3_Grade 4.xlsx,False,False,False,True,False,False,False
48,T,Hmm,Boats and Fish 3_Grade 4.xlsx,False,False,True,False,False,False,False
48,T,And what did you say it was over here with the little one,Boats and Fish 3_Grade 4.xlsx,False,False,False,True,False,False,False
50,T,Mmm hmm,Boats and Fish 3_Grade 4.xlsx,False,False,True,False,False,False,False
50,T,So if you used the light green,Boats and Fish 3_Grade 4.xlsx,False,False,True,False,False,False,False
52,T,It could be one sixth,Boats and Fish 3_Grade 4.xlsx,False,False,False,False,False,True,False
52,T,And if you used the whites,Boats and Fish 3_Grade 4.xlsx,False,False,False,True,False,False,False
54,T,Mmm hmm,Boats and Fish 3_Grade 4.xlsx,False,False,True,False,False,False,False
54,T,What about for this one,Boats and Fish 3_Grade 4.xlsx,False,False,False,True,False,False,False
56,T,It was this one here,Boats and Fish 3_Grade 4.xlsx,False,False,True,False,False,False,False
56,T,Uh Gregory I want you to watch and see if you agree with  what Danielle is doing here,Boats and Fish 3_Grade 4.xlsx,True,False,False,False,False,False,False
58,T,Mmm over each of  em,Boats and Fish 3_Grade 4.xlsx,False,True,False,False,False,False,False
60,T,But you have had two two different names for the answer if you did  it this way it was,Boats and Fish 3_Grade 4.xlsx,False,False,False,True,False,False,False
62,T,And and uh Gregory for this one over here where she had the  three what was the name for that one,Boats and Fish 3_Grade 4.xlsx,False,False,False,True,False,False,False
64,T,Yeah it was,Boats and Fish 3_Grade 4.xlsx,False,False,True,False,False,False,False
1,T,I m  going to have to have to stop you for a minute I know that I hate to  do this because I know you re working all so hard but I would like  to spend ten minutes uh just have us think about a few things and  you can finish this is that ok Mrs Phillips if they can finish writing  this up for us when we come back on Wed,Boats and Fish 4_Grade 4 .xlsx,False,False,True,False,False,False,False
1,T,Ok so you really have  today and maybe some time tomorrow to finish writing this up,Boats and Fish 4_Grade 4 .xlsx,False,False,True,False,False,False,False
1,T,I I  would like all of you though to sort of give me your attention for a  minute um because I m wondering about a few things,Boats and Fish 4_Grade 4 .xlsx,False,False,True,False,False,False,False
1,T,I need you  to help me straighten out some things in my head and if you can  help me straighten them out in my head you may be helping out  other people straighten them out also,Boats and Fish 4_Grade 4 .xlsx,False,False,True,False,False,False,False
1,T,So I m going to ask you some  some important questions are you all listening to my questions,Boats and Fish 4_Grade 4 .xlsx,False,True,False,False,False,False,False
1,T,If  you could stop what you re doing for a moment I know it s hard  and sort of listen to my questions,Boats and Fish 4_Grade 4 .xlsx,False,False,True,False,False,False,False
1,T,How many of you made one  model and absolutely are convinced that you know by your model  which is bigger one half or two thirds,Boats and Fish 4_Grade 4 .xlsx,False,True,False,False,False,False,False
1,T,How many of you did that  with one model and you are absolutely convinced with your model  you know which is bigger one half or two thirds,Boats and Fish 4_Grade 4 .xlsx,False,True,False,False,False,False,False
1,T,Would you please  raise your hand if you made one model you could have made more  than one but you made at least one,Boats and Fish 4_Grade 4 .xlsx,False,True,False,False,False,False,False
1,T,If you made at least one model  girls and you re absolutely convinced No  one could persuade you otherwise that you know which is bigger  one half or two thirds,Boats and Fish 4_Grade 4 .xlsx,False,True,False,False,False,False,False
1,T,Alright so tell me which is bigger,Boats and Fish 4_Grade 4 .xlsx,False,False,False,True,False,False,False
3,T,Again,Boats and Fish 4_Grade 4 .xlsx,False,True,False,False,False,False,False
5,T,And you also know how much bigger,Boats and Fish 4_Grade 4 .xlsx,False,False,True,False,False,False,False
5,T,How many of you are  convinced you know how much bigger and no one can persuade you  otherwise that two thirds is not only bigger than a half but it is how  much bigger,Boats and Fish 4_Grade 4 .xlsx,False,False,False,True,False,False,False
7,T,How many of you believe one sixth,Boats and Fish 4_Grade 4 .xlsx,False,True,False,False,False,False,False
7,T,That s what I thought  Walking around I thought that that is what I  believe that everyone has done,Boats and Fish 4_Grade 4 .xlsx,False,False,True,False,False,False,False
7,T,How many of you made a second  model,Boats and Fish 4_Grade 4 .xlsx,False,True,False,False,False,False,False
9,T,You could have made more than two but you made at least two  models,Boats and Fish 4_Grade 4 .xlsx,False,False,True,False,False,False,False
9,T,And in your second model you got a different answer,Boats and Fish 4_Grade 4 .xlsx,False,False,True,False,False,False,False
9,T,You  got an entirely different answer you no longer have two thirds  bigger than one half you showed something else,Boats and Fish 4_Grade 4 .xlsx,False,False,True,False,False,False,False
9,T,Are you all  watching,Boats and Fish 4_Grade 4 .xlsx,False,True,False,False,False,False,False
9,T,Some of you got a second model that showed something  different,Boats and Fish 4_Grade 4 .xlsx,False,False,True,False,False,False,False
9,T,Meredith,Boats and Fish 4_Grade 4 .xlsx,False,True,False,False,False,False,False
9,T,Lets listen to what Meredith says,Boats and Fish 4_Grade 4 .xlsx,False,False,True,False,False,False,False
9,T,Girls why don t we stop that for just a moment and then  we ll make some more,Boats and Fish 4_Grade 4 .xlsx,False,False,True,False,False,False,False
9,T,Listen listen,Boats and Fish 4_Grade 4 .xlsx,False,False,True,False,False,False,False
9,T,You think you  showed something else in your second model,Boats and Fish 4_Grade 4 .xlsx,False,False,False,True,False,False,False
9,T,I am  really confused,Boats and Fish 4_Grade 4 .xlsx,False,False,True,False,False,False,False
9,T,I have no idea what Meredith is going to do,Boats and Fish 4_Grade 4 .xlsx,False,False,True,False,False,False,False
9,T,Because I thought I understood this and I thought she was going to  tell me she got the same answer,Boats and Fish 4_Grade 4 .xlsx,False,False,True,False,False,False,False
9,T,Did you think that,Boats and Fish 4_Grade 4 .xlsx,False,True,False,False,False,False,False
9,T,And now she s  telling me no,Boats and Fish 4_Grade 4 .xlsx,False,False,True,False,False,False,False
9,T,Im going to get so confused,Boats and Fish 4_Grade 4 .xlsx,False,False,True,False,False,False,False
9,T,You are all going to have to help me,Boats and Fish 4_Grade 4 .xlsx,False,False,True,False,False,False,False
9,T,How many of you  built a second model that looks like that model up there that  Meredith is fiddling with,Boats and Fish 4_Grade 4 .xlsx,True,False,False,False,False,False,False
9,T,How many of you have a model that looks  like that,Boats and Fish 4_Grade 4 .xlsx,True,False,False,False,False,False,False
9,T,By the way what was one in that  model,Boats and Fish 4_Grade 4 .xlsx,False,False,False,True,False,False,False
9,T,What did you call one in that model,Boats and Fish 4_Grade 4 .xlsx,False,False,False,True,False,False,False
9,T,Amy,Boats and Fish 4_Grade 4 .xlsx,False,True,False,False,False,False,False
11,T,How many of you called  one  orange and red in that model,Boats and Fish 4_Grade 4 .xlsx,False,True,False,False,False,False,False
11,T,Yeah  you did that model,Boats and Fish 4_Grade 4 .xlsx,False,False,True,False,False,False,False
11,T,Did you get to have two thirds bigger than a  half,Boats and Fish 4_Grade 4 .xlsx,False,True,False,False,False,False,False
13,T,Amy got two thirds bigger than a half in that model how many of  you got two thirds bigger than a half in that model where the orange  and the red were one,Boats and Fish 4_Grade 4 .xlsx,False,False,True,False,False,False,False
13,T,Michael didnt Meredith did,Boats and Fish 4_Grade 4 .xlsx,False,False,True,False,False,False,False
13,T,You didn t  Michael,Boats and Fish 4_Grade 4 .xlsx,False,True,False,False,False,False,False
15,T,Oh but youre saying that youre saying that two thirds whats a  third,Boats and Fish 4_Grade 4 .xlsx,False,False,False,True,False,False,False
17,T,And what s two thirds,Boats and Fish 4_Grade 4 .xlsx,False,False,False,True,False,False,False
17,T,Just tell us,Boats and Fish 4_Grade 4 .xlsx,False,False,False,True,False,False,False
19,T,Did you all do that,Boats and Fish 4_Grade 4 .xlsx,True,False,False,False,False,False,False
19,T,Did you get two thirds to be two purples,Boats and Fish 4_Grade 4 .xlsx,False,True,False,False,False,False,False
19,T,And what did you get to be one half,Boats and Fish 4_Grade 4 .xlsx,False,False,False,True,False,False,False
21,T,Did you get dark green to be a half,Boats and Fish 4_Grade 4 .xlsx,False,True,False,False,False,False,False
21,T,And you got two thirds to be bigger  than one half,Boats and Fish 4_Grade 4 .xlsx,False,True,False,False,False,False,False
23,T,By how much,Boats and Fish 4_Grade 4 .xlsx,False,False,False,True,False,False,False
27,T,Tell us Meredith,Boats and Fish 4_Grade 4 .xlsx,False,False,False,True,False,False,False
27,T,Aha,Boats and Fish 4_Grade 4 .xlsx,False,False,True,False,False,False,False
27,T,How many of you got one sixth,Boats and Fish 4_Grade 4 .xlsx,False,True,False,False,False,False,False
27,T,And what rod did you use to represent one sixth,Boats and Fish 4_Grade 4 .xlsx,False,False,False,True,False,False,False
27,T,What color rod,Boats and Fish 4_Grade 4 .xlsx,False,False,False,True,False,False,False
29,T,How many of you used a red rod to represent one sixth in that model  and you showed it was bigger by one sixth,Boats and Fish 4_Grade 4 .xlsx,False,True,False,False,False,False,False
29,T,And Meredith says she  did it a little differently and she didnt get one sixth,Boats and Fish 4_Grade 4 .xlsx,False,False,True,False,False,False,False
29,T,And what did  you get Meredith,Boats and Fish 4_Grade 4 .xlsx,False,False,False,True,False,False,False
31,T,What do you think about that,Boats and Fish 4_Grade 4 .xlsx,True,False,False,False,False,False,False
33,T,Well she showed its bigger by the two whites she shows two  whites bigger,Boats and Fish 4_Grade 4 .xlsx,False,False,True,False,False,False,False
38,T,Shes calling one white one sixth,Boats and Fish 4_Grade 4 .xlsx,True,False,False,False,False,False,False
40,T,Shes calling one white one twelfth,Boats and Fish 4_Grade 4 .xlsx,False,False,False,False,False,False,True
42,T,Ok but she didnt combine them and shes calling the two whites  together again Meredith,Boats and Fish 4_Grade 4 .xlsx,False,False,False,True,False,False,False
44,T,Two twelfths,Boats and Fish 4_Grade 4 .xlsx,False,False,False,False,False,True,False
44,T,She s calling,Boats and Fish 4_Grade 4 .xlsx,False,False,True,False,False,False,False
44,T,Do you all agree that one  white has a the number name for the white rod is one twelfth,Boats and Fish 4_Grade 4 .xlsx,True,False,False,False,False,False,False
44,T,Someone told me that when I was walking around it might have  been Audra,Boats and Fish 4_Grade 4 .xlsx,False,False,True,False,False,False,False
44,T,And some other people told me a white would be one  twelfth,Boats and Fish 4_Grade 4 .xlsx,False,True,False,False,False,False,False
44,T,Is that true,Boats and Fish 4_Grade 4 .xlsx,False,True,False,False,False,False,False
44,T,And two white rods would be,Boats and Fish 4_Grade 4 .xlsx,False,False,False,True,False,False,False
46,T,Two twelfths,Boats and Fish 4_Grade 4 .xlsx,False,False,False,False,False,True,False
46,T,And one red would be,Boats and Fish 4_Grade 4 .xlsx,False,False,False,True,False,False,False
48,T,One sixth,Boats and Fish 4_Grade 4 .xlsx,False,False,False,False,False,True,False
48,T,So so what is Meredith saying here,Boats and Fish 4_Grade 4 .xlsx,False,True,False,False,False,False,False
50,T,Are there two answers,Boats and Fish 4_Grade 4 .xlsx,False,True,False,False,False,False,False
53,T,Let me write this  down,Boats and Fish 4_Grade 4 .xlsx,False,False,True,False,False,False,False
53,T,This what you are saying here is so important here,Boats and Fish 4_Grade 4 .xlsx,False,False,True,False,False,False,False
53,T,Let me  see if I can write this down,Boats and Fish 4_Grade 4 .xlsx,False,False,True,False,False,False,False
53,T,Youre saying that youre calling the red  youre giving red the number name right,Boats and Fish 4_Grade 4 .xlsx,False,True,False,False,False,False,False
53,T,The length of the red  right,Boats and Fish 4_Grade 4 .xlsx,False,True,False,False,False,False,False
53,T,Well give it the number name what did you say,Boats and Fish 4_Grade 4 .xlsx,False,True,False,False,False,False,False
55,T,One sixth,Boats and Fish 4_Grade 4 .xlsx,False,False,False,False,False,True,False
55,T,And two whites can I write two  w   for  two whites,Boats and Fish 4_Grade 4 .xlsx,False,True,False,False,False,False,False
57,T,And youre calling two whites,Boats and Fish 4_Grade 4 .xlsx,False,False,False,True,False,False,False
59,T,Two twelfths,Boats and Fish 4_Grade 4 .xlsx,False,False,False,False,False,True,False
59,T,But what Erik just told me right  is something about red and white,Boats and Fish 4_Grade 4 .xlsx,False,False,True,False,False,False,False
61,T,So were talking about the length of the red rod the  length of the red rod is the same as the length of the two white rods,Boats and Fish 4_Grade 4 .xlsx,False,True,False,False,False,False,False
61,T,Is that  true,Boats and Fish 4_Grade 4 .xlsx,False,True,False,False,False,False,False
61,T,Do you all agree to that,Boats and Fish 4_Grade 4 .xlsx,True,False,False,False,False,False,False
64,T,She says one white is a twelfth and then if you put it together  with another one twelfth shes saying you get two twelfths,Boats and Fish 4_Grade 4 .xlsx,False,False,True,False,False,False,False
66,T,And youre saying if you have if you take one half thats all right,Boats and Fish 4_Grade 4 .xlsx,False,True,False,False,False,False,False
66,T,If youre taking one half of one sixth youre  saying you get one twelfth  Youre saying that,Boats and Fish 4_Grade 4 .xlsx,False,False,True,False,False,False,False
66,T,Thats the two things Im hearing,Boats and Fish 4_Grade 4 .xlsx,False,False,True,False,False,False,False
66,T,Right,Boats and Fish 4_Grade 4 .xlsx,False,False,True,False,False,False,False
66,T,And  youre saying that the length of one sixth is the same as  the length of two twelfths,Boats and Fish 4_Grade 4 .xlsx,False,False,True,False,False,False,False
66,T,Is that what you are saying,Boats and Fish 4_Grade 4 .xlsx,False,True,False,False,False,False,False
68,T,All those things are they true,Boats and Fish 4_Grade 4 .xlsx,False,True,False,False,False,False,False
72,T,Well we have different number names for these rods,Boats and Fish 4_Grade 4 .xlsx,False,False,True,False,False,False,False
75,T,So youre saying that one half of the one sixth is another way of  saying one twelfth,Boats and Fish 4_Grade 4 .xlsx,False,False,False,False,False,False,True
77,T,Well youre saying if you took a twelfth a rod that has length one  twelfth and another rod that has length one twelfth and put them  together right,Boats and Fish 4_Grade 4 .xlsx,False,True,False,False,False,False,False
77,T,That rod would have length two twelfths,Boats and Fish 4_Grade 4 .xlsx,False,False,True,False,False,False,False
77,T,Isnt that  what you said,Boats and Fish 4_Grade 4 .xlsx,False,True,False,False,False,False,False
79,T,Or a rod that has length one sixth that would be the red one in this  problem would also have length two twelfths,Boats and Fish 4_Grade 4 .xlsx,False,False,True,False,False,False,False
79,T,Is that what you said  when you talk about the lengths of the rods,Boats and Fish 4_Grade 4 .xlsx,False,True,False,False,False,False,False
79,T,So are all of these true  statements,Boats and Fish 4_Grade 4 .xlsx,False,True,False,False,False,False,False
81,T,Thats amazing,Boats and Fish 4_Grade 4 .xlsx,False,False,True,False,False,False,False
81,T,Look at all the fancy mathematics youre doing  thats amazing,Boats and Fish 4_Grade 4 .xlsx,False,False,True,False,False,False,False
81,T,Thats something for us to think about ok,Boats and Fish 4_Grade 4 .xlsx,False,True,False,False,False,False,False
81,T,So  Meredith is still saying that I dont disagree with you when I say  that its a red bigger in this model  right,Boats and Fish 4_Grade 4 .xlsx,False,True,False,False,False,False,False
83,T,Im just going to give this red a different number name,Boats and Fish 4_Grade 4 .xlsx,False,False,True,False,False,False,False
83,T,I could give  it the number name one sixth if I think about it when I compare it to  the rod I call one the orange and red I could give it the number  name one sixth,Boats and Fish 4_Grade 4 .xlsx,False,False,True,False,False,False,False
83,T,Or if Im thinking about the white rods right,Boats and Fish 4_Grade 4 .xlsx,False,True,False,False,False,False,False
83,T,I  could give it the number name two twelfths,Boats and Fish 4_Grade 4 .xlsx,False,False,True,False,False,False,False
83,T,And thats very  interesting,Boats and Fish 4_Grade 4 .xlsx,False,False,True,False,False,False,False
83,T,Does that contradict what youre doing,Boats and Fish 4_Grade 4 .xlsx,False,True,False,False,False,False,False
83,T,Or does it still  work what youre doing,Boats and Fish 4_Grade 4 .xlsx,False,True,False,False,False,False,False
83,T,It still works Meredith thinks,Boats and Fish 4_Grade 4 .xlsx,False,False,True,False,False,False,False
83,T,Thats  something to think about isnt it,Boats and Fish 4_Grade 4 .xlsx,False,True,False,False,False,False,False
83,T,That s very interesting thank you  for sharing that,Boats and Fish 4_Grade 4 .xlsx,False,False,True,False,False,False,False
83,T,Well I think we ve run out of time,Boats and Fish 4_Grade 4 .xlsx,False,False,True,False,False,False,False
2,T,It looks like histogram F and situation 5,Borko.TranscriptofWholeClassDebrief.xlsx,False,False,True,False,False,False,False
2,T,would you read it,Borko.TranscriptofWholeClassDebrief.xlsx,False,True,False,False,False,False,False
4,T,Ok and can you tell us why your group feels good about that match,Borko.TranscriptofWholeClassDebrief.xlsx,False,False,False,False,True,False,False
6,T,Ok Um whats the frequency for the bin thats the highest bar,Borko.TranscriptofWholeClassDebrief.xlsx,False,False,False,True,False,False,False
6,T,I cant see it,Borko.TranscriptofWholeClassDebrief.xlsx,False,False,True,False,False,False,False
8,T,Ooooo ooooo,Borko.TranscriptofWholeClassDebrief.xlsx,False,False,True,False,False,False,False
8,T,Um how many groups matched um histogram F with 5,Borko.TranscriptofWholeClassDebrief.xlsx,False,True,False,False,False,False,False
8,T,Can I see,Borko.TranscriptofWholeClassDebrief.xlsx,False,True,False,False,False,False,False
8,T,How many groups did that match,Borko.TranscriptofWholeClassDebrief.xlsx,False,True,False,False,False,False,False
8,T,Wow,Borko.TranscriptofWholeClassDebrief.xlsx,False,False,True,False,False,False,False
8,T,So only two other groups besides,Borko.TranscriptofWholeClassDebrief.xlsx,False,False,True,False,False,False,False
8,T,Um can I get a group who has a different situation for histogram F,Borko.TranscriptofWholeClassDebrief.xlsx,True,False,False,False,False,False,False
8,T,Histogram F,Borko.TranscriptofWholeClassDebrief.xlsx,False,True,False,False,False,False,False
8,T,Did anyone feel good about F,Borko.TranscriptofWholeClassDebrief.xlsx,False,True,False,False,False,False,False
8,T,whos the recorderreporter,Borko.TranscriptofWholeClassDebrief.xlsx,False,True,False,False,False,False,False
8,T,come on up,Borko.TranscriptofWholeClassDebrief.xlsx,False,True,False,False,False,False,False
8,T,keep yours up there,Borko.TranscriptofWholeClassDebrief.xlsx,False,False,True,False,False,False,False
8,T,Maybe move it to the side and would you stay right there,Borko.TranscriptofWholeClassDebrief.xlsx,False,False,True,False,False,False,False
8,T,I want another group who had a different interpretation of that,Borko.TranscriptofWholeClassDebrief.xlsx,False,False,True,False,False,False,False
8,T,Great,Borko.TranscriptofWholeClassDebrief.xlsx,False,False,True,False,False,False,False
8,T,Can you,Borko.TranscriptofWholeClassDebrief.xlsx,False,True,False,False,False,False,False
8,T,Oh that was your handwritten one,Borko.TranscriptofWholeClassDebrief.xlsx,False,False,True,False,False,False,False
8,T,Fabulous can you read for us please,Borko.TranscriptofWholeClassDebrief.xlsx,False,True,False,False,False,False,False
10,T,Could do,Borko.TranscriptofWholeClassDebrief.xlsx,False,True,False,False,False,False,False
12,T,Everything,Borko.TranscriptofWholeClassDebrief.xlsx,False,True,False,False,False,False,False
12,T,Ok,Borko.TranscriptofWholeClassDebrief.xlsx,False,False,True,False,False,False,False
12,T,Could you justify that,Borko.TranscriptofWholeClassDebrief.xlsx,False,False,False,True,False,False,False
12,T,What made you guys write that for histogram F,Borko.TranscriptofWholeClassDebrief.xlsx,False,False,False,True,False,False,False
14,T,Uhhuh,Borko.TranscriptofWholeClassDebrief.xlsx,False,False,True,False,False,False,False
14,T,How many people got everything right,Borko.TranscriptofWholeClassDebrief.xlsx,False,False,False,True,False,False,False
16,T,Ok,Borko.TranscriptofWholeClassDebrief.xlsx,False,False,True,False,False,False,False
16,T,Questions or comments about both of these,Borko.TranscriptofWholeClassDebrief.xlsx,True,False,False,False,False,False,False
16,T,Anybody want to share comments or questions,Borko.TranscriptofWholeClassDebrief.xlsx,True,False,False,False,False,False,False
16,T,Ok I have the different people from the same two groups,Borko.TranscriptofWholeClassDebrief.xlsx,False,False,True,False,False,False,False
16,T,Um  hold yours for a minute because thats your person,Borko.TranscriptofWholeClassDebrief.xlsx,False,False,True,False,False,False,False
16,T,do you want to rebuttal,Borko.TranscriptofWholeClassDebrief.xlsx,True,False,False,False,False,False,False
18,T,I see,Borko.TranscriptofWholeClassDebrief.xlsx,False,False,True,False,False,False,False
18,T,Alright,Borko.TranscriptofWholeClassDebrief.xlsx,False,False,True,False,False,False,False
18,T,Um  do you want to rebut him,Borko.TranscriptofWholeClassDebrief.xlsx,True,False,False,False,False,False,False
20,T,Even though  is up here,Borko.TranscriptofWholeClassDebrief.xlsx,False,False,True,False,False,False,False
22,T,So are you saying that your group took s group number 5 situation and put it with A,Borko.TranscriptofWholeClassDebrief.xlsx,False,True,False,False,False,False,False
24,T,Ok um how many people,Borko.TranscriptofWholeClassDebrief.xlsx,False,False,False,True,False,False,False
24,T,would you take your number 5 just to be visual and would put it over here,Borko.TranscriptofWholeClassDebrief.xlsx,False,False,True,False,False,False,False
24,T,How many people did that one,Borko.TranscriptofWholeClassDebrief.xlsx,False,True,False,False,False,False,False
24,T,Oh wow,Borko.TranscriptofWholeClassDebrief.xlsx,False,False,True,False,False,False,False
24,T,Wow,Borko.TranscriptofWholeClassDebrief.xlsx,False,False,True,False,False,False,False
24,T,That Im Hey youre not right or wrong answer,Borko.TranscriptofWholeClassDebrief.xlsx,False,False,True,False,False,False,False
24,T,Its about the strength of your argument,Borko.TranscriptofWholeClassDebrief.xlsx,False,False,True,False,False,False,False
24,T,Im not Theres no right or wrong answer,Borko.TranscriptofWholeClassDebrief.xlsx,False,False,True,False,False,False,False
1,T,So what were gonna look at now is go back to this idea of 0,CECILIO DIMAS pt 2.xlsx,False,False,True,False,False,False,False
1,T,What does 0 tell us about these three different plans,CECILIO DIMAS pt 2.xlsx,False,False,False,True,False,False,False
1,T,What did we learn about 0 with this table with Student As table that we didnt necessarily learn with Student Hs table,CECILIO DIMAS pt 2.xlsx,False,False,False,True,False,False,False
1,T,So what are we learning about 0,CECILIO DIMAS pt 2.xlsx,False,False,False,True,False,False,False
1,T,Go ahead and talk to your shoulder partner please for a quick moment,CECILIO DIMAS pt 2.xlsx,False,True,False,False,False,False,False
7,T,So if 0 is important Id like you to tell me with thumbsup under your chin if 0 is not important show me with thumbsdown,CECILIO DIMAS pt 2.xlsx,False,True,False,False,False,False,False
7,T,Okay,CECILIO DIMAS pt 2.xlsx,False,False,True,False,False,False,False
7,T,Hands down,CECILIO DIMAS pt 2.xlsx,False,False,True,False,False,False,False
7,T,Why is 0 important,CECILIO DIMAS pt 2.xlsx,False,False,False,False,True,False,False
7,T,Again why is 0 important,CECILIO DIMAS pt 2.xlsx,False,False,False,False,True,False,False
7,T,Katie,CECILIO DIMAS pt 2.xlsx,False,True,False,False,False,False,False
9,T,Okay,CECILIO DIMAS pt 2.xlsx,False,False,True,False,False,False,False
9,T,Could I have someone restate what Katie just shared,CECILIO DIMAS pt 2.xlsx,False,True,False,False,False,False,False
9,T,Hailey,CECILIO DIMAS pt 2.xlsx,False,True,False,False,False,False,False
11,T,Okay,CECILIO DIMAS pt 2.xlsx,False,False,True,False,False,False,False
13,T,How would you thank you,CECILIO DIMAS pt 2.xlsx,False,False,True,False,False,False,False
13,T,How would you help Student A make sense of the plans in this table,CECILIO DIMAS pt 2.xlsx,False,False,False,True,False,False,False
13,T,How would you help Student A make sense of it,CECILIO DIMAS pt 2.xlsx,False,False,False,True,False,False,False
13,T,Jessica,CECILIO DIMAS pt 2.xlsx,False,True,False,False,False,False,False
15,T,Okay,CECILIO DIMAS pt 2.xlsx,False,False,True,False,False,False,False
15,T,What else could we do what else could a person suggest to Student A to help them with their table,CECILIO DIMAS pt 2.xlsx,False,False,False,True,False,False,False
15,T,Kyle,CECILIO DIMAS pt 2.xlsx,False,True,False,False,False,False,False
17,T,Okay so if you were to help them figure out that this was not 25 what would you tell them,CECILIO DIMAS pt 2.xlsx,False,False,False,True,False,False,False
19,T,So what would it cost for 1 movie from Online Flix,CECILIO DIMAS pt 2.xlsx,False,False,False,True,False,False,False
21,T,And how did you get your 13,CECILIO DIMAS pt 2.xlsx,False,False,False,True,False,False,False
23,T,Okay,CECILIO DIMAS pt 2.xlsx,False,False,True,False,False,False,False
1,T,Again going back to our original prompt,CECILIO DIMAS pt 3.xlsx,False,False,True,False,False,False,False
1,T,When will all three plans cost the same amount of money,CECILIO DIMAS pt 3.xlsx,False,False,False,True,False,False,False
1,T,Does this would this table if there wasnt the confusion with Online Flix help us answer that question,CECILIO DIMAS pt 3.xlsx,False,False,False,True,False,False,False
1,T,Would we be able to answer the question um of when the three plans would cost the same,CECILIO DIMAS pt 3.xlsx,False,True,False,False,False,False,False
1,T,If yes thumbsup if no thumbsdown,CECILIO DIMAS pt 3.xlsx,False,True,False,False,False,False,False
1,T,Okay,CECILIO DIMAS pt 3.xlsx,False,False,True,False,False,False,False
1,T,Hands down,CECILIO DIMAS pt 3.xlsx,False,False,True,False,False,False,False
1,T,Could someone explain to us why you would be able to answer the prompt of when the three plans would cost the same if we could correct the confusion here with Online Flix,CECILIO DIMAS pt 3.xlsx,False,False,False,False,True,False,False
1,T,Erin,CECILIO DIMAS pt 3.xlsx,False,True,False,False,False,False,False
3,T,Okay,CECILIO DIMAS pt 3.xlsx,False,False,True,False,False,False,False
3,T,Could I have someone restate what Erin said or share their own idea of why this is why wed be able to compare them,CECILIO DIMAS pt 3.xlsx,True,False,False,False,False,False,False
3,T,Charles,CECILIO DIMAS pt 3.xlsx,False,True,False,False,False,False,False
5,T,Okay,CECILIO DIMAS pt 3.xlsx,False,False,True,False,False,False,False
5,T,Thank you Charles,CECILIO DIMAS pt 3.xlsx,False,False,True,False,False,False,False
5,T,So what Im going to ask of you right now is Im gonna ask that you make any mathematical corrections or additions to Student As paper and make sure at the bottom of the page that you give reasons why you made those additions or changes,CECILIO DIMAS pt 3.xlsx,False,False,True,False,False,False,False
6,T,So Jessica are you gonna make any changes to Student As work,CECILIO DIMAS pt 3.xlsx,False,True,False,False,False,False,False
8,T,Keep the 0,CECILIO DIMAS pt 3.xlsx,False,False,False,False,False,False,True
8,T,Keep the 0,CECILIO DIMAS pt 3.xlsx,False,False,True,False,False,False,False
8,T,And Jessica see that if you keep the 0 it then tells the reader of your table whether or not youre gonna have to pay if you dont rent any movies,CECILIO DIMAS pt 3.xlsx,False,False,True,False,False,False,False
8,T,So we can see here with Movie Buster that if you dont rent anything you dont pay anything,CECILIO DIMAS pt 3.xlsx,False,False,True,False,False,False,False
8,T,Where with Online Flix and Mail Flix if you dont rent anything you still have a fee to pay,CECILIO DIMAS pt 3.xlsx,False,False,True,False,False,False,False
8,T,So we want to,CECILIO DIMAS pt 3.xlsx,False,False,True,False,False,False,False
10,T,That would be a ripoff and thats why if we dont rent any movies thats also something for us to consider with these two plans,CECILIO DIMAS pt 3.xlsx,False,False,True,False,False,False,False
10,T,Okay,CECILIO DIMAS pt 3.xlsx,False,False,True,False,False,False,False
11,T,Amir what changes have you made for Student A,CECILIO DIMAS pt 3.xlsx,False,False,False,True,False,False,False
13,T,Why not,CECILIO DIMAS pt 3.xlsx,False,False,False,False,True,False,False
15,T,So Im gonna stop you for a moment Amir,CECILIO DIMAS pt 3.xlsx,False,False,True,False,False,False,False
15,T,Online Flix costs 12 a month plus 1 a movie,CECILIO DIMAS pt 3.xlsx,False,False,True,False,False,False,False
15,T,So if you rent 1 movie how much money is that gonna cost you,CECILIO DIMAS pt 3.xlsx,False,False,False,True,False,False,False
17,T,Again this is number of movies so 1 movie is gonna cost you 1 plus a 12 flat fee,CECILIO DIMAS pt 3.xlsx,False,False,True,False,False,False,False
17,T,So how much will 1 movie cost you all together,CECILIO DIMAS pt 3.xlsx,False,False,False,True,False,False,False
19,T,You have your flat fee of 12 plus 1 for that movie,CECILIO DIMAS pt 3.xlsx,False,False,True,False,False,False,False
19,T,So whats that going to be,CECILIO DIMAS pt 3.xlsx,False,False,False,True,False,False,False
21,T,So if you rent 1 DVD for Online Flix you pay 12 a month even if you dont rent anything,CECILIO DIMAS pt 3.xlsx,False,False,True,False,False,False,False
21,T,Then you add a dollar for each movie that you rent,CECILIO DIMAS pt 3.xlsx,False,False,True,False,False,False,False
21,T,So you pay your 12 and then you rent 1 movie so thats an extra dollar,CECILIO DIMAS pt 3.xlsx,False,False,True,False,False,False,False
21,T,So you pay 12 plus the 1,CECILIO DIMAS pt 3.xlsx,False,False,True,False,False,False,False
23,T,So for then 2 DVDs how much are you gonna spend,CECILIO DIMAS pt 3.xlsx,False,False,False,True,False,False,False
25,T,So you have your 12 dollars plus the 2 that you spent for the 2 movies,CECILIO DIMAS pt 3.xlsx,False,False,True,False,False,False,False
25,T,So thats 12 plus 2,CECILIO DIMAS pt 3.xlsx,False,False,True,False,False,False,False
27,T,And what about 3 DVDs,CECILIO DIMAS pt 3.xlsx,False,False,False,True,False,False,False
29,T,Which would be how much money,CECILIO DIMAS pt 3.xlsx,False,False,False,True,False,False,False
31,T,So do you need to make some changes,CECILIO DIMAS pt 3.xlsx,False,True,False,False,False,False,False
33,T,Okay,CECILIO DIMAS pt 3.xlsx,False,False,True,False,False,False,False
1,T,Do you remember that,Comparing Fractions 1_Grade 4.xlsx,False,True,False,False,False,False,False
1,T,Can you read that statement,Comparing Fractions 1_Grade 4.xlsx,False,True,False,False,False,False,False
1,T,What does  that say Michael,Comparing Fractions 1_Grade 4.xlsx,False,True,False,False,False,False,False
1,T,Task 1 is 15  210,Comparing Fractions 1_Grade 4.xlsx,False,True,False,False,False,False,False
3,T,How many of you agree that is what that says,Comparing Fractions 1_Grade 4.xlsx,True,False,False,False,False,False,False
3,T,That s my question,Comparing Fractions 1_Grade 4.xlsx,False,False,True,False,False,False,False
3,T,Is one fifth equal to two tenths,Comparing Fractions 1_Grade 4.xlsx,False,True,False,False,False,False,False
4,T,Do you remember talking about any of those ideas at all,Comparing Fractions 1_Grade 4.xlsx,False,True,False,False,False,False,False
4,T,What do  you remember about that Meredith,Comparing Fractions 1_Grade 4.xlsx,False,False,False,True,False,False,False
6,T,You want to tell us,Comparing Fractions 1_Grade 4.xlsx,False,False,False,True,False,False,False
8,T,Come up and show us what the issue is,Comparing Fractions 1_Grade 4.xlsx,False,False,False,True,False,False,False
8,T,I have some of this up here,Comparing Fractions 1_Grade 4.xlsx,False,False,True,False,False,False,False
8,T,Because Dr Davis also wasn t here,Comparing Fractions 1_Grade 4.xlsx,False,False,True,False,False,False,False
10,T,Ok so what name would you give the yellow rod,Comparing Fractions 1_Grade 4.xlsx,False,False,False,True,False,False,False
12,T,One half,Comparing Fractions 1_Grade 4.xlsx,False,False,False,False,False,False,True
12,T,Ok,Comparing Fractions 1_Grade 4.xlsx,False,False,True,False,False,False,False
14,T,And that would be called one,Comparing Fractions 1_Grade 4.xlsx,False,False,False,False,False,False,True
14,T,Can you tell me what that has to do  with my question,Comparing Fractions 1_Grade 4.xlsx,False,False,False,True,False,False,False
14,T,Is one fifth equal to two tenths,Comparing Fractions 1_Grade 4.xlsx,False,True,False,False,False,False,False
16,T,Can you say that so the class hears you and see what they think,Comparing Fractions 1_Grade 4.xlsx,False,True,False,False,False,False,False
16,T,I  am not did you all hear what Meredith said,Comparing Fractions 1_Grade 4.xlsx,False,True,False,False,False,False,False
16,T,I am not I didn t hear  either,Comparing Fractions 1_Grade 4.xlsx,False,False,True,False,False,False,False
16,T,But maybe if you can tell the class what your thinking let s  see what they think,Comparing Fractions 1_Grade 4.xlsx,False,False,True,False,False,False,False
18,T,Why don t you tell the class and,Comparing Fractions 1_Grade 4.xlsx,False,True,False,False,False,False,False
20,T,So what is your conclusion if I ask you the question is two tenths  equal to one fifth,Comparing Fractions 1_Grade 4.xlsx,False,True,False,False,False,False,False
22,T,You think it is,Comparing Fractions 1_Grade 4.xlsx,False,False,False,False,False,False,True
22,T,Ok let s have some discussion Thank you  Meredith,Comparing Fractions 1_Grade 4.xlsx,False,False,True,False,False,False,False
22,T,Let s see what other people think,Comparing Fractions 1_Grade 4.xlsx,False,False,True,False,False,False,False
22,T,Do we have some other  discussion about that,Comparing Fractions 1_Grade 4.xlsx,True,False,False,False,False,False,False
22,T,Brian,Comparing Fractions 1_Grade 4.xlsx,False,True,False,False,False,False,False
23,T,By the way how many of you agree with what Meredith said,Comparing Fractions 1_Grade 4.xlsx,True,False,False,False,False,False,False
23,T,How  many aren t sure,Comparing Fractions 1_Grade 4.xlsx,True,False,False,False,False,False,False
23,T,How many of you disagree,Comparing Fractions 1_Grade 4.xlsx,True,False,False,False,False,False,False
23,T,Ok so we have  some not sures and agree so let s see Brian which category are you  in,Comparing Fractions 1_Grade 4.xlsx,True,False,False,False,False,False,False
23,T,Do you agree or are you not sure,Comparing Fractions 1_Grade 4.xlsx,True,False,False,False,False,False,False
25,T,Ok you want to explain why you agree,Comparing Fractions 1_Grade 4.xlsx,True,False,False,False,False,False,False
27,T,What do you think,Comparing Fractions 1_Grade 4.xlsx,False,True,False,False,False,False,False
27,T,Erik is making a face,Comparing Fractions 1_Grade 4.xlsx,False,False,True,False,False,False,False
27,T,Erik do you want to do  you want to say what you think out to Brian,Comparing Fractions 1_Grade 4.xlsx,False,False,False,True,False,False,False
30,T,Ok anybody else,Comparing Fractions 1_Grade 4.xlsx,False,True,False,False,False,False,False
30,T,Any other discussion,Comparing Fractions 1_Grade 4.xlsx,False,True,False,False,False,False,False
30,T,Thank you gentlemen,Comparing Fractions 1_Grade 4.xlsx,False,False,True,False,False,False,False
31,T,Any other discussion,Comparing Fractions 1_Grade 4.xlsx,False,True,False,False,False,False,False
31,T,Anybody else have something to say about  that,Comparing Fractions 1_Grade 4.xlsx,True,False,False,False,False,False,False
31,T,How many of you believe that one tenth two  tenths and one fifth represent the same length,Comparing Fractions 1_Grade 4.xlsx,False,True,False,False,False,False,False
31,T,Do you think it would  be okay to give them the same number name,Comparing Fractions 1_Grade 4.xlsx,False,True,False,False,False,False,False
31,T,How many of you  think it would be ok,Comparing Fractions 1_Grade 4.xlsx,False,True,False,False,False,False,False
31,T,We can call this two tenths or we can call this  one fifth,Comparing Fractions 1_Grade 4.xlsx,False,False,True,False,False,False,False
31,T,How many of you agree with that,Comparing Fractions 1_Grade 4.xlsx,True,False,False,False,False,False,False
31,T,Yeah,Comparing Fractions 1_Grade 4.xlsx,False,False,True,False,False,False,False
31,T,Makes sense doesn t it,Comparing Fractions 1_Grade 4.xlsx,False,True,False,False,False,False,False
1,T,Do you remember the candy bar,Comparing Fractions 2_Grade 4.xlsx,False,True,False,False,False,False,False
1,T,Remember,Comparing Fractions 2_Grade 4.xlsx,False,False,True,False,False,False,False
1,T,Did you get any,Comparing Fractions 2_Grade 4.xlsx,False,False,True,False,False,False,False
1,T,This was the little candy bar it looks  something like this,Comparing Fractions 2_Grade 4.xlsx,False,False,True,False,False,False,False
1,T,If you excuse my sketch,Comparing Fractions 2_Grade 4.xlsx,False,False,True,False,False,False,False
1,T,Do you remember it  looks like this,Comparing Fractions 2_Grade 4.xlsx,False,False,True,False,False,False,False
1,T,It was broken up into three columns and then four  rows,Comparing Fractions 2_Grade 4.xlsx,False,False,True,False,False,False,False
1,T,Do you remember that,Comparing Fractions 2_Grade 4.xlsx,False,True,False,False,False,False,False
1,T,Remember I was giving half of this  little candy bar to Dr Martino,Comparing Fractions 2_Grade 4.xlsx,False,True,False,False,False,False,False
1,T,Remember how appreciative  she was,Comparing Fractions 2_Grade 4.xlsx,False,True,False,False,False,False,False
1,T,Remember that,Comparing Fractions 2_Grade 4.xlsx,False,True,False,False,False,False,False
1,T,We said we were giving her half the  candy bar didn t we,Comparing Fractions 2_Grade 4.xlsx,False,True,False,False,False,False,False
1,T,Right,Comparing Fractions 2_Grade 4.xlsx,False,False,True,False,False,False,False
1,T,Okay,Comparing Fractions 2_Grade 4.xlsx,False,False,True,False,False,False,False
1,T,Could someone have told me  another name another number name for how much of the candy bar  I gave her,Comparing Fractions 2_Grade 4.xlsx,False,False,False,True,False,False,False
1,T,Do you understand my question,Comparing Fractions 2_Grade 4.xlsx,False,True,False,False,False,False,False
1,T,If this is my candy bar  and I gave her that much right,Comparing Fractions 2_Grade 4.xlsx,False,True,False,False,False,False,False
1,T,One number name we said was one  half didn t we,Comparing Fractions 2_Grade 4.xlsx,False,True,False,False,False,False,False
1,T,Can someone think of another name that very  exactly tells me how much of the candy bar I gave Dr Martino,Comparing Fractions 2_Grade 4.xlsx,False,False,False,True,False,False,False
1,T,And if you think you know why don t you discuss it with your  neighbor and see if you agree,Comparing Fractions 2_Grade 4.xlsx,True,False,False,False,False,False,False
1,T,Ok so discuss it,Comparing Fractions 2_Grade 4.xlsx,False,True,False,False,False,False,False
1,T,You  have to be able to prove it and say why,Comparing Fractions 2_Grade 4.xlsx,False,False,True,False,False,False,False
2,T,Ok Are you ready to share your ideas,Comparing Fractions 2_Grade 4.xlsx,False,False,False,True,False,False,False
2,T,I heard a couple of different  number names,Comparing Fractions 2_Grade 4.xlsx,False,False,True,False,False,False,False
2,T,How many of you think you have another number  name that tells me how much of the candy bar Dr Martino got,Comparing Fractions 2_Grade 4.xlsx,False,False,False,True,False,False,False
2,T,We  already agree that one number name was one half,Comparing Fractions 2_Grade 4.xlsx,False,False,True,False,False,False,False
2,T,Right,Comparing Fractions 2_Grade 4.xlsx,False,False,True,False,False,False,False
2,T,That  represented how much of the candy bar,Comparing Fractions 2_Grade 4.xlsx,False,False,True,False,False,False,False
2,T,How many of you think you  have a different number name,Comparing Fractions 2_Grade 4.xlsx,False,False,False,True,False,False,False
2,T,Ok Jackie,Comparing Fractions 2_Grade 4.xlsx,False,True,False,False,False,False,False
,T,Jackie I am sorry I cant hear its so loud here,Comparing Fractions 2_Grade 4.xlsx,False,True,False,False,False,False,False
5,T,What do you think,Comparing Fractions 2_Grade 4.xlsx,True,False,False,False,False,False,False
7,T,What do you think,Comparing Fractions 2_Grade 4.xlsx,True,False,False,False,False,False,False
7,T,Did you all hear uh what Jackie said,Comparing Fractions 2_Grade 4.xlsx,False,True,False,False,False,False,False
7,T,How  many of your heard what Jackie said,Comparing Fractions 2_Grade 4.xlsx,False,True,False,False,False,False,False
7,T,Raise your hand if you heard  what she said,Comparing Fractions 2_Grade 4.xlsx,False,True,False,False,False,False,False
7,T,How many of you agree with  what Jackie said,Comparing Fractions 2_Grade 4.xlsx,True,False,False,False,False,False,False
7,T,That another number name  you said Jackie was,Comparing Fractions 2_Grade 4.xlsx,False,True,False,False,False,False,False
9,T,Six twelfths,Comparing Fractions 2_Grade 4.xlsx,False,False,False,False,False,False,True
9,T,How many of you agree with that,Comparing Fractions 2_Grade 4.xlsx,True,False,False,False,False,False,False
9,T,Does anyone disagree with that,Comparing Fractions 2_Grade 4.xlsx,True,False,False,False,False,False,False
9,T,Does someone have a different number name,Comparing Fractions 2_Grade 4.xlsx,True,False,False,False,False,False,False
9,T,I heard some other  number names as I walked around,Comparing Fractions 2_Grade 4.xlsx,False,False,True,False,False,False,False
9,T,Danielle,Comparing Fractions 2_Grade 4.xlsx,False,True,False,False,False,False,False
11,T,You thought two fourths,Comparing Fractions 2_Grade 4.xlsx,False,True,False,False,False,False,False
11,T,How did you think that,Comparing Fractions 2_Grade 4.xlsx,False,False,False,False,True,False,False
13,T,Then we can think of this as two fourths,Comparing Fractions 2_Grade 4.xlsx,False,False,True,False,False,False,False
13,T,What do you think about  that,Comparing Fractions 2_Grade 4.xlsx,True,False,False,False,False,False,False
13,T,How many of you think that s another number name,Comparing Fractions 2_Grade 4.xlsx,True,False,False,False,False,False,False
13,T,Two  fourths,Comparing Fractions 2_Grade 4.xlsx,False,True,False,False,False,False,False
13,T,Some people aren t sure,Comparing Fractions 2_Grade 4.xlsx,False,False,True,False,False,False,False
13,T,Danielle why don t you come up  and show them what you re thinking,Comparing Fractions 2_Grade 4.xlsx,False,False,False,True,False,False,False
13,T,I am not sure if people were  following you,Comparing Fractions 2_Grade 4.xlsx,False,False,True,False,False,False,False
13,T,Danielle thinks  that another number name for how much of the candy bar we gave  Dr Martino is two fourths so we re interested in knowing how  Danielle was thinking about that,Comparing Fractions 2_Grade 4.xlsx,False,False,True,False,False,False,False
15,T,Why are they two fourths,Comparing Fractions 2_Grade 4.xlsx,False,False,False,False,True,False,False
15,T,Can you help the class understand that,Comparing Fractions 2_Grade 4.xlsx,False,False,False,True,False,False,False
17,T,Because there are four rows and we if talk about the first two rows  that s two fourths,Comparing Fractions 2_Grade 4.xlsx,False,True,False,False,False,False,False
17,T,What do you think,Comparing Fractions 2_Grade 4.xlsx,True,False,False,False,False,False,False
17,T,How many of you think  that s another number name for how much of the candy bar we gave  her,Comparing Fractions 2_Grade 4.xlsx,True,False,False,False,False,False,False
17,T,How many of you agree with that,Comparing Fractions 2_Grade 4.xlsx,True,False,False,False,False,False,False
17,T,How many of you disagree,Comparing Fractions 2_Grade 4.xlsx,True,False,False,False,False,False,False
17,T,If you disagree why do you disagree,Comparing Fractions 2_Grade 4.xlsx,True,False,False,False,False,False,False
18,T,Mark,Comparing Fractions 2_Grade 4.xlsx,False,True,False,False,False,False,False
18,T,Not sure why,Comparing Fractions 2_Grade 4.xlsx,False,False,True,False,False,False,False
18,T,Kelly was your  hand up for disagree,Comparing Fractions 2_Grade 4.xlsx,True,False,False,False,False,False,False
18,T,No,Comparing Fractions 2_Grade 4.xlsx,False,False,True,False,False,False,False
18,T,Is it that you don t see that it s two  fourths,Comparing Fractions 2_Grade 4.xlsx,False,True,False,False,False,False,False
18,T,You don t see that it s two fourths,Comparing Fractions 2_Grade 4.xlsx,False,True,False,False,False,False,False
18,T,Can someone help  Kelly and Mark then they don t disagree but they don t see it,Comparing Fractions 2_Grade 4.xlsx,False,False,True,False,False,False,False
18,T,Brian,Comparing Fractions 2_Grade 4.xlsx,False,True,False,False,False,False,False
20,T,You have another way that a half would be,Comparing Fractions 2_Grade 4.xlsx,False,False,True,False,False,False,False
20,T,Ok remember that and  hold on to that,Comparing Fractions 2_Grade 4.xlsx,False,False,True,False,False,False,False
20,T,I would like someone to help the people who don t  quite see that that s two fourths,Comparing Fractions 2_Grade 4.xlsx,False,False,True,False,False,False,False
20,T,Can some one try to explain that,Comparing Fractions 2_Grade 4.xlsx,False,False,False,True,False,False,False
20,T,Who wants to pretend to be a teacher or explainer if you agree,Comparing Fractions 2_Grade 4.xlsx,True,False,False,False,False,False,False
20,T,Somebody want to give it a try,Comparing Fractions 2_Grade 4.xlsx,False,False,False,True,False,False,False
20,T,Nobody wants to try,Comparing Fractions 2_Grade 4.xlsx,False,True,False,False,False,False,False
20,T,Brian,Comparing Fractions 2_Grade 4.xlsx,False,True,False,False,False,False,False
22,T,Wait,Comparing Fractions 2_Grade 4.xlsx,False,False,True,False,False,False,False
22,T,Hold up,Comparing Fractions 2_Grade 4.xlsx,False,False,True,False,False,False,False
22,T,Where are your four thirds,Comparing Fractions 2_Grade 4.xlsx,False,False,False,True,False,False,False
24,T,I am not sure I understand what you are saying,Comparing Fractions 2_Grade 4.xlsx,False,False,True,False,False,False,False
24,T,Can some else help,Comparing Fractions 2_Grade 4.xlsx,True,False,False,False,False,False,False
24,T,Danielle do you want to go up there and,Comparing Fractions 2_Grade 4.xlsx,False,True,False,False,False,False,False
27,T,What do you mean by the other way around um Brian,Comparing Fractions 2_Grade 4.xlsx,False,False,False,True,False,False,False
29,T,Three sixths,Comparing Fractions 2_Grade 4.xlsx,False,True,False,False,False,False,False
31,T,That s very interesting,Comparing Fractions 2_Grade 4.xlsx,False,False,True,False,False,False,False
31,T,What do you think about that,Comparing Fractions 2_Grade 4.xlsx,False,False,False,True,False,False,False
31,T,Brian found  another way,Comparing Fractions 2_Grade 4.xlsx,False,False,True,False,False,False,False
31,T,That s very interesting Brian,Comparing Fractions 2_Grade 4.xlsx,False,False,True,False,False,False,False
31,T,So he is saying that  these two little pieces of candy and these two and these two and  these two and these two and these two I don t know if that is what  you said Brian but something like that,Comparing Fractions 2_Grade 4.xlsx,False,False,True,False,False,False,False
33,T,You can talk about taking this candy bar and sharing it in six pieces  where we would have two wedges to be one piece,Comparing Fractions 2_Grade 4.xlsx,False,False,True,False,False,False,False
33,T,Do you follow  that,Comparing Fractions 2_Grade 4.xlsx,False,True,False,False,False,False,False
33,T,That s neat,Comparing Fractions 2_Grade 4.xlsx,False,False,True,False,False,False,False
33,T,And so you are saying that if you got three of  those right,Comparing Fractions 2_Grade 4.xlsx,False,True,False,False,False,False,False
33,T,One of the two one of the two one of the two then  you still get a half of candy bar,Comparing Fractions 2_Grade 4.xlsx,False,False,True,False,False,False,False
33,T,So what do you think,Comparing Fractions 2_Grade 4.xlsx,False,False,False,True,False,False,False
33,T,You re  saying that you think that three sixths is another name for one half,Comparing Fractions 2_Grade 4.xlsx,False,True,False,False,False,False,False
33,T,What do you think,Comparing Fractions 2_Grade 4.xlsx,False,False,False,True,False,False,False
33,T,Ok let s write this down,Comparing Fractions 2_Grade 4.xlsx,False,False,True,False,False,False,False
33,T,Thank you very  much Brian that s interesting,Comparing Fractions 2_Grade 4.xlsx,False,False,True,False,False,False,False
34,T,So what do we have here,Comparing Fractions 2_Grade 4.xlsx,False,True,False,False,False,False,False
34,T,The first question does one half equal  two tenths,Comparing Fractions 2_Grade 4.xlsx,False,False,False,True,False,False,False
34,T,Do you believe that,Comparing Fractions 2_Grade 4.xlsx,False,True,False,False,False,False,False
34,T,No I am sorry,Comparing Fractions 2_Grade 4.xlsx,False,False,True,False,False,False,False
34,T,We said one fifth  equals two tenths,Comparing Fractions 2_Grade 4.xlsx,False,False,True,False,False,False,False
34,T,When we went to our candy bar we said one half  equaled,Comparing Fractions 2_Grade 4.xlsx,False,False,False,True,False,False,False
34,T,One half of the candy bar,Comparing Fractions 2_Grade 4.xlsx,False,False,True,False,False,False,False
34,T,This  was with the rods,Comparing Fractions 2_Grade 4.xlsx,False,False,True,False,False,False,False
35,T,One half equals six twelfths,Comparing Fractions 2_Grade 4.xlsx,False,False,True,False,False,False,False
35,T,Do you agree to that,Comparing Fractions 2_Grade 4.xlsx,True,False,False,False,False,False,False
35,T,Six twelfths,Comparing Fractions 2_Grade 4.xlsx,False,True,False,False,False,False,False
35,T,What else,Comparing Fractions 2_Grade 4.xlsx,False,False,False,True,False,False,False
35,T,What s another number name,Comparing Fractions 2_Grade 4.xlsx,False,False,False,True,False,False,False
35,T,Brian,Comparing Fractions 2_Grade 4.xlsx,False,True,False,False,False,False,False
37,T,Nice and loud,Comparing Fractions 2_Grade 4.xlsx,False,True,False,False,False,False,False
39,T,Two fourths Do we have another number name for half of the  candy bar,Comparing Fractions 2_Grade 4.xlsx,False,False,False,True,False,False,False
39,T,Jessica,Comparing Fractions 2_Grade 4.xlsx,False,True,False,False,False,False,False
41,T,We have one half,Comparing Fractions 2_Grade 4.xlsx,False,False,False,False,False,False,True
41,T,Are these all the ones we had,Comparing Fractions 2_Grade 4.xlsx,False,True,False,False,False,False,False
41,T,Danielle,Comparing Fractions 2_Grade 4.xlsx,False,True,False,False,False,False,False
43,T,Six twelfths I think we have,Comparing Fractions 2_Grade 4.xlsx,False,False,False,False,False,False,True
43,T,We said six twelfths two fourths we  said one half Brian,Comparing Fractions 2_Grade 4.xlsx,False,False,False,True,False,False,False
45,T,Brian says three sixths,Comparing Fractions 2_Grade 4.xlsx,False,False,False,False,False,False,True
45,T,Remember that,Comparing Fractions 2_Grade 4.xlsx,False,True,False,False,False,False,False
45,T,Is that correct,Comparing Fractions 2_Grade 4.xlsx,True,False,False,False,False,False,False
45,T,Three  sixths,Comparing Fractions 2_Grade 4.xlsx,False,False,True,False,False,False,False
45,T,How did we get three sixths,Comparing Fractions 2_Grade 4.xlsx,False,False,False,True,False,False,False
45,T,Do you remember,Comparing Fractions 2_Grade 4.xlsx,False,True,False,False,False,False,False
46,T,Any others,Comparing Fractions 2_Grade 4.xlsx,False,True,False,False,False,False,False
46,T,What do you think about that,Comparing Fractions 2_Grade 4.xlsx,False,False,False,True,False,False,False
46,T,Let s go back to the  original question here,Comparing Fractions 2_Grade 4.xlsx,False,False,True,False,False,False,False
46,T,You agree then that if we call this one and we  call the red rod what number name,Comparing Fractions 2_Grade 4.xlsx,False,False,False,True,False,False,False
47,T,One fifth and we call the two whites together what number name did  we give it,Comparing Fractions 2_Grade 4.xlsx,False,False,False,True,False,False,False
47,T,The two whites together,Comparing Fractions 2_Grade 4.xlsx,False,False,True,False,False,False,False
49,T,Two tenths,Comparing Fractions 2_Grade 4.xlsx,False,False,False,False,False,True,False
49,T,I can also give it the number name,Comparing Fractions 2_Grade 4.xlsx,False,False,False,True,False,False,False
49,T,What else can I  call the two white ones besides two tenths,Comparing Fractions 2_Grade 4.xlsx,False,False,False,True,False,False,False
49,T,What did we decide,Comparing Fractions 2_Grade 4.xlsx,False,False,False,True,False,False,False
49,T,What other number name can I give the white ones besides  two tenths if I call the orange rod one,Comparing Fractions 2_Grade 4.xlsx,False,False,False,True,False,False,False
49,T,Michael,Comparing Fractions 2_Grade 4.xlsx,False,True,False,False,False,False,False
51,T,I can call it one fifth,Comparing Fractions 2_Grade 4.xlsx,False,False,False,False,False,False,True
51,T,Alright,Comparing Fractions 2_Grade 4.xlsx,False,False,True,False,False,False,False
51,T,And what other number name can I  call the red one,Comparing Fractions 2_Grade 4.xlsx,False,False,False,True,False,False,False
53,T,Two tenths is that right,Comparing Fractions 2_Grade 4.xlsx,False,True,False,False,False,False,False
54,T,Very interesting,Comparing Fractions 2_Grade 4.xlsx,False,False,True,False,False,False,False
54,T,Ok,Comparing Fractions 2_Grade 4.xlsx,False,False,True,False,False,False,False
1,T,Tell me what you did the last time Dr Martino was here,Comparing Fractions 3_Grade 4.xlsx,False,False,False,True,False,False,False
1,T,What was  the problem you were working on,Comparing Fractions 3_Grade 4.xlsx,False,False,False,True,False,False,False
1,T,Anybody want to tell me and tell Dr Davis,Comparing Fractions 3_Grade 4.xlsx,False,False,False,True,False,False,False
1,T,You were working on a  problem I think in class together I think you were in groups weren t  you,Comparing Fractions 3_Grade 4.xlsx,False,True,False,False,False,False,False
1,T,Do you all want to think for a moment and maybe discuss with  your partner to help you remember what you were working on,Comparing Fractions 3_Grade 4.xlsx,False,False,False,True,False,False,False
1,T,Michael,Comparing Fractions 3_Grade 4.xlsx,False,True,False,False,False,False,False
3,T,Ok so you were working on which is bigger one half or one third,Comparing Fractions 3_Grade 4.xlsx,False,False,True,False,False,False,False
3,T,Andrew,Comparing Fractions 3_Grade 4.xlsx,False,True,False,False,False,False,False
5,T,How many of you worked out which is bigger,Comparing Fractions 3_Grade 4.xlsx,False,True,False,False,False,False,False
5,T,One half or one  third,Comparing Fractions 3_Grade 4.xlsx,False,False,False,True,False,False,False
5,T,How many of you think they are the  same,Comparing Fractions 3_Grade 4.xlsx,False,True,False,False,False,False,False
5,T,How many of you think one is bigger,Comparing Fractions 3_Grade 4.xlsx,False,True,False,False,False,False,False
5,T,Which is bigger,Comparing Fractions 3_Grade 4.xlsx,False,False,False,True,False,False,False
5,T,One half or one third,Comparing Fractions 3_Grade 4.xlsx,False,False,False,True,False,False,False
5,T,Laura,Comparing Fractions 3_Grade 4.xlsx,False,True,False,False,False,False,False
7,T,You say one half is bigger,Comparing Fractions 3_Grade 4.xlsx,False,False,False,False,False,False,True
7,T,What do the rest of you think,Comparing Fractions 3_Grade 4.xlsx,False,False,False,True,False,False,False
7,T,Do you  think one half is bigger,Comparing Fractions 3_Grade 4.xlsx,False,True,False,False,False,False,False
7,T,Do  you think you can convince Dr Davis that that s the case,Comparing Fractions 3_Grade 4.xlsx,False,False,False,True,False,False,False
7,T,Can you convince Dr Davis that one half is bigger than  one third,Comparing Fractions 3_Grade 4.xlsx,False,False,False,True,False,False,False
7,T,By the way do you know how much bigger,Comparing Fractions 3_Grade 4.xlsx,False,False,False,True,False,False,False
7,T,How many  of you think you know how much bigger it is,Comparing Fractions 3_Grade 4.xlsx,False,True,False,False,False,False,False
7,T,Ok that s the second  question,Comparing Fractions 3_Grade 4.xlsx,False,False,True,False,False,False,False
7,T,Ok I really would like someone to come up,Comparing Fractions 3_Grade 4.xlsx,False,False,True,False,False,False,False
7,T,Jessica  maybe and Laura can come up to the overhead and show Dr Davis  how you decided which is bigger,Comparing Fractions 3_Grade 4.xlsx,False,False,False,True,False,False,False
7,T,And see if you can convince us of  your result,Comparing Fractions 3_Grade 4.xlsx,False,False,False,True,False,False,False
9,T,Can you tell me what number name you re calling the orange and the  red rod,Comparing Fractions 3_Grade 4.xlsx,False,False,False,True,False,False,False
9,T,Teacher You re calling the orange and red rod one,Comparing Fractions 3_Grade 4.xlsx,False,True,False,False,False,False,False
9,T,Can you say that again  what number names gave to each of those rods so I can hear from  back here,Comparing Fractions 3_Grade 4.xlsx,False,True,False,False,False,False,False
13,T,What do the rest of you think,Comparing Fractions 3_Grade 4.xlsx,False,False,False,True,False,False,False
13,T,What do you think,Comparing Fractions 3_Grade 4.xlsx,False,False,False,True,False,False,False
13,T,Audra what do  you think of what  the two young ladies built up there,Comparing Fractions 3_Grade 4.xlsx,True,False,False,False,False,False,False
15,T,Want to speak to the class,Comparing Fractions 3_Grade 4.xlsx,False,True,False,False,False,False,False
17,T,How many of you agree with the argument that a half is bigger than  a third with the argument that was made here,Comparing Fractions 3_Grade 4.xlsx,True,False,False,False,False,False,False
17,T,Ok did you figure out  how much bigger,Comparing Fractions 3_Grade 4.xlsx,False,False,False,True,False,False,False
19,T,Ok you re saying it s a red rod bigger or two white ones but that s  what I see you have built there but I would like you to tell me what  number name you have for how much bigger it is,Comparing Fractions 3_Grade 4.xlsx,False,False,False,True,False,False,False
23,T,Okay so these young ladies have proved that one half is bigger than  one third and it s one half is one third bigger than one third,Comparing Fractions 3_Grade 4.xlsx,False,False,True,False,False,False,False
23,T,What  do you think,Comparing Fractions 3_Grade 4.xlsx,True,False,False,False,False,False,False
23,T,That one half is one third bigger than one third,Comparing Fractions 3_Grade 4.xlsx,False,False,True,False,False,False,False
23,T,What  do you think about what they just proved,Comparing Fractions 3_Grade 4.xlsx,True,False,False,False,False,False,False
23,T,Now you were all  watching their argument up there and have they convinced you,Comparing Fractions 3_Grade 4.xlsx,True,False,False,False,False,False,False
23,T,I don t know if they have  convinced Dr Davis,Comparing Fractions 3_Grade 4.xlsx,False,False,True,False,False,False,False
23,T,Um but I am wondering if they have  convinced you,Comparing Fractions 3_Grade 4.xlsx,True,False,False,False,False,False,False
23,T,Kelly,Comparing Fractions 3_Grade 4.xlsx,False,True,False,False,False,False,False
23,T,What do you think do you agree with this,Comparing Fractions 3_Grade 4.xlsx,True,False,False,False,False,False,False
25,T,You agree with them,Comparing Fractions 3_Grade 4.xlsx,False,False,False,False,False,False,True
27,T,Brian you are making a face what do you think,Comparing Fractions 3_Grade 4.xlsx,True,False,False,False,False,False,False
27,T,Do you agree with  them,Comparing Fractions 3_Grade 4.xlsx,True,False,False,False,False,False,False
29,T,Brian doesn t agree with you  Audra or Jessica I think that s like changing the problem because we are  using the dark greens and she  is using the light greens,Comparing Fractions 3_Grade 4.xlsx,False,False,True,False,False,False,False
30,T,Oh hmm,Comparing Fractions 3_Grade 4.xlsx,False,False,True,False,False,False,False
32,T,Let me make sure I understand this,Comparing Fractions 3_Grade 4.xlsx,False,False,True,False,False,False,False
32,T,You re calling this one right,Comparing Fractions 3_Grade 4.xlsx,False,True,False,False,False,False,False
32,T,And you re calling this one third,Comparing Fractions 3_Grade 4.xlsx,False,False,True,False,False,False,False
34,T,And you re calling this one third,Comparing Fractions 3_Grade 4.xlsx,False,False,True,False,False,False,False
36,T,Right,Comparing Fractions 3_Grade 4.xlsx,False,False,True,False,False,False,False
36,T,And you re calling this one half,Comparing Fractions 3_Grade 4.xlsx,False,True,False,False,False,False,False
36,T,And you re saying one half  is bigger than one third by one third,Comparing Fractions 3_Grade 4.xlsx,False,True,False,False,False,False,False
37,T,Ok I would like all of you How many of you agree,Comparing Fractions 3_Grade 4.xlsx,True,False,False,False,False,False,False
37,T,How many of  you disagree,Comparing Fractions 3_Grade 4.xlsx,True,False,False,False,False,False,False
37,T,Now if you disagree you have to say why you disagree  because they are saying that one third is smaller than a half one half  is bigger than a third it s one third bigger than a third that s what  they are saying,Comparing Fractions 3_Grade 4.xlsx,False,False,True,False,False,False,False
37,T,Now either you have to agree or disagree or not  know,Comparing Fractions 3_Grade 4.xlsx,False,False,True,False,False,False,False
37,T,How many of you aren t sure,Comparing Fractions 3_Grade 4.xlsx,True,False,False,False,False,False,False
37,T,A few of  you aren t sure but some of you disagree,Comparing Fractions 3_Grade 4.xlsx,False,False,True,False,False,False,False
37,T,And if you disagree we  have to say what s wrong with their argument,Comparing Fractions 3_Grade 4.xlsx,False,False,True,False,False,False,False
37,T,There must be  something wrong with their argument if you disagree,Comparing Fractions 3_Grade 4.xlsx,False,False,True,False,False,False,False
37,T,Or maybe  their argument is right because I m very confused,Comparing Fractions 3_Grade 4.xlsx,False,False,True,False,False,False,False
37,T,Brian what do  you think,Comparing Fractions 3_Grade 4.xlsx,True,False,False,False,False,False,False
39,T,Maybe you  need to have a little conference here we have some disagreement,Comparing Fractions 3_Grade 4.xlsx,False,False,True,False,False,False,False
41,T,I m hearing you say Brian that the number name for red is one sixth  and the reason why is,Comparing Fractions 3_Grade 4.xlsx,False,False,False,False,True,False,False
1,T,So you re giving a red the number name one sixth and I understand  the young ladies up at the overhead are giving red the number name  one third and can red have the number name one third and one sixth  at the same time,Comparing Fractions 4_Grade 4.xlsx,False,True,False,False,False,False,False
1,T,That s my question,Comparing Fractions 4_Grade 4.xlsx,False,False,True,False,False,False,False
3,T,I heard what you said Brian I just wish everyone would listen here  because you re going to have to decide and write about this in a few  minutes and you re going to have to decide of the arguments which  you agree with Brian s argument or the argument of the other  people,Comparing Fractions 4_Grade 4.xlsx,False,False,True,False,False,False,False
3,T,And you need to know the arguments of both people so you  can write about them and tell me which do you believe and why,Comparing Fractions 4_Grade 4.xlsx,False,False,True,False,False,False,False
3,T,And if you don t believe an argument you have to tell why you don t  believe it and if you believe an argument you have to be able to  prove it,Comparing Fractions 4_Grade 4.xlsx,False,False,True,False,False,False,False
3,T,So we have two different arguments at the table and it s  very important that you listen so you understand what the arguments  are,Comparing Fractions 4_Grade 4.xlsx,False,False,True,False,False,False,False
5,T,Ok we will hear Kelly and Jackie and we will hear Brian s again,Comparing Fractions 4_Grade 4.xlsx,False,False,True,False,False,False,False
5,T,Brian said it and I know some of you heard it I heard it,Comparing Fractions 4_Grade 4.xlsx,False,False,True,False,False,False,False
5,T,But I would  like you all to listen to these arguments,Comparing Fractions 4_Grade 4.xlsx,False,False,True,False,False,False,False
8,T,Is that allowed,Comparing Fractions 4_Grade 4.xlsx,False,True,False,False,False,False,False
10,T,Why not,Comparing Fractions 4_Grade 4.xlsx,False,False,False,False,True,False,False
10,T,What s wrong with that,Comparing Fractions 4_Grade 4.xlsx,False,False,False,True,False,False,False
10,T,In what way it is not fair,Comparing Fractions 4_Grade 4.xlsx,False,False,False,True,False,False,False
12,T,Ok so what do you ladies think,Comparing Fractions 4_Grade 4.xlsx,False,False,False,True,False,False,False
12,T,Are you making different size  candy bars,Comparing Fractions 4_Grade 4.xlsx,False,True,False,False,False,False,False
12,T,What are calling the candy bar when you started the  problem,Comparing Fractions 4_Grade 4.xlsx,False,False,False,True,False,False,False
12,T,What was one,Comparing Fractions 4_Grade 4.xlsx,False,False,False,True,False,False,False
12,T,What did you call one if you re thinking of  candy bars when you began the problem,Comparing Fractions 4_Grade 4.xlsx,False,False,False,True,False,False,False
13,T,Is that what you built when you went up there you said the dark  green is one,Comparing Fractions 4_Grade 4.xlsx,False,True,False,False,False,False,False
13,T,Is that what you said,Comparing Fractions 4_Grade 4.xlsx,False,True,False,False,False,False,False
14,T,Ok then use the okay if your calling dark green one then I want to  hear your argument which is bigger a half or a third and by how  much,Comparing Fractions 4_Grade 4.xlsx,False,False,False,True,False,False,False
16,T,Okay you think a half is bigger than one third and you re calling the  dark green one,Comparing Fractions 4_Grade 4.xlsx,False,False,False,True,False,False,False
16,T,Did you change your mind,Comparing Fractions 4_Grade 4.xlsx,False,True,False,False,False,False,False
18,T,Well show me your argument now and tell me which is bigger a half  and a third and by how much,Comparing Fractions 4_Grade 4.xlsx,False,False,False,True,False,False,False
20,T,Can you show me why that s a half,Comparing Fractions 4_Grade 4.xlsx,False,False,False,False,True,False,False
22,T,Ok I see that you switched what you made um your model uh but  you showed me that one half is still bigger than a third and you still  believe that,Comparing Fractions 4_Grade 4.xlsx,False,False,True,False,False,False,False
22,T,But what number name did you give to white,Comparing Fractions 4_Grade 4.xlsx,False,False,False,True,False,False,False
22,T,You said  it was a white rod bigger but I didn t hear what number name you  gave to white,Comparing Fractions 4_Grade 4.xlsx,False,False,True,False,False,False,False
22,T,I thought I heard you say it s one bigger,Comparing Fractions 4_Grade 4.xlsx,False,False,True,False,False,False,False
24,T,Did you say that,Comparing Fractions 4_Grade 4.xlsx,False,True,False,False,False,False,False
26,T,And what number name are you calling the white,Comparing Fractions 4_Grade 4.xlsx,False,False,False,True,False,False,False
28,T,You all agree with that,Comparing Fractions 4_Grade 4.xlsx,True,False,False,False,False,False,False
30,T,Ok and the number name you are giving to the white you re saying  is one,Comparing Fractions 4_Grade 4.xlsx,False,False,True,False,False,False,False
32,T,you called the green one and your calling the white one,Comparing Fractions 4_Grade 4.xlsx,False,False,False,True,False,False,False
34,T,That s what I thought I heard you say,Comparing Fractions 4_Grade 4.xlsx,False,False,True,False,False,False,False
34,T,You hear  my question,Comparing Fractions 4_Grade 4.xlsx,False,True,False,False,False,False,False
34,T,Is everybody hearing my question,Comparing Fractions 4_Grade 4.xlsx,False,True,False,False,False,False,False
34,T,You said you called  the light green one you said you called the red one third and you  said you called the light green one half,Comparing Fractions 4_Grade 4.xlsx,False,False,True,False,False,False,False
34,T,Right,Comparing Fractions 4_Grade 4.xlsx,False,False,True,False,False,False,False
34,T,And now the white  one right    The white one which tells you how much bigger it is you said  you re calling it one,Comparing Fractions 4_Grade 4.xlsx,False,False,True,False,False,False,False
34,T,So your calling this one and this one,Comparing Fractions 4_Grade 4.xlsx,False,False,True,False,False,False,False
36,T,Erik what do they mean I m so confused,Comparing Fractions 4_Grade 4.xlsx,True,False,False,False,False,False,False
38,T,I don t see six of them up there,Comparing Fractions 4_Grade 4.xlsx,False,False,True,False,False,False,False
42,T,Is that what you meant to say,Comparing Fractions 4_Grade 4.xlsx,False,True,False,False,False,False,False
44,T,So you re saying then you all agree that s what you all really  wanted to call the little white one one sixth and not one,Comparing Fractions 4_Grade 4.xlsx,False,True,False,False,False,False,False
44,T,When you  call the light green one,Comparing Fractions 4_Grade 4.xlsx,False,True,False,False,False,False,False
44,T,So I m a little concerned now,Comparing Fractions 4_Grade 4.xlsx,False,True,False,False,False,False,False
44,T,Are you  agreeing with Brian or disagreeing with Brian that the number name  that you would give for how much bigger one half is than one third,Comparing Fractions 4_Grade 4.xlsx,True,False,False,False,False,False,False
44,T,Is how much,Comparing Fractions 4_Grade 4.xlsx,False,False,False,True,False,False,False
44,T,One half is how much bigger than one third,Comparing Fractions 4_Grade 4.xlsx,False,False,False,True,False,False,False
46,T,Is it one or one sixth,Comparing Fractions 4_Grade 4.xlsx,False,False,False,True,False,False,False
48,T,You re sure it s one sixth,Comparing Fractions 4_Grade 4.xlsx,False,True,False,False,False,False,False
50,T,Why can t it one,Comparing Fractions 4_Grade 4.xlsx,False,True,False,False,False,False,False
52,T,The dark green is one,Comparing Fractions 4_Grade 4.xlsx,False,True,False,False,False,False,False
52,T,I understand when,Comparing Fractions 4_Grade 4.xlsx,False,False,True,False,False,False,False
54,T,But they didn t they called the dark green one Erik,Comparing Fractions 4_Grade 4.xlsx,False,False,True,False,False,False,False
56,T,But can you do that in the same problem,Comparing Fractions 4_Grade 4.xlsx,False,True,False,False,False,False,False
58,T,Yeah you can t change the rules in the problem now I want to go back  that s very very nice and Erik that was very helpful to me and to the  folks up there,Comparing Fractions 4_Grade 4.xlsx,False,False,True,False,False,False,False
1,T,I still want to go back to the problem Brian was helping them with  the problem up there I still wonder if we can solve this one because  you started with this other one and you said that the orange and red   are one right,Comparing Fractions 5_Grade 4.xlsx,False,True,False,False,False,False,False
1,T,Isn t that what you said,Comparing Fractions 5_Grade 4.xlsx,False,True,False,False,False,False,False
3,T,Right and you said it s bigger by the red right,Comparing Fractions 5_Grade 4.xlsx,False,True,False,False,False,False,False
3,T,And the question  was what number name do you give to the red,Comparing Fractions 5_Grade 4.xlsx,False,False,False,True,False,False,False
3,T,Now if you really  understood what mistake you made here maybe you ll figure out  what mistake you made up there,Comparing Fractions 5_Grade 4.xlsx,False,False,True,False,False,False,False
5,T,Well how can you build a model and say that one half is bigger than  a third by a sixth and build another model that says one half is bigger  than a third by a third,Comparing Fractions 5_Grade 4.xlsx,False,False,False,True,False,False,False
5,T,How is that possible,Comparing Fractions 5_Grade 4.xlsx,False,False,False,True,False,False,False
5,T,I am so confused,Comparing Fractions 5_Grade 4.xlsx,False,False,True,False,False,False,False
5,T,Brian it s just his face tells me that he is so unhappy with that,Comparing Fractions 5_Grade 4.xlsx,False,False,True,False,False,False,False
5,T,Do  you believe that Brian,Comparing Fractions 5_Grade 4.xlsx,False,True,False,False,False,False,False
5,T,They re still telling me that one half is bigger  by one half is bigger than one third by one third,Comparing Fractions 5_Grade 4.xlsx,False,False,True,False,False,False,False
5,T,Can anyone tell  me what s going on here,Comparing Fractions 5_Grade 4.xlsx,False,False,False,True,False,False,False
5,T,I am so confused,Comparing Fractions 5_Grade 4.xlsx,False,False,True,False,False,False,False
7,T,So Brian is giving the red rod a different number name he s not  calling it a third he s calling it a sixth,Comparing Fractions 5_Grade 4.xlsx,False,False,True,False,False,False,False
7,T,They don t believe that  though they still want to call it a third,Comparing Fractions 5_Grade 4.xlsx,False,False,True,False,False,False,False
7,T,Someone has to,Comparing Fractions 5_Grade 4.xlsx,False,False,True,False,False,False,False
10,T,You think it can be a third and a half,Comparing Fractions 5_Grade 4.xlsx,False,True,False,False,False,False,False
10,T,How many think they could  be a third and a half,Comparing Fractions 5_Grade 4.xlsx,False,True,False,False,False,False,False
10,T,How many of you don t think it could be a  third and a sixth,Comparing Fractions 5_Grade 4.xlsx,False,True,False,False,False,False,False
10,T,How many of you disagree,Comparing Fractions 5_Grade 4.xlsx,True,False,False,False,False,False,False
20,T,Michael wanted to say something for a long time and has been very  patient,Comparing Fractions 5_Grade 4.xlsx,False,True,False,False,False,False,False
23,T,So so Brian Michael is offering another way of thinking about that  red as being one sixth,Comparing Fractions 5_Grade 4.xlsx,False,False,True,False,False,False,False
23,T,You thought about the red as being one sixth  to make a half of a third and Michael is saying that red is one sixth,Comparing Fractions 5_Grade 4.xlsx,False,False,True,False,False,False,False
25,T,I see Meredith is wanting to say something,Comparing Fractions 5_Grade 4.xlsx,False,True,False,False,False,False,False
27,T,I m sorry Meredith could you start again,Comparing Fractions 5_Grade 4.xlsx,False,True,False,False,False,False,False
33,T,Well that is really something uh I think,Comparing Fractions 5_Grade 4.xlsx,False,False,True,False,False,False,False
35,T,Well you find that you are consistent you do get one sixth when   you use both models,Comparing Fractions 5_Grade 4.xlsx,False,False,False,False,False,False,True
35,T,I am really interested I uh hearing about  what all of you are thinking about these arguments  You can sit down now,Comparing Fractions 5_Grade 4.xlsx,False,False,True,False,False,False,False
35,T,Thank you very very  much that was very very helpful,Comparing Fractions 5_Grade 4.xlsx,False,False,True,False,False,False,False
1,T,Someone told me someone told me that the red rod is half as long  as the yellow rod,Fraction as Number 1_Grade 4.xlsx,False,False,True,False,False,False,False
1,T,What do you think,Fraction as Number 1_Grade 4.xlsx,True,False,False,False,False,False,False
4,T,Someone told me that the red rod is half as long as the yellow rod,Fraction as Number 1_Grade 4.xlsx,False,False,True,False,False,False,False
4,T,What do you think,Fraction as Number 1_Grade 4.xlsx,True,False,False,False,False,False,False
8,T,Danielle what do you think,Fraction as Number 1_Grade 4.xlsx,False,False,False,True,False,False,False
10,T,Danielle thinks no,Fraction as Number 1_Grade 4.xlsx,False,False,False,False,False,False,True
10,T,What can you do to convince me that that s not  true,Fraction as Number 1_Grade 4.xlsx,False,False,False,True,False,False,False
10,T,Can you speak nice and loud Danielle,Fraction as Number 1_Grade 4.xlsx,False,True,False,False,False,False,False
12,T,And,Fraction as Number 1_Grade 4.xlsx,False,True,False,False,False,False,False
14,T,So it doesnt work does it,Fraction as Number 1_Grade 4.xlsx,False,True,False,False,False,False,False
14,T,How many of you agree that the red  rod is not half as long as the yellow rod,Fraction as Number 1_Grade 4.xlsx,True,False,False,False,False,False,False
14,T,How many of you agree  that whoever told me that I shouldnt believe it,Fraction as Number 1_Grade 4.xlsx,True,False,False,False,False,False,False
14,T,And you can all  convince me,Fraction as Number 1_Grade 4.xlsx,False,True,False,False,False,False,False
14,T,And you all did the same thing in convincing me  right you put the two red ones and it didnt come out to be a half  thats what you all did,Fraction as Number 1_Grade 4.xlsx,False,True,False,False,False,False,False
14,T,What a smart class this is,Fraction as Number 1_Grade 4.xlsx,False,False,True,False,False,False,False
14,T,Id better be  careful who I listen to right,Fraction as Number 1_Grade 4.xlsx,False,True,False,False,False,False,False
14,T,Okay someone told me that the  purple rod,Fraction as Number 1_Grade 4.xlsx,False,False,True,False,False,False,False
16,T,Is half as long as the black rod,Fraction as Number 1_Grade 4.xlsx,False,False,True,False,False,False,False
18,T,What do you think,Fraction as Number 1_Grade 4.xlsx,True,False,False,False,False,False,False
21,T,The black rod,Fraction as Number 1_Grade 4.xlsx,False,False,True,False,False,False,False
27,T,What do you think,Fraction as Number 1_Grade 4.xlsx,False,False,False,True,False,False,False
27,T,David,Fraction as Number 1_Grade 4.xlsx,False,True,False,False,False,False,False
29,T,David doesn t believe it why not David,Fraction as Number 1_Grade 4.xlsx,False,False,False,False,True,False,False
31,T,Nice and loud David,Fraction as Number 1_Grade 4.xlsx,False,True,False,False,False,False,False
33,T,Okay how many of you agree with David,Fraction as Number 1_Grade 4.xlsx,True,False,False,False,False,False,False
33,T,Okay can you find dark  green,Fraction as Number 1_Grade 4.xlsx,False,True,False,False,False,False,False
33,T,Are you ready for this one,Fraction as Number 1_Grade 4.xlsx,False,True,False,False,False,False,False
33,T,Someone told me that the red  rod is one third as long as the dark green rod,Fraction as Number 1_Grade 4.xlsx,False,False,True,False,False,False,False
33,T,What do you think,Fraction as Number 1_Grade 4.xlsx,True,False,False,False,False,False,False
38,T,Discuss it with your partner,Fraction as Number 1_Grade 4.xlsx,False,True,False,False,False,False,False
41,T,Someone told me Jackie,Fraction as Number 1_Grade 4.xlsx,False,True,False,False,False,False,False
43,T,Jackie thinks so,Fraction as Number 1_Grade 4.xlsx,False,False,True,False,False,False,False
43,T,How many of you agree with  Jackie,Fraction as Number 1_Grade 4.xlsx,True,False,False,False,False,False,False
43,T,What would you do to convince me,Fraction as Number 1_Grade 4.xlsx,False,False,False,True,False,False,False
43,T,You  want to come up here and convince me Jackie on the overhead,Fraction as Number 1_Grade 4.xlsx,False,False,False,True,False,False,False
43,T,That the red rod is one third  as large as long as the dark green,Fraction as Number 1_Grade 4.xlsx,False,False,True,False,False,False,False
43,T,How many did that,Fraction as Number 1_Grade 4.xlsx,True,False,False,False,False,False,False
43,T,Okay what a smart class are  you sure everyone didn t work with this last year,Fraction as Number 1_Grade 4.xlsx,False,True,False,False,False,False,False
43,T,What a smart class,Fraction as Number 1_Grade 4.xlsx,False,False,True,False,False,False,False
43,T,That s lovely thank you  Jackie,Fraction as Number 1_Grade 4.xlsx,False,False,True,False,False,False,False
2,T,Nice and loud Beth,Fraction as Number 2_Grade 4.xlsx,False,True,False,False,False,False,False
4,T,How many think one third,Fraction as Number 2_Grade 4.xlsx,False,True,False,False,False,False,False
4,T,You all agree,Fraction as Number 2_Grade 4.xlsx,False,False,True,False,False,False,False
4,T,Can you tell me why you  would give it the number name one third,Fraction as Number 2_Grade 4.xlsx,False,False,False,False,True,False,False
6,T,Okay so if it makes three of them would make one whole,Fraction as Number 2_Grade 4.xlsx,False,False,False,False,False,False,True
6,T,Do you  agree with that,Fraction as Number 2_Grade 4.xlsx,True,False,False,False,False,False,False
6,T,So we give it the number name one third,Fraction as Number 2_Grade 4.xlsx,False,False,True,False,False,False,False
6,T,Okay  very good,Fraction as Number 2_Grade 4.xlsx,False,False,True,False,False,False,False
6,T,Someone told me that light green is one third as long as  blue,Fraction as Number 2_Grade 4.xlsx,False,False,True,False,False,False,False
6,T,What do you think,Fraction as Number 2_Grade 4.xlsx,True,False,False,False,False,False,False
11,T,Someone told me that light green is one third as long as blue,Fraction as Number 2_Grade 4.xlsx,False,False,True,False,False,False,False
11,T,What  do you think,Fraction as Number 2_Grade 4.xlsx,True,False,False,False,False,False,False
11,T,What do you think Jessica,Fraction as Number 2_Grade 4.xlsx,True,False,False,False,False,False,False
13,T,Jessica thinks it is,Fraction as Number 2_Grade 4.xlsx,False,False,False,False,False,False,True
13,T,And how would you convince me Jessica,Fraction as Number 2_Grade 4.xlsx,False,False,False,True,False,False,False
15,T,So if I call the blue rod one what number name would I give to light  green everybody,Fraction as Number 2_Grade 4.xlsx,False,False,False,True,False,False,False
17,T,I would give it the number name one third,Fraction as Number 2_Grade 4.xlsx,False,False,False,False,False,False,True
17,T,Now notice if I called  the dark green rod one what number name would I give to the red,Fraction as Number 2_Grade 4.xlsx,False,False,False,True,False,False,False
19,T,So are the number names always the same,Fraction as Number 2_Grade 4.xlsx,False,True,False,False,False,False,False
21,T,Are the color names always the same,Fraction as Number 2_Grade 4.xlsx,False,True,False,False,False,False,False
22,T,No,Fraction as Number 2_Grade 4.xlsx,False,True,False,False,False,False,False
23,T,Does this have another name other than blue,Fraction as Number 2_Grade 4.xlsx,False,True,False,False,False,False,False
23,T,Am I ever going to  call this something else other than blue,Fraction as Number 2_Grade 4.xlsx,False,True,False,False,False,False,False
25,T,What am I going to call it,Fraction as Number 2_Grade 4.xlsx,False,False,False,True,False,False,False
27,T,Well dark blue,Fraction as Number 2_Grade 4.xlsx,False,False,False,False,False,False,True
27,T,So are the number names same do they change,Fraction as Number 2_Grade 4.xlsx,False,True,False,False,False,False,False
27,T,I  mean the color names,Fraction as Number 2_Grade 4.xlsx,False,False,True,False,False,False,False
29,T,Erik thinks that the color names don t change,Fraction as Number 2_Grade 4.xlsx,False,False,False,False,False,False,True
29,T,Right do we agree  that the color names are always the same,Fraction as Number 2_Grade 4.xlsx,True,False,False,False,False,False,False
31,T,Do the number names change,Fraction as Number 2_Grade 4.xlsx,False,True,False,False,False,False,False
33,T,Okay tell me why the number names change,Fraction as Number 2_Grade 4.xlsx,False,False,False,False,True,False,False
33,T,Give me an example  of why the number names change,Fraction as Number 2_Grade 4.xlsx,False,False,False,False,True,False,False
33,T,Erik,Fraction as Number 2_Grade 4.xlsx,False,True,False,False,False,False,False
35,T,Which one,Fraction as Number 2_Grade 4.xlsx,False,False,False,True,False,False,False
37,T,Okay so I called the light green one third and I called the red one  third,Fraction as Number 2_Grade 4.xlsx,False,False,False,False,False,False,True
37,T,Why could the light green be a third and why could the red  be a third,Fraction as Number 2_Grade 4.xlsx,False,False,False,False,True,False,False
37,T,How is that possible for both of these to be a third,Fraction as Number 2_Grade 4.xlsx,False,False,False,True,False,False,False
39,T,Michael,Fraction as Number 2_Grade 4.xlsx,False,True,False,False,False,False,False
41,T,Because there is a different size whole,Fraction as Number 2_Grade 4.xlsx,False,False,False,False,False,True,False
41,T,There is a different number  name I gave for what I called one okay,Fraction as Number 2_Grade 4.xlsx,False,True,False,False,False,False,False
41,T,So when the blue is one  can you see that the light green becomes a third,Fraction as Number 2_Grade 4.xlsx,False,True,False,False,False,False,False
41,T,But can you see  when the dark green is one then you see that the red becomes a  third,Fraction as Number 2_Grade 4.xlsx,False,True,False,False,False,False,False
41,T,So do we have permanent number names,Fraction as Number 2_Grade 4.xlsx,False,True,False,False,False,False,False
43,T,No the number names change thats very important when using  these rods,Fraction as Number 2_Grade 4.xlsx,False,False,False,False,False,False,True
43,T,Do the color names change,Fraction as Number 2_Grade 4.xlsx,False,True,False,False,False,False,False
45,T,No the color names dont change,Fraction as Number 2_Grade 4.xlsx,False,False,False,False,False,False,True
45,T,Every one of these rods has a  permanent color name but the number name changes with the  problem,Fraction as Number 2_Grade 4.xlsx,False,False,True,False,False,False,False
45,T,So let s be sure we re familiar with the color names so  that we can call them the same thing um for the rods we have a  color name for this one we re calling this one blue or dark blue  right we agree with that,Fraction as Number 2_Grade 4.xlsx,True,False,False,False,False,False,False
45,T,And we re calling this one light green  why don t you make sure you pull out all of them and see if it is true  that there are ten of them and see if we can come up with the  different color names and then we ll do some problems with  number names,Fraction as Number 2_Grade 4.xlsx,False,False,True,False,False,False,False
50,T,How many think there are ten,Fraction as Number 2_Grade 4.xlsx,False,True,False,False,False,False,False
50,T,Okay,Fraction as Number 2_Grade 4.xlsx,False,False,True,False,False,False,False
50,T,Okay as I look around the room I see that you  arranged them all some of you did the same thing some of you did  them differently,Fraction as Number 2_Grade 4.xlsx,False,False,True,False,False,False,False
50,T,Kelly your arrangement you want to say  something about your arrangement,Fraction as Number 2_Grade 4.xlsx,False,True,False,False,False,False,False
50,T,Nice and loud Kelly,Fraction as Number 2_Grade 4.xlsx,False,True,False,False,False,False,False
52,T,Which is the longest rod,Fraction as Number 2_Grade 4.xlsx,False,False,False,True,False,False,False
54,T,The orange do all agree,Fraction as Number 2_Grade 4.xlsx,True,False,False,False,False,False,False
56,T,And then tell me what to do,Fraction as Number 2_Grade 4.xlsx,False,False,False,True,False,False,False
58,T,Blue,Fraction as Number 2_Grade 4.xlsx,False,False,False,False,False,True,False
60,T,Brown,Fraction as Number 2_Grade 4.xlsx,False,False,False,False,False,True,False
62,T,I can t find the brown brown,Fraction as Number 2_Grade 4.xlsx,False,False,True,False,False,False,False
64,T,We call this purple,Fraction as Number 2_Grade 4.xlsx,False,False,True,False,False,False,False
66,T,I know it looks sort of pink doesn t it,Fraction as Number 2_Grade 4.xlsx,False,True,False,False,False,False,False
66,T,Okay,Fraction as Number 2_Grade 4.xlsx,False,False,True,False,False,False,False
68,T,And then white,Fraction as Number 2_Grade 4.xlsx,False,False,False,False,False,False,True
68,T,How many of you agree,Fraction as Number 2_Grade 4.xlsx,True,False,False,False,False,False,False
68,T,Ten rods,Fraction as Number 2_Grade 4.xlsx,True,False,False,False,False,False,False
68,T,Ten color  names,Fraction as Number 2_Grade 4.xlsx,True,False,False,False,False,False,False
68,T,You agree,Fraction as Number 2_Grade 4.xlsx,False,False,True,False,False,False,False
1,T,Now you remember when we said if we re calling the dark green  one what number name were we giving to red,Fraction as Number 3_Grade 4.xlsx,False,False,False,True,False,False,False
1,T,Michael,Fraction as Number 3_Grade 4.xlsx,False,True,False,False,False,False,False
3,T,One third,Fraction as Number 3_Grade 4.xlsx,False,False,False,False,False,True,False
3,T,Okay and why Michael one more time,Fraction as Number 3_Grade 4.xlsx,False,False,False,False,True,False,False
5,T,Okay I heard someone say in the back of the room I was listening  someone asked a question someone said look we have three red  ones making the green one why cant we call the red one one,Fraction as Number 3_Grade 4.xlsx,False,False,False,False,True,False,False
5,T,I  heard someone say that somebody was very confused by that,Fraction as Number 3_Grade 4.xlsx,False,False,True,False,False,False,False
5,T,And  we said that you told me this is a third is that possible or is it not  possible can you try to convince me that it s not possible for the  red one to have the number name one,Fraction as Number 3_Grade 4.xlsx,False,False,False,True,False,False,False
7,T,Michael,Fraction as Number 3_Grade 4.xlsx,False,True,False,False,False,False,False
9,T,That wasnt the question,Fraction as Number 3_Grade 4.xlsx,False,False,True,False,False,False,False
9,T,I said if you called the dark green one  what number name do we give the red,Fraction as Number 3_Grade 4.xlsx,False,False,True,False,False,False,False
9,T,You told me one third,Fraction as Number 3_Grade 4.xlsx,False,False,True,False,False,False,False
11,T,And everybody agreed okay,Fraction as Number 3_Grade 4.xlsx,False,False,True,False,False,False,False
11,T,Now Im asking you if I called the  dark green one and I called red one third could red now be one,Fraction as Number 3_Grade 4.xlsx,False,True,False,False,False,False,False
11,T,I  am calling the dark green one,Fraction as Number 3_Grade 4.xlsx,False,False,True,False,False,False,False
13,T,What is the difference Erik,Fraction as Number 3_Grade 4.xlsx,False,False,False,True,False,False,False
15,T,Michael what do you think,Fraction as Number 3_Grade 4.xlsx,False,False,False,True,False,False,False
17,T,Okay suppose I said I wanted the red to be one what would that  tell you about the dark green,Fraction as Number 3_Grade 4.xlsx,False,False,False,True,False,False,False
17,T,If I wanted to make it so the red  were one what would I have to make the dark green to make the  red one,Fraction as Number 3_Grade 4.xlsx,False,False,False,True,False,False,False
17,T,Gregory is that a hand up or maybe you re thinking,Fraction as Number 3_Grade 4.xlsx,False,True,False,False,False,False,False
17,T,Do  you understand my question,Fraction as Number 3_Grade 4.xlsx,False,True,False,False,False,False,False
17,T,Suppose I wanted to change the  problem and I wanted now red to be one,Fraction as Number 3_Grade 4.xlsx,False,False,True,False,False,False,False
17,T,Okay that s a different  problem a brand new problem,Fraction as Number 3_Grade 4.xlsx,False,False,True,False,False,False,False
17,T,Okay we re starting again what  number name would I have to give to green if I wanted red to be  one,Fraction as Number 3_Grade 4.xlsx,False,False,False,True,False,False,False
17,T,You want to talk about it with your partner for a minute,Fraction as Number 3_Grade 4.xlsx,False,True,False,False,False,False,False
21,T,Okay suppose I want the red to be one what number name would I  have to give dark green for red to be one,Fraction as Number 3_Grade 4.xlsx,False,False,False,True,False,False,False
23,T,Hi Erik,Fraction as Number 3_Grade 4.xlsx,False,False,True,False,False,False,False
23,T,What Erik,Fraction as Number 3_Grade 4.xlsx,False,True,False,False,False,False,False
25,T,Right,Fraction as Number 3_Grade 4.xlsx,False,True,False,False,False,False,False
27,T,So dark green would have to be three,Fraction as Number 3_Grade 4.xlsx,False,False,True,False,False,False,False
29,T,Do you agree Alan,Fraction as Number 3_Grade 4.xlsx,True,False,False,False,False,False,False
31,T,Does that make sense Alan,Fraction as Number 3_Grade 4.xlsx,False,True,False,False,False,False,False
33,T,Okay,Fraction as Number 3_Grade 4.xlsx,False,False,True,False,False,False,False
35,T,Okay are you ready to argue that Erik,Fraction as Number 3_Grade 4.xlsx,False,True,False,False,False,False,False
37,T,Okay Im hearing two answers,Fraction as Number 3_Grade 4.xlsx,False,False,True,False,False,False,False
37,T,I ve heard two  answers as I walk around the room,Fraction as Number 3_Grade 4.xlsx,False,False,True,False,False,False,False
37,T,Okay let me let s let s hear I  have heard two different answers I d like to hear both answers,Fraction as Number 3_Grade 4.xlsx,False,False,True,False,False,False,False
37,T,Ah let s see who wants to give me an answer,Fraction as Number 3_Grade 4.xlsx,False,False,False,True,False,False,False
37,T,I heard I heard a couple of different answers,Fraction as Number 3_Grade 4.xlsx,False,False,True,False,False,False,False
37,T,Only  this table wants to give me an answer,Fraction as Number 3_Grade 4.xlsx,False,False,False,True,False,False,False
37,T,I ve heard a different one,Fraction as Number 3_Grade 4.xlsx,False,False,True,False,False,False,False
37,T,Okay Alan,Fraction as Number 3_Grade 4.xlsx,False,True,False,False,False,False,False
39,T,Nice and loud Alan,Fraction as Number 3_Grade 4.xlsx,False,True,False,False,False,False,False
41,T,Do you want to tell me why you think so,Fraction as Number 3_Grade 4.xlsx,False,False,False,False,True,False,False
41,T,Are you all hearing what  Alan says,Fraction as Number 3_Grade 4.xlsx,False,True,False,False,False,False,False
44,T,Ah you need to talk much louder,Fraction as Number 3_Grade 4.xlsx,False,True,False,False,False,False,False
47,T,Does that make any sense,Fraction as Number 3_Grade 4.xlsx,False,True,False,False,False,False,False
47,T,Do you understand what Erik is saying,Fraction as Number 3_Grade 4.xlsx,False,True,False,False,False,False,False
47,T,What do you think David,Fraction as Number 3_Grade 4.xlsx,True,False,False,False,False,False,False
49,T,Does anybody think anything else,Fraction as Number 3_Grade 4.xlsx,True,False,False,False,False,False,False
49,T,What Im hearing David say and  Alan and Erik is that if red is one green is three,Fraction as Number 3_Grade 4.xlsx,False,False,True,False,False,False,False
49,T,How many of you  agree with that if red is one green is three,Fraction as Number 3_Grade 4.xlsx,True,False,False,False,False,False,False
49,T,How many of you  aren t sure,Fraction as Number 3_Grade 4.xlsx,True,False,False,False,False,False,False
49,T,How many of you aren t sure,Fraction as Number 3_Grade 4.xlsx,True,False,False,False,False,False,False
49,T,How many of you  disagree,Fraction as Number 3_Grade 4.xlsx,True,False,False,False,False,False,False
49,T,Well well see if you understand,Fraction as Number 3_Grade 4.xlsx,False,False,True,False,False,False,False
49,T,Ill give you another  one okay,Fraction as Number 3_Grade 4.xlsx,False,True,False,False,False,False,False
1,T,How about this one,Fraction as Number 4_Grade 4.xlsx,False,False,True,False,False,False,False
1,T,Lets look at brown and lets look at red,Fraction as Number 4_Grade 4.xlsx,False,False,True,False,False,False,False
1,T,If I  call brown one what number name would I give to red,Fraction as Number 4_Grade 4.xlsx,False,False,False,True,False,False,False
1,T,If I call brown one what number name  would I give to red,Fraction as Number 4_Grade 4.xlsx,False,False,False,True,False,False,False
1,T,If I call brown red what number name would I brown one  what number name would I give to red,Fraction as Number 4_Grade 4.xlsx,False,False,False,True,False,False,False
1,T,Danielle,Fraction as Number 4_Grade 4.xlsx,False,True,False,False,False,False,False
1,T,I can t Joanna  could you Danielle,Fraction as Number 4_Grade 4.xlsx,False,True,False,False,False,False,False
3,T,Nice and loud,Fraction as Number 4_Grade 4.xlsx,False,True,False,False,False,False,False
5,T,One fourth,Fraction as Number 4_Grade 4.xlsx,False,False,False,False,False,False,True
5,T,How many of you think one fourth,Fraction as Number 4_Grade 4.xlsx,True,False,False,False,False,False,False
5,T,And what would  you do to convince me,Fraction as Number 4_Grade 4.xlsx,False,False,False,True,False,False,False
7,T,Okay,Fraction as Number 4_Grade 4.xlsx,False,False,True,False,False,False,False
7,T,So you would put four like this and you would give the red  the number name one fourth,Fraction as Number 4_Grade 4.xlsx,False,False,True,False,False,False,False
7,T,Is there anybody who disagrees with  that,Fraction as Number 4_Grade 4.xlsx,True,False,False,False,False,False,False
7,T,Let me change the problem,Fraction as Number 4_Grade 4.xlsx,False,False,True,False,False,False,False
7,T,Now I want to call the red rod  one what number name would I give to the brown rod,Fraction as Number 4_Grade 4.xlsx,False,False,False,True,False,False,False
7,T,Now I m  gonna call the red rod one what number name would I give to the  brown rod,Fraction as Number 4_Grade 4.xlsx,False,False,False,True,False,False,False
7,T,Jacquelyn,Fraction as Number 4_Grade 4.xlsx,False,True,False,False,False,False,False
9,T,Why four,Fraction as Number 4_Grade 4.xlsx,False,False,False,False,True,False,False
9,T,Youd call it four,Fraction as Number 4_Grade 4.xlsx,False,False,False,False,False,False,True
9,T,Why would you call it four,Fraction as Number 4_Grade 4.xlsx,False,False,False,False,True,False,False
11,T,Okay how many of you agree with that,Fraction as Number 4_Grade 4.xlsx,True,False,False,False,False,False,False
11,T,Now Im wondering some  of you looked at me sort of ahha I see what shes doing right,Fraction as Number 4_Grade 4.xlsx,False,True,False,False,False,False,False
11,T,Are we changing the number names for the rods,Fraction as Number 4_Grade 4.xlsx,False,True,False,False,False,False,False
11,T,Yeah were  changing the number names for the rods,Fraction as Number 4_Grade 4.xlsx,False,False,True,False,False,False,False
11,T,So we have to always say  to ourselves whats one,Fraction as Number 4_Grade 4.xlsx,False,False,True,False,False,False,False
11,T,Right,Fraction as Number 4_Grade 4.xlsx,False,False,True,False,False,False,False
11,T,I need to know what one is before  I can tell you the number names for the others isnt that true,Fraction as Number 4_Grade 4.xlsx,False,True,False,False,False,False,False
11,T,Now  I m going to have you make up a problem for me,Fraction as Number 4_Grade 4.xlsx,False,False,True,False,False,False,False
11,T,I want to call the  white rod one half,Fraction as Number 4_Grade 4.xlsx,False,False,True,False,False,False,False
11,T,What would I have to call one if I make the  white rod one half,Fraction as Number 4_Grade 4.xlsx,False,False,False,True,False,False,False
11,T,What would I have to call one in order to name  the white rod one half,Fraction as Number 4_Grade 4.xlsx,False,False,False,True,False,False,False
11,T,Talk to your partner to be sure you agree  and if you and your partner agree in this case we have two  partners with Jacquelyn Kelly and Michael when you all agree  raise your hand at your table,Fraction as Number 4_Grade 4.xlsx,True,False,False,False,False,False,False
11,T,What would I have to call one if I  want to call the white rod one half,Fraction as Number 4_Grade 4.xlsx,False,False,False,True,False,False,False
11,T,Okay Laura,Fraction as Number 4_Grade 4.xlsx,False,True,False,False,False,False,False
13,T,Laura says Im going to call the red rod one,Fraction as Number 4_Grade 4.xlsx,False,False,False,False,False,False,True
13,T,How many of you  agree,Fraction as Number 4_Grade 4.xlsx,True,False,False,False,False,False,False
13,T,And what would you do to convince me,Fraction as Number 4_Grade 4.xlsx,False,False,False,True,False,False,False
13,T,What would you  do Graham to convince me,Fraction as Number 4_Grade 4.xlsx,False,False,False,True,False,False,False
14,T,I think you have the idea,Fraction as Number 4_Grade 4.xlsx,False,False,True,False,False,False,False
1,T,Okay,Fraction as Number 5_Grade 4.xlsx,False,False,True,False,False,False,False
1,T,Make up a problem for me,Fraction as Number 5_Grade 4.xlsx,False,False,False,True,False,False,False
1,T,At your table with your partner  make up a problem for me and the rest of the class,Fraction as Number 5_Grade 4.xlsx,False,False,False,True,False,False,False
1,T,I only want one  problem to make up we are gonna go around and hear your  problems,Fraction as Number 5_Grade 4.xlsx,False,False,True,False,False,False,False
1,T,See if you can trick somebody else,Fraction as Number 5_Grade 4.xlsx,False,False,True,False,False,False,False
1,T,Make up a problem,Fraction as Number 5_Grade 4.xlsx,False,False,False,True,False,False,False
3,T,Just one problem you and your partner make together,Fraction as Number 5_Grade 4.xlsx,False,False,True,False,False,False,False
5,T,See if you can trick me or trick Amy,Fraction as Number 5_Grade 4.xlsx,False,False,True,False,False,False,False
7,T,Or your teacher see if you can trick us,Fraction as Number 5_Grade 4.xlsx,False,False,True,False,False,False,False
7,T,And if if if you and your  partner may have made up or your partners have made a problem  when you think you have one be careful how you re gonna ask it  practice how you re gonna ask the problem and then raise your  hand,Fraction as Number 5_Grade 4.xlsx,False,False,True,False,False,False,False
12,T,Try to get a hard one and try to stump us,Fraction as Number 5_Grade 4.xlsx,False,False,True,False,False,False,False
27,T,Oh this is an interesting one,Fraction as Number 5_Grade 4.xlsx,False,False,True,False,False,False,False
29,T,This would be an interesting problem what would you ask  me here Alan,Fraction as Number 5_Grade 4.xlsx,False,False,False,True,False,False,False
31,T,Or if the orange rod is considered if the red rod is one fifth what  would the orange rod be,Fraction as Number 5_Grade 4.xlsx,False,False,False,False,False,False,True
33,T,Good problem that is a good one to ask,Fraction as Number 5_Grade 4.xlsx,False,False,True,False,False,False,False
33,T,Okay good problem,Fraction as Number 5_Grade 4.xlsx,False,False,True,False,False,False,False
49,T,Okay,Fraction as Number 5_Grade 4.xlsx,False,False,True,False,False,False,False
49,T,Im ready to hear some questions because you can maybe  keep thinking of more,Fraction as Number 5_Grade 4.xlsx,False,False,True,False,False,False,False
51,T,Are you all ready to listen to the questions,Fraction as Number 5_Grade 4.xlsx,False,False,True,False,False,False,False
53,T,And hopefully well get around,Fraction as Number 5_Grade 4.xlsx,False,False,True,False,False,False,False
55,T,And if we dont finish you can finish tomorrow try to remember  what youve done,Fraction as Number 5_Grade 4.xlsx,False,False,True,False,False,False,False
55,T,Okay are you all ready to listen,Fraction as Number 5_Grade 4.xlsx,False,False,True,False,False,False,False
55,T,Okay Alan has  one for us Id like to hear Alans,Fraction as Number 5_Grade 4.xlsx,False,False,True,False,False,False,False
55,T,Alan you want to come up here  and ask us and build it again,Fraction as Number 5_Grade 4.xlsx,False,False,False,True,False,False,False
57,T,Okay do you understand the question,Fraction as Number 5_Grade 4.xlsx,False,True,False,False,False,False,False
57,T,One more time ask the  question,Fraction as Number 5_Grade 4.xlsx,False,True,False,False,False,False,False
57,T,That s really a hard question,Fraction as Number 5_Grade 4.xlsx,False,False,True,False,False,False,False
60,T,If the red rod was one fifth what would we call one,Fraction as Number 5_Grade 4.xlsx,False,False,False,True,False,False,False
63,T,Nice and loud Erik,Fraction as Number 5_Grade 4.xlsx,False,True,False,False,False,False,False
66,T,Oh Graham,Fraction as Number 5_Grade 4.xlsx,False,False,True,False,False,False,False
68,T,Can you prove it,Fraction as Number 5_Grade 4.xlsx,False,False,False,True,False,False,False
70,T,Okay what do you think,Fraction as Number 5_Grade 4.xlsx,False,False,False,True,False,False,False
70,T,How many of you agree with that,Fraction as Number 5_Grade 4.xlsx,True,False,False,False,False,False,False
70,T,That  was a hard one,Fraction as Number 5_Grade 4.xlsx,False,False,True,False,False,False,False
70,T,If I call the red one one fifth what would I call the  orange,Fraction as Number 5_Grade 4.xlsx,False,False,False,True,False,False,False
70,T,Okay Graham you didnt let him stump you,Fraction as Number 5_Grade 4.xlsx,False,False,True,False,False,False,False
70,T,Okay Beth  has one for us,Fraction as Number 5_Grade 4.xlsx,False,False,True,False,False,False,False
70,T,You want to come up here Beth,Fraction as Number 5_Grade 4.xlsx,False,True,False,False,False,False,False
70,T,And Mark has one  right after that so why dont you come up too Mark and you can  both ask together and help each other find them,Fraction as Number 5_Grade 4.xlsx,False,False,True,False,False,False,False
72,T,Did you all hear the question,Fraction as Number 5_Grade 4.xlsx,False,True,False,False,False,False,False
72,T,Okay Beth says that if she calls the  green rod one what would what number name the light green rod  one,Fraction as Number 5_Grade 4.xlsx,False,False,False,True,False,False,False
72,T,Is that alright thank you,Fraction as Number 5_Grade 4.xlsx,False,False,True,False,False,False,False
72,T,Mark says that if we call the light  green rod one what number name will we give to blue,Fraction as Number 5_Grade 4.xlsx,False,False,False,True,False,False,False
72,T,That was  the question,Fraction as Number 5_Grade 4.xlsx,False,False,True,False,False,False,False
75,T,Nice and loud Erik,Fraction as Number 5_Grade 4.xlsx,False,True,False,False,False,False,False
77,T,Just three,Fraction as Number 5_Grade 4.xlsx,False,False,False,False,False,False,True
77,T,Give it the number name three,Fraction as Number 5_Grade 4.xlsx,False,False,True,False,False,False,False
77,T,Okay,Fraction as Number 5_Grade 4.xlsx,False,False,True,False,False,False,False
77,T,Umm can you  prove it,Fraction as Number 5_Grade 4.xlsx,False,False,False,True,False,False,False
77,T,I think we don t have enough light green,Fraction as Number 5_Grade 4.xlsx,False,False,True,False,False,False,False
79,T,Umm you right we have to imagine it,Fraction as Number 5_Grade 4.xlsx,False,False,True,False,False,False,False
79,T,Can you imagine it,Fraction as Number 5_Grade 4.xlsx,False,True,False,False,False,False,False
81,T,And try it on your seat,Fraction as Number 5_Grade 4.xlsx,False,True,False,False,False,False,False
81,T,Yeah,Fraction as Number 5_Grade 4.xlsx,False,False,True,False,False,False,False
83,T,We don t have any for the overhead in light green,Fraction as Number 5_Grade 4.xlsx,False,False,True,False,False,False,False
83,T,Could you build  it on your desk and believe it,Fraction as Number 5_Grade 4.xlsx,False,True,False,False,False,False,False
83,T,Do you all believe it,Fraction as Number 5_Grade 4.xlsx,False,True,False,False,False,False,False
83,T,Laura,Fraction as Number 5_Grade 4.xlsx,False,True,False,False,False,False,False
85,T,You built it on your desk,Fraction as Number 5_Grade 4.xlsx,False,True,False,False,False,False,False
85,T,Ah because Mark has another one to ask  you go ahead Mark,Fraction as Number 5_Grade 4.xlsx,False,True,False,False,False,False,False
87,T,Light green right,Fraction as Number 5_Grade 4.xlsx,False,True,False,False,False,False,False
90,T,Why,Fraction as Number 5_Grade 4.xlsx,False,False,False,False,True,False,False
92,T,Okay very nice thank you Mark,Fraction as Number 5_Grade 4.xlsx,False,False,True,False,False,False,False
92,T,Who has another one,Fraction as Number 5_Grade 4.xlsx,False,True,False,False,False,False,False
92,T,A hard  one,Fraction as Number 5_Grade 4.xlsx,False,True,False,False,False,False,False
94,T,A really really hard one,Fraction as Number 5_Grade 4.xlsx,False,False,True,False,False,False,False
94,T,I think I think Jacquelyn and Kelly have a  hard one,Fraction as Number 5_Grade 4.xlsx,False,False,True,False,False,False,False
94,T,Do you have different ones or the same one,Fraction as Number 5_Grade 4.xlsx,False,True,False,False,False,False,False
94,T,Okay why  don t you both come up,Fraction as Number 5_Grade 4.xlsx,False,True,False,False,False,False,False
94,T,Try to stump us now,Fraction as Number 5_Grade 4.xlsx,False,False,True,False,False,False,False
94,T,Uh oh a hard one,Fraction as Number 5_Grade 4.xlsx,False,False,True,False,False,False,False
96,T,If we call the white rod one what number name would we give to  the orange,Fraction as Number 5_Grade 4.xlsx,False,False,False,True,False,False,False
99,T,And and how would you how would you convince me,Fraction as Number 5_Grade 4.xlsx,False,False,False,True,False,False,False
101,T,I have one for you,Fraction as Number 5_Grade 4.xlsx,False,False,True,False,False,False,False
101,T,If I call the orange rod one what number name  would I give to the white rod,Fraction as Number 5_Grade 4.xlsx,False,False,False,True,False,False,False
101,T,Oh Michael has his hand up,Fraction as Number 5_Grade 4.xlsx,False,False,True,False,False,False,False
101,T,Whisper it to me Michael,Fraction as Number 5_Grade 4.xlsx,False,True,False,False,False,False,False
101,T,You people have the  number names for it,Fraction as Number 5_Grade 4.xlsx,False,False,True,False,False,False,False
101,T,You understand the question if I m calling  the orange rod one what number name would I give to the white  rod,Fraction as Number 5_Grade 4.xlsx,False,False,False,True,False,False,False
103,T,If you know it raise your hand,Fraction as Number 5_Grade 4.xlsx,False,True,False,False,False,False,False
103,T,Okay Jacquelyn you tell us,Fraction as Number 5_Grade 4.xlsx,False,True,False,False,False,False,False
105,T,How many think one tenth,Fraction as Number 5_Grade 4.xlsx,False,True,False,False,False,False,False
105,T,Why one tenth,Fraction as Number 5_Grade 4.xlsx,False,False,False,False,True,False,False
105,T,Jacquelyn,Fraction as Number 5_Grade 4.xlsx,False,True,False,False,False,False,False
107,T,So if you add up one tenth up how many times would you be  adding one tenth,Fraction as Number 5_Grade 4.xlsx,False,False,False,True,False,False,False
109,T,Ten times,Fraction as Number 5_Grade 4.xlsx,False,True,False,False,False,False,False
109,T,Is that true Sarah is that what you were gonna say,Fraction as Number 5_Grade 4.xlsx,False,True,False,False,False,False,False
109,T,Okay wow what a what a smart class,Fraction as Number 5_Grade 4.xlsx,False,False,True,False,False,False,False
111,T,You have a real hard one Erik,Fraction as Number 5_Grade 4.xlsx,False,True,False,False,False,False,False
111,T,Lets hear from Meredith and then  well hear from you because Meredith gave me one before I said  no thatll take us probably a week,Fraction as Number 5_Grade 4.xlsx,False,True,False,False,False,False,False
111,T,We only have a few minutes,Fraction as Number 5_Grade 4.xlsx,False,False,True,False,False,False,False
113,T,Okay if purple were one half what would one be,Fraction as Number 5_Grade 4.xlsx,False,False,False,True,False,False,False
115,T,What would you do to convince us,Fraction as Number 5_Grade 4.xlsx,False,False,False,True,False,False,False
115,T,Youre really getting to know  these,Fraction as Number 5_Grade 4.xlsx,False,False,True,False,False,False,False
117,T,Okay that s really great,Fraction as Number 5_Grade 4.xlsx,False,False,True,False,False,False,False
117,T,Okay you are really wonderful,Fraction as Number 5_Grade 4.xlsx,False,False,True,False,False,False,False
1,T,Okay that s really great,Fraction as Number 6_Grade 4.xlsx,False,False,True,False,False,False,False
1,T,Okay you are really wonderful,Fraction as Number 6_Grade 4.xlsx,False,False,True,False,False,False,False
1,T,We have about five more minutes where we can do some  problem solving and then put these things away,Fraction as Number 6_Grade 4.xlsx,False,False,True,False,False,False,False
1,T,This is what  I would like you to do,Fraction as Number 6_Grade 4.xlsx,False,False,True,False,False,False,False
1,T,I would like you to take a turn to  make a problem that will challenge your partner,Fraction as Number 6_Grade 4.xlsx,False,False,True,False,False,False,False
3,T,And ask your partner that problem,Fraction as Number 6_Grade 4.xlsx,False,True,False,False,False,False,False
5,T,And make your partner convince you and then you switch  roles then your partner has to make up a problem and ask  you right,Fraction as Number 6_Grade 4.xlsx,False,True,False,False,False,False,False
5,T,And you have to convince your partner,Fraction as Number 6_Grade 4.xlsx,False,False,True,False,False,False,False
5,T,So we  are gonna come and listen to you,Fraction as Number 6_Grade 4.xlsx,False,False,True,False,False,False,False
7,T,You you can actually just do it with the rods but  you have to make up a problem for your partner and with the  rods and your partner will make one up for you and then  after you ve done that successfully I d like you to try this is  called  try to stump your partner,Fraction as Number 6_Grade 4.xlsx,False,False,True,False,False,False,False
9,T,This looks interesting,Fraction as Number 6_Grade 4.xlsx,False,False,True,False,False,False,False
9,T,Are you experimenting,Fraction as Number 6_Grade 4.xlsx,False,True,False,False,False,False,False
11,T,Okay let us know when you ve got a problem,Fraction as Number 6_Grade 4.xlsx,False,False,True,False,False,False,False
15,T,You going to give it to Alan,Fraction as Number 6_Grade 4.xlsx,False,True,False,False,False,False,False
17,T,I want to hear these,Fraction as Number 6_Grade 4.xlsx,False,False,True,False,False,False,False
19,T,What would be what,Fraction as Number 6_Grade 4.xlsx,False,False,False,True,False,False,False
21,T,One what would one be,Fraction as Number 6_Grade 4.xlsx,False,False,False,True,False,False,False
25,T,Can you show us and prove it,Fraction as Number 6_Grade 4.xlsx,False,False,False,True,False,False,False
26,T,You have to make it convincing,Fraction as Number 6_Grade 4.xlsx,False,False,True,False,False,False,False
27,T,Looks like you were doing it in your heads,Fraction as Number 6_Grade 4.xlsx,False,False,True,False,False,False,False
29,T,Doing it in your head,Fraction as Number 6_Grade 4.xlsx,False,True,False,False,False,False,False
32,T,Let s see,Fraction as Number 6_Grade 4.xlsx,False,False,True,False,False,False,False
34,T,So it takes three of them,Fraction as Number 6_Grade 4.xlsx,False,True,False,False,False,False,False
36,T,Let s hear Alan s,Fraction as Number 6_Grade 4.xlsx,False,True,False,False,False,False,False
40,T,It s a good one,Fraction as Number 6_Grade 4.xlsx,False,False,True,False,False,False,False
44,T,Are you going to let him get off that easily,Fraction as Number 6_Grade 4.xlsx,False,True,False,False,False,False,False
47,T,Just in case you couldn t remember it in your head you  should always be able to go back and prove it,Fraction as Number 6_Grade 4.xlsx,False,False,True,False,False,False,False
49,T,Oh,Fraction as Number 6_Grade 4.xlsx,False,False,True,False,False,False,False
51,T,Clever,Fraction as Number 6_Grade 4.xlsx,False,False,True,False,False,False,False
51,T,So you re using  Oh I m sorry,Fraction as Number 6_Grade 4.xlsx,False,False,True,False,False,False,False
53,T,You re using the staircase then to help you so you don t  have to do all that,Fraction as Number 6_Grade 4.xlsx,False,False,True,False,False,False,False
53,T,That s very clever,Fraction as Number 6_Grade 4.xlsx,False,False,True,False,False,False,False
54,T,Yeah why not,Fraction as Number 6_Grade 4.xlsx,False,True,False,False,False,False,False
55,T,I have one for you,Fraction as Number 6_Grade 4.xlsx,False,False,True,False,False,False,False
57,T,Okay let me see,Fraction as Number 6_Grade 4.xlsx,False,False,True,False,False,False,False
57,T,No that s too easy let s see,Fraction as Number 6_Grade 4.xlsx,False,False,True,False,False,False,False
57,T,Okay,Fraction as Number 6_Grade 4.xlsx,False,False,True,False,False,False,False
57,T,If I call this two what would one look  like,Fraction as Number 6_Grade 4.xlsx,False,False,False,True,False,False,False
57,T,Which rod would one be,Fraction as Number 6_Grade 4.xlsx,False,False,False,True,False,False,False
59,T,That s two,Fraction as Number 6_Grade 4.xlsx,False,False,False,False,False,True,False
62,T,Okay why,Fraction as Number 6_Grade 4.xlsx,False,False,False,False,True,False,False
64,T,Umm,Fraction as Number 6_Grade 4.xlsx,False,False,True,False,False,False,False
67,T,Clever,Fraction as Number 6_Grade 4.xlsx,False,False,True,False,False,False,False
67,T,Okay go ahead,Fraction as Number 6_Grade 4.xlsx,False,True,False,False,False,False,False
85,T,Okay alright this is very interesting but I think you  probably should start to pack up your rods because I think we  have five more minutes,Fraction as Number 6_Grade 4.xlsx,False,False,True,False,False,False,False
1,T,Anyway do you know why youre here,Gang of Four_Grade 4.xlsx,False,True,False,False,False,False,False
4,T,About the tower,Gang of Four_Grade 4.xlsx,False,False,False,False,False,False,True
4,T,Milin,Gang of Four_Grade 4.xlsx,False,True,False,False,False,False,False
6,T,Yeah yeah yeah,Gang of Four_Grade 4.xlsx,False,False,True,False,False,False,False
6,T,You know the tower problem,Gang of Four_Grade 4.xlsx,False,True,False,False,False,False,False
8,T,Yeah the last one in class you did remember what that was  about,Gang of Four_Grade 4.xlsx,False,True,False,False,False,False,False
12,T,The towers of 5,Gang of Four_Grade 4.xlsx,False,False,False,False,False,True,False
12,T,And do you remember what you did with  those towers of 5,Gang of Four_Grade 4.xlsx,False,True,False,False,False,False,False
15,T,And tell me about it,Gang of Four_Grade 4.xlsx,False,False,False,True,False,False,False
15,T,What was the problem,Gang of Four_Grade 4.xlsx,False,False,False,True,False,False,False
20,T,Any 5 blocks,Gang of Four_Grade 4.xlsx,False,True,False,False,False,False,False
23,T,Okay and did you figure that out,Gang of Four_Grade 4.xlsx,False,True,False,False,False,False,False
25,T,And what is it do you remember,Gang of Four_Grade 4.xlsx,False,False,False,True,False,False,False
27,T,You sure of it,Gang of Four_Grade 4.xlsx,False,True,False,False,False,False,False
29,T,How could you be so sure,Gang of Four_Grade 4.xlsx,False,False,False,True,False,False,False
31,T,How could you be so sure,Gang of Four_Grade 4.xlsx,False,False,False,True,False,False,False
33,T,Yes in the room,Gang of Four_Grade 4.xlsx,False,False,True,False,False,False,False
35,T,You dont feel like convincing me again okay,Gang of Four_Grade 4.xlsx,False,False,True,False,False,False,False
35,T,Okay but I  remember saying to you Jeff and I remember saying to you Michelle and to you Stephanie and Stephanie did try to  work on towers of 6 And I asked all of you,Gang of Four_Grade 4.xlsx,False,False,True,False,False,False,False
38,T,You did it,Gang of Four_Grade 4.xlsx,False,False,False,False,False,False,True
38,T,If you were building towers of 6 how many  would there be,Gang of Four_Grade 4.xlsx,False,False,False,True,False,False,False
41,T,But do you know how many,Gang of Four_Grade 4.xlsx,False,False,False,True,False,False,False
44,T,Why do you think 64,Gang of Four_Grade 4.xlsx,False,False,False,False,True,False,False
46,T,Whats that,Gang of Four_Grade 4.xlsx,False,True,False,False,False,False,False
48,T,Times what by 2,Gang of Four_Grade 4.xlsx,False,False,False,True,False,False,False
52,T,See Jeff okay okay,Gang of Four_Grade 4.xlsx,False,False,True,False,False,False,False
56,T,So 4 would be for what,Gang of Four_Grade 4.xlsx,False,False,False,True,False,False,False
58,T,Okay,Gang of Four_Grade 4.xlsx,False,False,True,False,False,False,False
60,T,Okay but let me let me hear what Michelle has to say,Gang of Four_Grade 4.xlsx,False,True,False,False,False,False,False
62,T,Do you agree with that,Gang of Four_Grade 4.xlsx,True,False,False,False,False,False,False
65,T,Lets lets stop here,Gang of Four_Grade 4.xlsx,False,False,True,False,False,False,False
67,T,Okay lets lets get a piece of paper and write down what  youre saying and see if you all agree,Gang of Four_Grade 4.xlsx,False,False,True,False,False,False,False
67,T,And I think Jeff  hasnt been with us for a while and he doesnt know what  were talking about but lets take one at a time,Gang of Four_Grade 4.xlsx,False,False,True,False,False,False,False
67,T,And lets  just agree as were moving along,Gang of Four_Grade 4.xlsx,False,False,True,False,False,False,False
67,T,Go go ahead Michelle,Gang of Four_Grade 4.xlsx,False,True,False,False,False,False,False
69,T,Okay write that down,Gang of Four_Grade 4.xlsx,False,False,True,False,False,False,False
69,T,2,Gang of Four_Grade 4.xlsx,False,False,False,False,False,True,False
69,T,Do do you agree with that,Gang of Four_Grade 4.xlsx,True,False,False,False,False,False,False
69,T,Do you know what shes talking about,Gang of Four_Grade 4.xlsx,False,True,False,False,False,False,False
71,T,One way to do it so its 2,Gang of Four_Grade 4.xlsx,False,True,False,False,False,False,False
76,T,All right lets go on,Gang of Four_Grade 4.xlsx,False,False,True,False,False,False,False
79,T,Okay but hold on,Gang of Four_Grade 4.xlsx,False,False,True,False,False,False,False
81,T,All right,Gang of Four_Grade 4.xlsx,False,False,True,False,False,False,False
81,T,Write the 4 down,Gang of Four_Grade 4.xlsx,False,False,True,False,False,False,False
81,T,But I dont can you explain to  me  why from 2 you get to 4,Gang of Four_Grade 4.xlsx,False,False,False,False,True,False,False
81,T,Milin tell me  why,Gang of Four_Grade 4.xlsx,False,False,False,False,True,False,False
84,T,Shh,Gang of Four_Grade 4.xlsx,False,False,True,False,False,False,False
84,T,Let her finish,Gang of Four_Grade 4.xlsx,False,True,False,False,False,False,False
84,T,Okay,Gang of Four_Grade 4.xlsx,False,False,True,False,False,False,False
86,T,Do you understand what hes talking about,Gang of Four_Grade 4.xlsx,False,True,False,False,False,False,False
86,T,You all understand what hes talking about,Gang of Four_Grade 4.xlsx,False,True,False,False,False,False,False
86,T,All right so so we agree 4,Gang of Four_Grade 4.xlsx,False,False,True,False,False,False,False
86,T,What happens if  youre building towers 3 high,Gang of Four_Grade 4.xlsx,False,False,False,True,False,False,False
86,T,What did you say it would  be,Gang of Four_Grade 4.xlsx,False,False,False,True,False,False,False
89,T,Write 8 down,Gang of Four_Grade 4.xlsx,False,False,False,False,False,False,True
89,T,Can can you give me an argument you dont  have to do it why we jump from 4 to 8,Gang of Four_Grade 4.xlsx,False,False,False,False,True,False,False
91,T,Thats what Jeff wants to know,Gang of Four_Grade 4.xlsx,False,False,False,False,False,False,True
91,T,So shh,Gang of Four_Grade 4.xlsx,False,False,True,False,False,False,False
91,T,Go slowly,Gang of Four_Grade 4.xlsx,False,False,True,False,False,False,False
91,T,Its Jeff  youre convincing,Gang of Four_Grade 4.xlsx,False,False,True,False,False,False,False
91,T,Not me,Gang of Four_Grade 4.xlsx,False,False,True,False,False,False,False
91,T,Jeff,Gang of Four_Grade 4.xlsx,False,False,True,False,False,False,False
95,T,That doesnt help Jeff understand,Gang of Four_Grade 4.xlsx,False,False,True,False,False,False,False
95,T,I know,Gang of Four_Grade 4.xlsx,False,False,True,False,False,False,False
95,T,Okay,Gang of Four_Grade 4.xlsx,False,False,True,False,False,False,False
95,T,One at  a time,Gang of Four_Grade 4.xlsx,False,False,True,False,False,False,False
97,T,Yeah thats what hes saying,Gang of Four_Grade 4.xlsx,False,False,True,False,False,False,False
100,T,Okay go ahead Stephanie,Gang of Four_Grade 4.xlsx,False,True,False,False,False,False,False
106,T,But why 8,Gang of Four_Grade 4.xlsx,False,False,False,False,True,False,False
106,T,Jeff wants to know,Gang of Four_Grade 4.xlsx,False,False,True,False,False,False,False
106,T,Go ahead  let let Milin persuade Jeff,Gang of Four_Grade 4.xlsx,False,True,False,False,False,False,False
108,T,Which one of what,Gang of Four_Grade 4.xlsx,False,False,False,True,False,False,False
108,T,These 4,Gang of Four_Grade 4.xlsx,False,True,False,False,False,False,False
110,T,Which way are you adding it,Gang of Four_Grade 4.xlsx,False,False,False,True,False,False,False
110,T,Where are you putting that  one more color Milin,Gang of Four_Grade 4.xlsx,False,False,False,True,False,False,False
112,T,So this one with red on the bottom and blue on the top,Gang of Four_Grade 4.xlsx,False,False,False,True,False,False,False
114,T,Do you agree with that you could put a blue or red on top  and that would be,Gang of Four_Grade 4.xlsx,True,False,False,False,False,False,False
117,T,No this is bluered,Gang of Four_Grade 4.xlsx,False,False,True,False,False,False,False
120,T,Do you find what Milin is saying,Gang of Four_Grade 4.xlsx,False,True,False,False,False,False,False
120,T,And down  here you could put,Gang of Four_Grade 4.xlsx,False,False,False,True,False,False,False
122,T,Do you understand that,Gang of Four_Grade 4.xlsx,False,True,False,False,False,False,False
122,T,So do you see how  you get 8,Gang of Four_Grade 4.xlsx,False,True,False,False,False,False,False
122,T,Do you agree with that,Gang of Four_Grade 4.xlsx,True,False,False,False,False,False,False
127,T,Lets get another piece of paper,Gang of Four_Grade 4.xlsx,False,False,True,False,False,False,False
127,T,Would you give me another  piece of paper please,Gang of Four_Grade 4.xlsx,False,False,True,False,False,False,False
127,T,Go ahead Jeff show me what,Gang of Four_Grade 4.xlsx,False,False,False,True,False,False,False
129,T,Eight blocks with 2 colors,Gang of Four_Grade 4.xlsx,False,False,False,False,False,True,False
129,T,Okay what lets see this,Gang of Four_Grade 4.xlsx,False,False,True,False,False,False,False
133,T,Why dont you do that,Gang of Four_Grade 4.xlsx,False,False,False,True,False,False,False
133,T,See what happens,Gang of Four_Grade 4.xlsx,False,False,True,False,False,False,False
133,T,Its what he  thought he saw you do but thats interesting maybe you  didnt know you were doing that Michelle,Gang of Four_Grade 4.xlsx,False,False,True,False,False,False,False
133,T,But look blue redblueredblueredbluered,Gang of Four_Grade 4.xlsx,False,False,True,False,False,False,False
133,T,He saw you alternating them  on the bottom,Gang of Four_Grade 4.xlsx,False,False,True,False,False,False,False
135,T,So so youre saying that all of these are alternating and  these are opposite alternating,Gang of Four_Grade 4.xlsx,False,True,False,False,False,False,False
135,T,Look this is blueredblue redblueredbluered,Gang of Four_Grade 4.xlsx,False,False,True,False,False,False,False
139,T,Listen to Milin,Gang of Four_Grade 4.xlsx,False,True,False,False,False,False,False
144,T,She wasnt finished,Gang of Four_Grade 4.xlsx,False,False,True,False,False,False,False
144,T,She wasnt crossing them out yet  because she hadnt finished the tops,Gang of Four_Grade 4.xlsx,False,False,True,False,False,False,False
144,T,Is that right Michelle,Gang of Four_Grade 4.xlsx,False,True,False,False,False,False,False
146,T,Can you tell me a little bit about how you would get the 8  now from here,Gang of Four_Grade 4.xlsx,False,False,False,True,False,False,False
146,T,Mil I like Milin was was helping me a  minute ago or someone was helping,Gang of Four_Grade 4.xlsx,False,False,True,False,False,False,False
146,T,I even forget who it  was,Gang of Four_Grade 4.xlsx,False,False,True,False,False,False,False
148,T,Do you agree with that Jeff,Gang of Four_Grade 4.xlsx,True,False,False,False,False,False,False
150,T,Okay,Gang of Four_Grade 4.xlsx,False,False,True,False,False,False,False
150,T,So,Gang of Four_Grade 4.xlsx,False,False,True,False,False,False,False
152,T,Okay now imagine we have our 8,Gang of Four_Grade 4.xlsx,False,False,True,False,False,False,False
152,T,Where where do we go  from 8,Gang of Four_Grade 4.xlsx,False,False,False,True,False,False,False
152,T,Because I heard Michelle say 12,Gang of Four_Grade 4.xlsx,False,False,True,False,False,False,False
154,T,Well what is it,Gang of Four_Grade 4.xlsx,False,False,False,True,False,False,False
154,T,Stephanie,Gang of Four_Grade 4.xlsx,False,True,False,False,False,False,False
156,T,Okay Jeff isnt convinced you have the 8 here so you were  going to fast,Gang of Four_Grade 4.xlsx,False,False,True,False,False,False,False
164,T,Redbluered,Gang of Four_Grade 4.xlsx,False,False,False,False,False,False,True
166,T,Any ideas Stephanie how to show from 4 to 8,Gang of Four_Grade 4.xlsx,False,False,False,True,False,False,False
168,T,How about you Jeff,Gang of Four_Grade 4.xlsx,False,False,False,True,False,False,False
168,T,Before Milin said you understood  when he got 4,Gang of Four_Grade 4.xlsx,False,False,True,False,False,False,False
170,T,Okay now if this is what he got for 4 and if you understood  what he just talked about can you write down these 4 and  use his idea to see if you could build 8,Gang of Four_Grade 4.xlsx,False,True,False,False,False,False,False
170,T,Why dont you write  these down what he has here,Gang of Four_Grade 4.xlsx,False,False,True,False,False,False,False
170,T,These 4,Gang of Four_Grade 4.xlsx,False,False,True,False,False,False,False
170,T,Start with these 4  because thats what Milin said to start with,Gang of Four_Grade 4.xlsx,False,False,True,False,False,False,False
170,T,These 4,Gang of Four_Grade 4.xlsx,False,False,True,False,False,False,False
172,T,Youre going to run out of space if youre going to build  them up,Gang of Four_Grade 4.xlsx,False,False,True,False,False,False,False
174,T,Okay thats fine,Gang of Four_Grade 4.xlsx,False,False,True,False,False,False,False
174,T,Does it matter,Gang of Four_Grade 4.xlsx,False,True,False,False,False,False,False
176,T,Okay now what was his idea,Gang of Four_Grade 4.xlsx,False,False,False,True,False,False,False
178,T,But hold on,Gang of Four_Grade 4.xlsx,False,False,True,False,False,False,False
178,T,He said,Gang of Four_Grade 4.xlsx,False,False,True,False,False,False,False
178,T,Thats not what Milin said,Gang of Four_Grade 4.xlsx,False,False,True,False,False,False,False
180,T,Lets wait  til hes finished thinking a minute and ask him  because I think thats the key to it to know what Milin said  and to see if that makes sense,Gang of Four_Grade 4.xlsx,False,False,True,False,False,False,False
182,T,Okay Milin lets talk about this one,Gang of Four_Grade 4.xlsx,False,False,True,False,False,False,False
182,T,He had this right,Gang of Four_Grade 4.xlsx,False,True,False,False,False,False,False
184,T,Now he said from here add a blue,Gang of Four_Grade 4.xlsx,False,False,True,False,False,False,False
184,T,Is that what you said,Gang of Four_Grade 4.xlsx,False,True,False,False,False,False,False
187,T,No he wants to add on the bottom,Gang of Four_Grade 4.xlsx,False,False,True,False,False,False,False
189,T,Okay,Gang of Four_Grade 4.xlsx,False,False,True,False,False,False,False
189,T,But he put a bottom  B  here,Gang of Four_Grade 4.xlsx,False,False,True,False,False,False,False
192,T,Okay but Hold on,Gang of Four_Grade 4.xlsx,False,False,True,False,False,False,False
194,T,Time out for a minute,Gang of Four_Grade 4.xlsx,False,False,True,False,False,False,False
194,T,Im getting very confused because all  of you are talking and you have all different ideas and I  think it would help me if we got one idea on the table at a  time,Gang of Four_Grade 4.xlsx,False,False,True,False,False,False,False
194,T,Now the one idea that we have on the table that I wish  we would explore before we hear all the new ideas is this  one here,Gang of Four_Grade 4.xlsx,False,False,True,False,False,False,False
194,T,Now I would like all of you to consider what Milin said here,Gang of Four_Grade 4.xlsx,False,False,True,False,False,False,False
195,T,Do you all see that,Gang of Four_Grade 4.xlsx,False,True,False,False,False,False,False
195,T,Get another piece of  paper and write this down,Gang of Four_Grade 4.xlsx,False,False,True,False,False,False,False
195,T,Maybe write in the middle so we  could build them both ways and see if theres a difference,Gang of Four_Grade 4.xlsx,False,False,True,False,False,False,False
195,T,You dont have to cross off what you did,Gang of Four_Grade 4.xlsx,False,False,True,False,False,False,False
195,T,Now what you  have here in this space is on the bottom redblueredblue,Gang of Four_Grade 4.xlsx,False,False,True,False,False,False,False
195,T,And on the top you have blueredredblue,Gang of Four_Grade 4.xlsx,False,False,True,False,False,False,False
196,T,See if you put this right,Gang of Four_Grade 4.xlsx,False,False,True,False,False,False,False
197,T,But hold on a minute,Gang of Four_Grade 4.xlsx,False,False,True,False,False,False,False
197,T,Let everyone get this down,Gang of Four_Grade 4.xlsx,False,False,True,False,False,False,False
197,T,You  might want to separate them too,Gang of Four_Grade 4.xlsx,False,False,True,False,False,False,False
197,T,Might be a good idea to do  it just the way Milin or Michelle wrote it,Gang of Four_Grade 4.xlsx,False,False,True,False,False,False,False
197,T,I only want to see  4 down there because were looking at Milins strategy,Gang of Four_Grade 4.xlsx,False,False,True,False,False,False,False
197,T,Thats not what Milin did,Gang of Four_Grade 4.xlsx,False,False,True,False,False,False,False
197,T,You made a chart,Gang of Four_Grade 4.xlsx,False,False,True,False,False,False,False
197,T,Milin didnt  do that,Gang of Four_Grade 4.xlsx,False,False,True,False,False,False,False
197,T,Im interested in,Gang of Four_Grade 4.xlsx,False,False,True,False,False,False,False
197,T,Okay,Gang of Four_Grade 4.xlsx,False,False,True,False,False,False,False
197,T,Milin  actually drew pictures or Michelle drew these pictures,Gang of Four_Grade 4.xlsx,False,False,True,False,False,False,False
197,T,Right,Gang of Four_Grade 4.xlsx,False,False,True,False,False,False,False
197,T,Did you draw this Michelle or Milin,Gang of Four_Grade 4.xlsx,False,True,False,False,False,False,False
197,T,You draw  pictures of what these towers are going to look like,Gang of Four_Grade 4.xlsx,False,False,True,False,False,False,False
197,T,And see  thats not really quite the same,Gang of Four_Grade 4.xlsx,False,False,True,False,False,False,False
197,T,Thats interesting,Gang of Four_Grade 4.xlsx,False,False,True,False,False,False,False
200,T,Now what I think Milin is asking us all to do is is to  imagine in front of us can you all see in front of you the  towers of 2 that are these colors,Gang of Four_Grade 4.xlsx,False,True,False,False,False,False,False
200,T,Can you all imagine that in  your mind,Gang of Four_Grade 4.xlsx,False,True,False,False,False,False,False
200,T,Can you see the first one,Gang of Four_Grade 4.xlsx,False,True,False,False,False,False,False
200,T,Red on the bottom,Gang of Four_Grade 4.xlsx,False,True,False,False,False,False,False
200,T,Blue on top,Gang of Four_Grade 4.xlsx,False,True,False,False,False,False,False
200,T,Do you see that in your mind in the middle of  the table there,Gang of Four_Grade 4.xlsx,False,True,False,False,False,False,False
200,T,Can you see it,Gang of Four_Grade 4.xlsx,False,True,False,False,False,False,False
200,T,The other one blue on the  bottom red on the top,Gang of Four_Grade 4.xlsx,False,False,True,False,False,False,False
200,T,I see these 4 towers,Gang of Four_Grade 4.xlsx,False,False,True,False,False,False,False
200,T,Now Milin is  calling our attention to this first tower,Gang of Four_Grade 4.xlsx,False,False,True,False,False,False,False
200,T,Right,Gang of Four_Grade 4.xlsx,False,False,True,False,False,False,False
200,T,Red on the  bottom and blue on the top,Gang of Four_Grade 4.xlsx,False,False,True,False,False,False,False
200,T,And what is he asking us to do  with it,Gang of Four_Grade 4.xlsx,False,False,False,True,False,False,False
202,T,Right put another blue,Gang of Four_Grade 4.xlsx,False,False,False,False,False,False,True
202,T,Now can you draw a picture of  what that tower will looks like of 3,Gang of Four_Grade 4.xlsx,False,False,True,False,False,False,False
202,T,This is a tower of 3,Gang of Four_Grade 4.xlsx,False,False,True,False,False,False,False
202,T,Hes putting another blue,Gang of Four_Grade 4.xlsx,False,False,True,False,False,False,False
202,T,Now he chooses to put it on the  top or bottom Milin,Gang of Four_Grade 4.xlsx,False,False,False,True,False,False,False
202,T,Next question well ask of you,Gang of Four_Grade 4.xlsx,False,False,True,False,False,False,False
204,T,Okay Milin can you show us in the middle here what you  just did with that one tower,Gang of Four_Grade 4.xlsx,False,False,False,True,False,False,False
204,T,Thank you,Gang of Four_Grade 4.xlsx,False,False,True,False,False,False,False
206,T,From from this one tower,Gang of Four_Grade 4.xlsx,False,True,False,False,False,False,False
208,T,So what youre what youre telling me here if I could if I  could make my picture if I were doing what Milin asked me  to do where we had a blue and red what hes telling me to  do is hes saying from this tower Im going to put a blue on  the top,Gang of Four_Grade 4.xlsx,False,False,False,False,False,False,True
210,T,Or from this tower Im going to put a red on the top,Gang of Four_Grade 4.xlsx,False,False,False,False,False,False,True
210,T,Is that what youre telling me to do,Gang of Four_Grade 4.xlsx,False,True,False,False,False,False,False
210,T,So from this  tower we get these two,Gang of Four_Grade 4.xlsx,False,True,False,False,False,False,False
210,T,Is that what,Gang of Four_Grade 4.xlsx,False,False,True,False,False,False,False
212,T,Does that make any sense,Gang of Four_Grade 4.xlsx,False,True,False,False,False,False,False
214,T,I guess what what Im confused about Jeff is you took this  one with blue and red and you only put a blue on the top,Gang of Four_Grade 4.xlsx,False,False,True,False,False,False,False
214,T,And youve only done youve only made this one,Gang of Four_Grade 4.xlsx,False,False,True,False,False,False,False
214,T,Milin is  telling you could also make this one,Gang of Four_Grade 4.xlsx,False,False,True,False,False,False,False
214,T,That you couldve  put,Gang of Four_Grade 4.xlsx,False,False,True,False,False,False,False
216,T,Where is that,Gang of Four_Grade 4.xlsx,False,False,False,True,False,False,False
216,T,Red on the bottom blue,Gang of Four_Grade 4.xlsx,False,False,True,False,False,False,False
218,T,From this one you couldve put two things on the top,Gang of Four_Grade 4.xlsx,False,False,True,False,False,False,False
218,T,You  only put one,Gang of Four_Grade 4.xlsx,False,False,True,False,False,False,False
218,T,From this one you could,Gang of Four_Grade 4.xlsx,False,False,True,False,False,False,False
220,T,Does that make sense what hes talking about,Gang of Four_Grade 4.xlsx,False,True,False,False,False,False,False
220,T,And hes  saying so from these 4,Gang of Four_Grade 4.xlsx,False,False,True,False,False,False,False
222,T,So tell me now convince Jeff why its going to be 8   why  its going to be double,Gang of Four_Grade 4.xlsx,False,False,False,False,True,False,False
225,T,And whats different about the way you did it Michelle,Gang of Four_Grade 4.xlsx,False,False,False,True,False,False,False
227,T,Thats not what Milin did,Gang of Four_Grade 4.xlsx,False,False,True,False,False,False,False
227,T,He did something very different,Gang of Four_Grade 4.xlsx,False,False,True,False,False,False,False
227,T,How about you Steph,Gang of Four_Grade 4.xlsx,False,False,False,True,False,False,False
229,T,Is yours different than the way Milin did it,Gang of Four_Grade 4.xlsx,False,True,False,False,False,False,False
232,T,In what way,Gang of Four_Grade 4.xlsx,False,False,False,True,False,False,False
234,T,I didnt see him do that,Gang of Four_Grade 4.xlsx,False,False,True,False,False,False,False
236,T,Thats not what he did,Gang of Four_Grade 4.xlsx,False,False,True,False,False,False,False
236,T,He started with red and blue,Gang of Four_Grade 4.xlsx,False,False,True,False,False,False,False
236,T,Right,Gang of Four_Grade 4.xlsx,False,False,True,False,False,False,False
236,T,And from this red,Gang of Four_Grade 4.xlsx,False,False,True,False,False,False,False
239,T,He put a red on top,Gang of Four_Grade 4.xlsx,False,False,True,False,False,False,False
241,T,You put a red on top,Gang of Four_Grade 4.xlsx,False,False,True,False,False,False,False
241,T,And a blue on top,Gang of Four_Grade 4.xlsx,False,False,False,False,False,False,True
241,T,So weve got blue  red red red,Gang of Four_Grade 4.xlsx,False,False,True,False,False,False,False
241,T,And from the blue,Gang of Four_Grade 4.xlsx,False,False,True,False,False,False,False
243,T,A red on top,Gang of Four_Grade 4.xlsx,False,False,True,False,False,False,False
243,T,Thats how he got his redblue,Gang of Four_Grade 4.xlsx,False,False,True,False,False,False,False
243,T,And then he  put a blue on top and got blueblue,Gang of Four_Grade 4.xlsx,False,False,True,False,False,False,False
247,T,So what Im hearing you say is that youre just you  believe this 8 but you say guessing,Gang of Four_Grade 4.xlsx,False,False,True,False,False,False,False
247,T,Why does  that sound like guessing,Gang of Four_Grade 4.xlsx,False,False,False,False,True,False,False
250,T,Yeah but you havent hes proved to me from the 4 you  could only make 8,Gang of Four_Grade 4.xlsx,False,False,True,False,False,False,False
250,T,You could get two from this one and  two from this one and two from this one and two from this  one,Gang of Four_Grade 4.xlsx,False,False,True,False,False,False,False
257,T,Take another piece of paper if you want to because it sounds  like your approach is a little different,Gang of Four_Grade 4.xlsx,False,False,True,False,False,False,False
259,T,You gotta convince me there are 8 and only 8,Gang of Four_Grade 4.xlsx,False,False,True,False,False,False,False
259,T,No more or  fewer,Gang of Four_Grade 4.xlsx,False,False,True,False,False,False,False
261,T,Now now Jeff this is this might be a little different here,Gang of Four_Grade 4.xlsx,False,False,True,False,False,False,False
261,T,Lets see whats going on here,Gang of Four_Grade 4.xlsx,False,False,True,False,False,False,False
263,T,Okay no blues,Gang of Four_Grade 4.xlsx,False,False,True,False,False,False,False
265,T,Okay,Gang of Four_Grade 4.xlsx,False,False,True,False,False,False,False
267,T,Anything else,Gang of Four_Grade 4.xlsx,False,False,False,True,False,False,False
273,T,Thats not what she said,Gang of Four_Grade 4.xlsx,False,False,True,False,False,False,False
273,T,Let her finish,Gang of Four_Grade 4.xlsx,False,True,False,False,False,False,False
273,T,Thats what you  would do,Gang of Four_Grade 4.xlsx,False,False,True,False,False,False,False
273,T,Lets hear what Stephanie does,Gang of Four_Grade 4.xlsx,False,True,False,False,False,False,False
273,T,Maybe shes not  the same,Gang of Four_Grade 4.xlsx,False,False,True,False,False,False,False
275,T,You buy that,Gang of Four_Grade 4.xlsx,True,False,False,False,False,False,False
275,T,Thats all there is of those,Gang of Four_Grade 4.xlsx,False,True,False,False,False,False,False
275,T,Okay,Gang of Four_Grade 4.xlsx,False,False,True,False,False,False,False
277,T,You have no blues and now you have exactly one blue,Gang of Four_Grade 4.xlsx,False,False,True,False,False,False,False
279,T,Okay lets see that,Gang of Four_Grade 4.xlsx,False,False,True,False,False,False,False
290,T,Lets hear how how Steph well hear well hear that other  way,Gang of Four_Grade 4.xlsx,False,True,False,False,False,False,False
290,T,Thats interesting,Gang of Four_Grade 4.xlsx,False,False,True,False,False,False,False
290,T,Okay now so what youve done so  far is,Gang of Four_Grade 4.xlsx,False,False,False,True,False,False,False
292,T,Okay,Gang of Four_Grade 4.xlsx,False,False,True,False,False,False,False
292,T,No blues,Gang of Four_Grade 4.xlsx,False,False,True,False,False,False,False
294,T,One blue and two blues,Gang of Four_Grade 4.xlsx,False,False,False,False,False,False,True
294,T,But Milin just said you dont have  all two blues and you said thats why is that,Gang of Four_Grade 4.xlsx,False,False,False,False,True,False,False
297,T,Okay now what are you doing Stephanie,Gang of Four_Grade 4.xlsx,False,False,False,True,False,False,False
300,T,Okay,Gang of Four_Grade 4.xlsx,False,False,True,False,False,False,False
302,T,Separated,Gang of Four_Grade 4.xlsx,False,True,False,False,False,False,False
304,T,Okay so Milin wanted to stick that in earlier I thought and Michelle right,Gang of Four_Grade 4.xlsx,False,True,False,False,False,False,False
372,T,How many if youre making towers of 4,Gang of Four_Grade 4.xlsx,False,False,False,True,False,False,False
376,T,You agree Jeff,Gang of Four_Grade 4.xlsx,True,False,False,False,False,False,False
379,T,Jeff why do you agree,Gang of Four_Grade 4.xlsx,True,False,False,False,False,False,False
379,T,Dont let them go by so easily,Gang of Four_Grade 4.xlsx,False,False,True,False,False,False,False
379,T,This  could be pressure here,Gang of Four_Grade 4.xlsx,False,False,True,False,False,False,False
381,T,Make a drawing for your sentence showing it,Gang of Four_Grade 4.xlsx,False,False,True,False,False,False,False
386,T,And so thats for towers of,Gang of Four_Grade 4.xlsx,False,False,False,True,False,False,False
393,T,Why did you say 12 Michelle,Gang of Four_Grade 4.xlsx,False,False,False,False,True,False,False
398,T,Is that true Michelle,Gang of Four_Grade 4.xlsx,False,True,False,False,False,False,False
398,T,Poor Michelle its okay,Gang of Four_Grade 4.xlsx,False,False,True,False,False,False,False
398,T,You think  12 or 16 Michelle,Gang of Four_Grade 4.xlsx,False,False,False,True,False,False,False
400,T,Michelle thinks 16,Gang of Four_Grade 4.xlsx,False,False,False,False,False,False,True
400,T,Now now you made towers of 5 in  class and what did you get,Gang of Four_Grade 4.xlsx,False,False,False,True,False,False,False
404,T,Does that work the same way,Gang of Four_Grade 4.xlsx,False,True,False,False,False,False,False
411,T,Okay how many in 10,Gang of Four_Grade 4.xlsx,False,False,False,True,False,False,False
411,T,You know the answer,Gang of Four_Grade 4.xlsx,False,True,False,False,False,False,False
413,T,102400,Gang of Four_Grade 4.xlsx,False,False,False,False,False,True,False
414,T,Are you sure,Gang of Four_Grade 4.xlsx,False,True,False,False,False,False,False
417,T,Try to convince him,Gang of Four_Grade 4.xlsx,False,False,False,True,False,False,False
422,T,You could do that later,Gang of Four_Grade 4.xlsx,False,False,True,False,False,False,False
422,T,However you were saying you  know the answer but,Gang of Four_Grade 4.xlsx,False,False,True,False,False,False,False
433,T,What did you find then,Gang of Four_Grade 4.xlsx,False,False,False,True,False,False,False
434,T,What do you mean,Gang of Four_Grade 4.xlsx,False,False,False,True,False,False,False
436,T,Show me a little bit,Gang of Four_Grade 4.xlsx,False,False,False,True,False,False,False
438,T,Well lets lets take a look at what you had here,Gang of Four_Grade 4.xlsx,False,False,True,False,False,False,False
438,T,This this  is what Stephanie had guys,Gang of Four_Grade 4.xlsx,False,False,True,False,False,False,False
438,T,If you want to do it yourself for  a minute,Gang of Four_Grade 4.xlsx,False,False,True,False,False,False,False
438,T,When I asked Stephanie how many for towers of  10 what Stephanie why dont you say what you did to get  1024 and then lets talk about this,Gang of Four_Grade 4.xlsx,False,False,True,False,False,False,False
442,T,64 is Why dont you write that,Gang of Four_Grade 4.xlsx,False,False,True,False,False,False,False
442,T,Okay,Gang of Four_Grade 4.xlsx,False,False,True,False,False,False,False
442,T,Towers of 6,Gang of Four_Grade 4.xlsx,False,False,True,False,False,False,False
444,T,You agree with that,Gang of Four_Grade 4.xlsx,True,False,False,False,False,False,False
449,T,No no no lets hear what shes saying,Gang of Four_Grade 4.xlsx,False,True,False,False,False,False,False
449,T,Lets hear her  thinking,Gang of Four_Grade 4.xlsx,False,True,False,False,False,False,False
458,T,Except that this is where Im very very interested what she  did,Gang of Four_Grade 4.xlsx,False,False,True,False,False,False,False
458,T,How come she got something she got 512,Gang of Four_Grade 4.xlsx,False,False,False,False,True,False,False
460,T,So Is that so very wrong,Gang of Four_Grade 4.xlsx,True,False,False,False,False,False,False
464,T,So in other words could this have worked thats my  question,Gang of Four_Grade 4.xlsx,False,True,False,False,False,False,False
464,T,Now when would this work,Gang of Four_Grade 4.xlsx,False,False,False,True,False,False,False
464,T,Why didnt the 8  work,Gang of Four_Grade 4.xlsx,False,False,False,False,True,False,False
464,T,Why did you have to keep,Gang of Four_Grade 4.xlsx,False,False,False,False,True,False,False
467,T,Okay,Gang of Four_Grade 4.xlsx,False,False,True,False,False,False,False
467,T,So what youre suggesting is multiplying by 8 didnt  work,Gang of Four_Grade 4.xlsx,False,False,True,False,False,False,False
467,T,It gave you 512 which was,Gang of Four_Grade 4.xlsx,False,False,False,True,False,False,False
469,T,To 9 to 8,Gang of Four_Grade 4.xlsx,False,False,False,True,False,False,False
469,T,Or to 9,Gang of Four_Grade 4.xlsx,False,True,False,False,False,False,False
472,T,If I plugged in 8 or 9,Gang of Four_Grade 4.xlsx,False,False,False,True,False,False,False
474,T,Lets get another piece of paper and see what happened here  because this is just a mess,Gang of Four_Grade 4.xlsx,False,False,True,False,False,False,False
,T,Get me another piece of paper,Gang of Four_Grade 4.xlsx,False,False,True,False,False,False,False
,T,Lets start again,Gang of Four_Grade 4.xlsx,False,False,True,False,False,False,False
476,T,But you know what Im thinking Im thinking maybe what  we should do is I want you to I dont want to throw away,Gang of Four_Grade 4.xlsx,False,False,True,False,False,False,False
479,T,Right but why why didnt multiplying by 8 work when she  had towers of 6,Gang of Four_Grade 4.xlsx,True,False,False,False,False,False,False
481,T,Okay but why how could she be sure,Gang of Four_Grade 4.xlsx,True,False,False,False,False,False,False
481,T,In other words if 8  didnt work do you understand my my challenge to you,Gang of Four_Grade 4.xlsx,False,False,False,True,False,False,False
481,T,All you mathematicians here,Gang of Four_Grade 4.xlsx,False,False,True,False,False,False,False
481,T,My challenge to you is  I dont want to throw out this idea because you know  because if Stephanie has something here shell save you a  lot of work in the future right,Gang of Four_Grade 4.xlsx,True,False,False,False,False,False,False
481,T,If she has a good idea here,Gang of Four_Grade 4.xlsx,True,False,False,False,False,False,False
481,T,Do you understand the problem here,Gang of Four_Grade 4.xlsx,False,True,False,False,False,False,False
481,T,And I think what well  do I want to be sure,Gang of Four_Grade 4.xlsx,False,False,True,False,False,False,False
481,T,I dont know if Mrs Barnes is gone,Gang of Four_Grade 4.xlsx,False,False,True,False,False,False,False
481,T,I  want to be sure your T understands whats going on  here so to sort of push you to think about this so that next  time I come maybe you could invent another way,Gang of Four_Grade 4.xlsx,False,False,True,False,False,False,False
481,T,If I said  towers of,Gang of Four_Grade 4.xlsx,False,False,True,False,False,False,False
483,T,80,Gang of Four_Grade 4.xlsx,False,False,False,False,False,True,False
483,T,Now and I said Ill give you a calculator but you have  to know what to do with your calculator right,Gang of Four_Grade 4.xlsx,False,True,False,False,False,False,False
485,T,Well my question is lets not worry about that big problem  for a moment,Gang of Four_Grade 4.xlsx,False,False,True,False,False,False,False
485,T,Lets try to do it with a simple problem,Gang of Four_Grade 4.xlsx,False,False,True,False,False,False,False
485,T,Suppose you didnt know towers of 6 were 64 and towers of  7 were what did you say that was,Gang of Four_Grade 4.xlsx,False,False,False,True,False,False,False
485,T,What do you have there,Gang of Four_Grade 4.xlsx,False,False,False,True,False,False,False
487,T,128,Gang of Four_Grade 4.xlsx,False,True,False,False,False,False,False
487,T,Is that what you have Milin,Gang of Four_Grade 4.xlsx,False,True,False,False,False,False,False
489,T,And so,Gang of Four_Grade 4.xlsx,False,False,True,False,False,False,False
489,T,Suppose you didnt know that,Gang of Four_Grade 4.xlsx,False,False,True,False,False,False,False
489,T,How could you jump  from towers of 6 to towers of 10 without going through all  those steps and why,Gang of Four_Grade 4.xlsx,False,False,False,False,True,False,False
491,T,But isnt that a nice challenging question,Gang of Four_Grade 4.xlsx,False,True,False,False,False,False,False
491,T,I have one more  question to get to,Gang of Four_Grade 4.xlsx,False,False,True,False,False,False,False
491,T,Im going to put this one aside for a  minute because thats going to take some time,Gang of Four_Grade 4.xlsx,False,False,True,False,False,False,False
491,T,When we  come back then well talk about it,Gang of Four_Grade 4.xlsx,False,False,True,False,False,False,False
491,T,You could bring your  calculator Jeff,Gang of Four_Grade 4.xlsx,False,False,True,False,False,False,False
491,T,Fair enough,Gang of Four_Grade 4.xlsx,False,True,False,False,False,False,False
491,T,Okay now look,Gang of Four_Grade 4.xlsx,False,False,True,False,False,False,False
491,T,You said this  was like shirts and pants and I would like for you to say if  you agree its like shirts and pants,Gang of Four_Grade 4.xlsx,True,False,False,False,False,False,False
493,T,But why,Gang of Four_Grade 4.xlsx,False,False,False,False,True,False,False
495,T,Okay one at a time,Gang of Four_Grade 4.xlsx,False,False,True,False,False,False,False
495,T,Lets hear Jeff,Gang of Four_Grade 4.xlsx,False,True,False,False,False,False,False
497,T,In what way,Gang of Four_Grade 4.xlsx,False,False,False,True,False,False,False
499,T,Im not so sure I follow what youre saying,Gang of Four_Grade 4.xlsx,False,False,True,False,False,False,False
501,T,Stephanie is working on the towers of 10,Gang of Four_Grade 4.xlsx,False,False,True,False,False,False,False
507,T,Me too Im lost too,Gang of Four_Grade 4.xlsx,False,False,True,False,False,False,False
510,T,But when I dont understand,Gang of Four_Grade 4.xlsx,False,False,True,False,False,False,False
510,T,Hold on,Gang of Four_Grade 4.xlsx,False,False,True,False,False,False,False
515,T,Can can we call time out for a minute,Gang of Four_Grade 4.xlsx,False,True,False,False,False,False,False
517,T,Yeah Im a little lost and Jeff is lost,Gang of Four_Grade 4.xlsx,False,False,True,False,False,False,False
517,T,And I dont know how Michelle is doing here,Gang of Four_Grade 4.xlsx,False,False,True,False,False,False,False
518,T,And you two can continue this when  we leave and work this out,Gang of Four_Grade 4.xlsx,False,False,True,False,False,False,False
518,T,However,Gang of Four_Grade 4.xlsx,False,False,True,False,False,False,False
519,T,Finish your fight,Gang of Four_Grade 4.xlsx,False,False,True,False,False,False,False
520,T,I dont really want you to really solve the problem for  towers of 80,Gang of Four_Grade 4.xlsx,False,False,True,False,False,False,False
520,T,I want you to solve the problem of towers of  10,Gang of Four_Grade 4.xlsx,False,False,True,False,False,False,False
522,T,But hold on you have to pretend you only know the answer  for towers of 6,Gang of Four_Grade 4.xlsx,False,False,True,False,False,False,False
524,T,Thats one way,Gang of Four_Grade 4.xlsx,False,False,True,False,False,False,False
527,T,Right with only multiplying by 1 number,Gang of Four_Grade 4.xlsx,False,False,True,False,False,False,False
527,T,And convince me  that that number makes sense to multiply by,Gang of Four_Grade 4.xlsx,False,False,True,False,False,False,False
527,T,Does that make  sense,Gang of Four_Grade 4.xlsx,False,True,False,False,False,False,False
527,T,Do you understand,Gang of Four_Grade 4.xlsx,False,True,False,False,False,False,False
530,T,Okay,Gang of Four_Grade 4.xlsx,False,False,True,False,False,False,False
530,T,Hold on,Gang of Four_Grade 4.xlsx,False,False,True,False,False,False,False
530,T,Time out,Gang of Four_Grade 4.xlsx,False,False,True,False,False,False,False
533,T,Well you sort of know it,Gang of Four_Grade 4.xlsx,False,False,True,False,False,False,False
533,T,But I want to save all those  intermediate steps because if you had to go to to build  towers of 80 lets see when you had to build towers of 2 of  2 how many times of 3 high how many times did you  multiply by 2,Gang of Four_Grade 4.xlsx,False,False,False,True,False,False,False
535,T,When you had to build towers of 3 how many times did you  need to multiply by 2,Gang of Four_Grade 4.xlsx,False,False,False,True,False,False,False
537,T,I said by 2,Gang of Four_Grade 4.xlsx,False,False,True,False,False,False,False
539,T,Okay 22,Gang of Four_Grade 4.xlsx,False,False,True,False,False,False,False
539,T,Thats one time you multiply it by 2,Gang of Four_Grade 4.xlsx,False,False,True,False,False,False,False
539,T,You got 4,Gang of Four_Grade 4.xlsx,False,False,True,False,False,False,False
539,T,Then you multiply by 2 again,Gang of Four_Grade 4.xlsx,False,False,False,True,False,False,False
541,T,And that gave you 8,Gang of Four_Grade 4.xlsx,False,False,False,False,False,False,True
541,T,So how many times did you multiply  by 2,Gang of Four_Grade 4.xlsx,False,False,False,True,False,False,False
543,T,Well twice,Gang of Four_Grade 4.xlsx,False,False,True,False,False,False,False
543,T,You multiplied it once,Gang of Four_Grade 4.xlsx,False,False,True,False,False,False,False
543,T,This is 22 once right,Gang of Four_Grade 4.xlsx,False,True,False,False,False,False,False
543,T,And then you multiplied it by 2 again right,Gang of Four_Grade 4.xlsx,False,True,False,False,False,False,False
543,T,22 let me  write this,Gang of Four_Grade 4.xlsx,False,False,True,False,False,False,False
543,T,22 gave you 4,Gang of Four_Grade 4.xlsx,False,False,True,False,False,False,False
543,T,That was one time,Gang of Four_Grade 4.xlsx,False,False,True,False,False,False,False
543,T,Then you  multiplied it by 2 again another time and you got 8,Gang of Four_Grade 4.xlsx,False,False,True,False,False,False,False
543,T,So you  multiplied it twice to build towers of 3 is that right,Gang of Four_Grade 4.xlsx,False,True,False,False,False,False,False
546,T,No,Gang of Four_Grade 4.xlsx,False,True,False,False,False,False,False
549,T,I think weve run out of time,Gang of Four_Grade 4.xlsx,False,False,True,False,False,False,False
551,T,Will you come back,Gang of Four_Grade 4.xlsx,False,True,False,False,False,False,False
553,T,Okay,Gang of Four_Grade 4.xlsx,False,False,True,False,False,False,False
553,T,Would you come back,Gang of Four_Grade 4.xlsx,False,True,False,False,False,False,False
553,T,Would you come back  another time,Gang of Four_Grade 4.xlsx,False,True,False,False,False,False,False
553,T,Can we come back another time,Gang of Four_Grade 4.xlsx,False,True,False,False,False,False,False
553,T,Okay next question is I want to know what this has to do  with shirts and pants,Gang of Four_Grade 4.xlsx,False,False,True,False,False,False,False
557,T,You can talk about it before and share it,Gang of Four_Grade 4.xlsx,False,False,True,False,False,False,False
559,T,What what,Gang of Four_Grade 4.xlsx,False,True,False,False,False,False,False
561,T,Yeah,Gang of Four_Grade 4.xlsx,False,False,True,False,False,False,False
564,T,Well thank you,Gang of Four_Grade 4.xlsx,False,False,True,False,False,False,False
564,T,This was great,Gang of Four_Grade 4.xlsx,False,False,True,False,False,False,False
564,T,Well thank you so very  much,Gang of Four_Grade 4.xlsx,False,False,True,False,False,False,False
564,T,This was fun,Gang of Four_Grade 4.xlsx,False,False,True,False,False,False,False
564,T,I love coming to talk to you about  math,Gang of Four_Grade 4.xlsx,False,False,True,False,False,False,False
566,T,My budding mathematicians here,Gang of Four_Grade 4.xlsx,False,False,True,False,False,False,False
